country_en,alpha_3,alpha_2,location,subdivision_en,subdivision_local,subdivision_code
Andorra,AND,AD,Western Europe,Canillo,Canillo,AD-02
Andorra,AND,AD,Western Europe,Encamp,Encamp,AD-03
Andorra,AND,AD,Western Europe,La Massana,La Massana,AD-04
Andorra,AND,AD,Western Europe,Ordino,Ordino,AD-05
Andorra,AND,AD,Western Europe,Sant Julià de Lòria,Sant Julià de Lòria,AD-06
Andorra,AND,AD,Western Europe,Andorra la Vella,Andorra la Vella,AD-07
Andorra,AND,AD,Western Europe,Escaldes-Engordany,Escaldes-Engordany,AD-08
United Arab Emirates,ARE,AE,Asia,‘Ajmān,‘Ajmān,AE-AJ
United Arab Emirates,ARE,AE,Asia,Abū Z̧aby,Abū Z̧aby,AE-AZ
United Arab Emirates,ARE,AE,Asia,Dubayy,Dubayy,AE-DU
United Arab Emirates,ARE,AE,Asia,Al Fujayrah,Al Fujayrah,AE-FU
United Arab Emirates,ARE,AE,Asia,Ra’s al Khaymah,Ra’s al Khaymah,AE-RK
United Arab Emirates,ARE,AE,Asia,Ash Shāriqah,Ash Shāriqah,AE-SH
United Arab Emirates,ARE,AE,Asia,Umm al Qaywayn,Umm al Qaywayn,AE-UQ
Afghanistan,AFG,AF,Asia,Balkh,Balkh,AF-BAL
Afghanistan,AFG,AF,Asia,Bamyan,Bāmyān,AF-BAM
Afghanistan,AFG,AF,Asia,Badghis,Bādghīs,AF-BDG
Afghanistan,AFG,AF,Asia,Badakhshan,Badakhshān,AF-BDS
Afghanistan,AFG,AF,Asia,Baghlan,Baghlān,AF-BGL
Afghanistan,AFG,AF,Asia,Daykundi,Dāykundī,AF-DAY
Afghanistan,AFG,AF,Asia,Farah,Farāh,AF-FRA
Afghanistan,AFG,AF,Asia,Faryab,Fāryāb,AF-FYB
Afghanistan,AFG,AF,Asia,Ghazni,Ghaznī,AF-GHA
Afghanistan,AFG,AF,Asia,Ghōr,Ghōr,AF-GHO
Afghanistan,AFG,AF,Asia,Helmand,Helmand,AF-HEL
Afghanistan,AFG,AF,Asia,Herat,Herāt,AF-HER
Afghanistan,AFG,AF,Asia,Jowzjan,Jowzjān,AF-JOW
Afghanistan,AFG,AF,Asia,Kabul,Kābul,AF-KAB
Afghanistan,AFG,AF,Asia,Kandahar,Kandahār,AF-KAN
Afghanistan,AFG,AF,Asia,Kapisa,Kāpīsā,AF-KAP
Afghanistan,AFG,AF,Asia,Kunduz,Kunduz,AF-KDZ
Afghanistan,AFG,AF,Asia,Khost,Khōst,AF-KHO
Afghanistan,AFG,AF,Asia,Kunar,Kunaṟ,AF-KNR
Afghanistan,AFG,AF,Asia,Laghman,Laghmān,AF-LAG
Afghanistan,AFG,AF,Asia,Logar,Lōgar,AF-LOG
Afghanistan,AFG,AF,Asia,Nangarhar,Nangarhār,AF-NAN
Afghanistan,AFG,AF,Asia,Nimruz,Nīmrōz,AF-NIM
Afghanistan,AFG,AF,Asia,Nuristan,Nūristān,AF-NUR
Afghanistan,AFG,AF,Asia,Panjshir,Panjshayr,AF-PAN
Afghanistan,AFG,AF,Asia,Parwan,Parwān,AF-PAR
Afghanistan,AFG,AF,Asia,Paktia,Paktiyā,AF-PIA
Afghanistan,AFG,AF,Asia,Paktika,Paktīkā,AF-PKA
Afghanistan,AFG,AF,Asia,Samangan,Samangān,AF-SAM
Afghanistan,AFG,AF,Asia,Sar-e Pol,Sar-e Pul,AF-SAR
Afghanistan,AFG,AF,Asia,Takhar,Takhār,AF-TAK
Afghanistan,AFG,AF,Asia,Urozgan,Uruzgān,AF-URU
Afghanistan,AFG,AF,Asia,Maidan Wardak,Wardak,AF-WAR
Afghanistan,AFG,AF,Asia,Zabul,Zābul,AF-ZAB
Antigua and Barbuda,ATG,AG,Central America,Saint George,Saint George,AG-03
Antigua and Barbuda,ATG,AG,Central America,Saint John,Saint John,AG-04
Antigua and Barbuda,ATG,AG,Central America,Saint Mary,Saint Mary,AG-05
Antigua and Barbuda,ATG,AG,Central America,Saint Paul,Saint Paul,AG-06
Antigua and Barbuda,ATG,AG,Central America,Saint Peter,Saint Peter,AG-07
Antigua and Barbuda,ATG,AG,Central America,Saint Philip,Saint Philip,AG-08
Antigua and Barbuda,ATG,AG,Central America,Barbuda,Barbuda,AG-10
Antigua and Barbuda,ATG,AG,Central America,Redonda,Redonda,AG-11
Albania,ALB,AL,Eastern Europe,Berat,Berat,AL-BR
Albania,ALB,AL,Eastern Europe,Bulqizë,Bulqizë,AL-BU
Albania,ALB,AL,Eastern Europe,Dibër,Dibër,AL-DI
Albania,ALB,AL,Eastern Europe,Delvinë,Delvinë,AL-DL
Albania,ALB,AL,Eastern Europe,Durrës,Durrës,AL-DR
Albania,ALB,AL,Eastern Europe,Devoll,Devoll,AL-DV
Albania,ALB,AL,Eastern Europe,Elbasan,Elbasan,AL-EL
Albania,ALB,AL,Eastern Europe,Kolonjë,Kolonjë,AL-ER
Albania,ALB,AL,Eastern Europe,Fier,Fier,AL-FR
Albania,ALB,AL,Eastern Europe,Gjirokastër,Gjirokastër,AL-GJ
Albania,ALB,AL,Eastern Europe,Gramsh,Gramsh,AL-GR
Albania,ALB,AL,Eastern Europe,Has,Has,AL-HA
Albania,ALB,AL,Eastern Europe,Kavajë,Kavajë,AL-KA
Albania,ALB,AL,Eastern Europe,Kurbin,Kurbin,AL-KB
Albania,ALB,AL,Eastern Europe,Kuçovë,Kuçovë,AL-KC
Albania,ALB,AL,Eastern Europe,Korçë,Korçë,AL-KO
Albania,ALB,AL,Eastern Europe,Krujë,Krujë,AL-KR
Albania,ALB,AL,Eastern Europe,Kukës,Kukës,AL-KU
Albania,ALB,AL,Eastern Europe,Librazhd,Librazhd,AL-LB
Albania,ALB,AL,Eastern Europe,Lezhë,Lezhë,AL-LE
Albania,ALB,AL,Eastern Europe,Lushnjë,Lushnjë,AL-LU
Albania,ALB,AL,Eastern Europe,Mallakastër,Mallakastër,AL-MK
Albania,ALB,AL,Eastern Europe,Malësi e Madhe,Malësi e Madhe,AL-MM
Albania,ALB,AL,Eastern Europe,Mirditë,Mirditë,AL-MR
Albania,ALB,AL,Eastern Europe,Mat,Mat,AL-MT
Albania,ALB,AL,Eastern Europe,Pogradec,Pogradec,AL-PG
Albania,ALB,AL,Eastern Europe,Peqin,Peqin,AL-PQ
Albania,ALB,AL,Eastern Europe,Përmet,Përmet,AL-PR
Albania,ALB,AL,Eastern Europe,Pukë,Pukë,AL-PU
Albania,ALB,AL,Eastern Europe,Shkodër,Shkodër,AL-SH
Albania,ALB,AL,Eastern Europe,Skrapar,Skrapar,AL-SK
Albania,ALB,AL,Eastern Europe,Sarandë,Sarandë,AL-SR
Albania,ALB,AL,Eastern Europe,Tepelenë,Tepelenë,AL-TE
Albania,ALB,AL,Eastern Europe,Tropojë,Tropojë,AL-TP
Albania,ALB,AL,Eastern Europe,Tiranë,Tiranë,AL-TR
Albania,ALB,AL,Eastern Europe,Vlorë,Vlorë,AL-VL
Armenia,ARM,AM,Eastern Europe,Aragatsotn,Aragac̣otn,AM-AG
Armenia,ARM,AM,Eastern Europe,Ararat,Ararat,AM-AR
Armenia,ARM,AM,Eastern Europe,Armavir,Armavir,AM-AV
Armenia,ARM,AM,Eastern Europe,Yerevan,Erevan,AM-ER
Armenia,ARM,AM,Eastern Europe,Gegharkunik,Geġark'unik',AM-GR
Armenia,ARM,AM,Eastern Europe,Kotayk,Kotayk',AM-KT
Armenia,ARM,AM,Eastern Europe,Lori,Loṙi,AM-LO
Armenia,ARM,AM,Eastern Europe,Shirak,Širak,AM-SH
Armenia,ARM,AM,Eastern Europe,Syunik,Syunik',AM-SU
Armenia,ARM,AM,Eastern Europe,Tavush,Tavuš,AM-TV
Armenia,ARM,AM,Eastern Europe,Vayots Dzor,Vayoć Jor,AM-VD
Angola,AGO,AO,Southern Africa,Bengo,Bengo,AO-BGO
Angola,AGO,AO,Southern Africa,Benguela,Benguela,AO-BGU
Angola,AGO,AO,Southern Africa,Bie,Bié,AO-BIE
Angola,AGO,AO,Southern Africa,Cabinda,Cabinda,AO-CAB
Angola,AGO,AO,Southern Africa,Cuando Cubango,Cuando Cubango,AO-CCU
Angola,AGO,AO,Southern Africa,Cunene,Cunene,AO-CNN
Angola,AGO,AO,Southern Africa,North Cuanza,Cuanza-Norte,AO-CNO
Angola,AGO,AO,Southern Africa,South Cuanza,Cuanza-Sul,AO-CUS
Angola,AGO,AO,Southern Africa,Huambo,Huambo,AO-HUA
Angola,AGO,AO,Southern Africa,Huila,Huíla,AO-HUI
Angola,AGO,AO,Southern Africa,North Lunda,Lunda-Norte,AO-LNO
Angola,AGO,AO,Southern Africa,South Lunda,Lunda-Sul,AO-LSU
Angola,AGO,AO,Southern Africa,Luanda,Luanda,AO-LUA
Angola,AGO,AO,Southern Africa,Malanje,Malange,AO-MAL
Angola,AGO,AO,Southern Africa,Moxico,Moxico,AO-MOX
Angola,AGO,AO,Southern Africa,Namibe,Namibe,AO-NAM
Angola,AGO,AO,Southern Africa,Uige,Uíge,AO-UIG
Angola,AGO,AO,Southern Africa,Zaire,Zaire,AO-ZAI
Argentina,ARG,AR,South America,Salta,Salta,AR-A
Argentina,ARG,AR,South America,Buenos Aires,Buenos Aires,AR-B
Argentina,ARG,AR,South America,Ciudad Autónoma de Buenos Aires,Ciudad Autónoma de Buenos Aires,AR-C
Argentina,ARG,AR,South America,San Luis,San Luis,AR-D
Argentina,ARG,AR,South America,Entre Ríos,Entre Ríos,AR-E
Argentina,ARG,AR,South America,La Rioja,La Rioja,AR-F
Argentina,ARG,AR,South America,Santiago del Estero,Santiago del Estero,AR-G
Argentina,ARG,AR,South America,Chaco,Chaco,AR-H
Argentina,ARG,AR,South America,San Juan,San Juan,AR-J
Argentina,ARG,AR,South America,Catamarca,Catamarca,AR-K
Argentina,ARG,AR,South America,La Pampa,La Pampa,AR-L
Argentina,ARG,AR,South America,Mendoza,Mendoza,AR-M
Argentina,ARG,AR,South America,Misiones,Misiones,AR-N
Argentina,ARG,AR,South America,Formosa,Formosa,AR-P
Argentina,ARG,AR,South America,Neuquén,Neuquén,AR-Q
Argentina,ARG,AR,South America,Río Negro,Río Negro,AR-R
Argentina,ARG,AR,South America,Santa Fe,Santa Fe,AR-S
Argentina,ARG,AR,South America,Tucumán,Tucumán,AR-T
Argentina,ARG,AR,South America,Chubut,Chubut,AR-U
Argentina,ARG,AR,South America,Tierra del Fuego,Tierra del Fuego,AR-V
Argentina,ARG,AR,South America,Corrientes,Corrientes,AR-W
Argentina,ARG,AR,South America,Córdoba,Córdoba,AR-X
Argentina,ARG,AR,South America,Jujuy,Jujuy,AR-Y
Argentina,ARG,AR,South America,Santa Cruz,Santa Cruz,AR-Z
Austria,AUT,AT,Eastern Europe,Burgenland,Burgenland,AT-1
Austria,AUT,AT,Eastern Europe,Carinthia,Kärnten,AT-2
Austria,AUT,AT,Eastern Europe,Lower Austria,Niederösterreich,AT-3
Austria,AUT,AT,Eastern Europe,Upper Austria,Oberösterreich,AT-4
Austria,AUT,AT,Eastern Europe,Salzburg,Salzburg,AT-5
Austria,AUT,AT,Eastern Europe,Styria,Steiermark,AT-6
Austria,AUT,AT,Eastern Europe,Tyrol,Tirol,AT-7
Austria,AUT,AT,Eastern Europe,Vorarlberg,Vorarlberg,AT-8
Austria,AUT,AT,Eastern Europe,Vienna,Wien,AT-9
Australia,AUS,AU,Oceania,Australian Capital Territory,Australian Capital Territory,AU-ACT
Australia,AUS,AU,Oceania,New South Wales,New South Wales,AU-NSW
Australia,AUS,AU,Oceania,Northern Territory,Northern Territory,AU-NT
Australia,AUS,AU,Oceania,Queensland,Queensland,AU-QLD
Australia,AUS,AU,Oceania,South Australia,South Australia,AU-SA
Australia,AUS,AU,Oceania,Tasmania,Tasmania,AU-TAS
Australia,AUS,AU,Oceania,Victoria,Victoria,AU-VIC
Australia,AUS,AU,Oceania,Western Australia,Western Australia,AU-WA
Azerbaijan,AZE,AZ,Eastern Europe,Absheron,Abşeron,AZ-ABS
Azerbaijan,AZE,AZ,Eastern Europe,Aghstafa,Ağstafa,AZ-AGA
Azerbaijan,AZE,AZ,Eastern Europe,Aghjabadi,Ağcabədi,AZ-AGC
Azerbaijan,AZE,AZ,Eastern Europe,Aghdam,Ağdam,AZ-AGM
Azerbaijan,AZE,AZ,Eastern Europe,Agdash,Ağdaş,AZ-AGS
Azerbaijan,AZE,AZ,Eastern Europe,Aghsu,Ağsu,AZ-AGU
Azerbaijan,AZE,AZ,Eastern Europe,Astara,Astara,AZ-AST
Azerbaijan,AZE,AZ,Eastern Europe,Baku,Bakı,AZ-BA
Azerbaijan,AZE,AZ,Eastern Europe,Babek,Babək,AZ-BAB
Azerbaijan,AZE,AZ,Eastern Europe,Balakan,Balakən,AZ-BAL
Azerbaijan,AZE,AZ,Eastern Europe,Barda,Bərdə,AZ-BAR
Azerbaijan,AZE,AZ,Eastern Europe,Beylagan,Beyləqan,AZ-BEY
Azerbaijan,AZE,AZ,Eastern Europe,Bilasuvar,Biləsuvar,AZ-BIL
Azerbaijan,AZE,AZ,Eastern Europe,Jabrayil,Cəbrayıl,AZ-CAB
Azerbaijan,AZE,AZ,Eastern Europe,Jalilabad,Cəlilabad,AZ-CAL
Azerbaijan,AZE,AZ,Eastern Europe,Julfa,Culfa,AZ-CUL
Azerbaijan,AZE,AZ,Eastern Europe,Dashkasan,Daşkəsən,AZ-DAS
Azerbaijan,AZE,AZ,Eastern Europe,Fuzuli,Füzuli,AZ-FUZ
Azerbaijan,AZE,AZ,Eastern Europe,Ganja,Gəncə,AZ-GA
Azerbaijan,AZE,AZ,Eastern Europe,Gadabay,Gədəbəy,AZ-GAD
Azerbaijan,AZE,AZ,Eastern Europe,Goranboy,Goranboy,AZ-GOR
Azerbaijan,AZE,AZ,Eastern Europe,Goychay,Göyçay,AZ-GOY
Azerbaijan,AZE,AZ,Eastern Europe,Goygol,Göygöl,AZ-GYG
Azerbaijan,AZE,AZ,Eastern Europe,Hajigabul,Hacıqabul,AZ-HAC
Azerbaijan,AZE,AZ,Eastern Europe,Imishli,İmişli,AZ-IMI
Azerbaijan,AZE,AZ,Eastern Europe,Ismayilli,İsmayıllı,AZ-ISM
Azerbaijan,AZE,AZ,Eastern Europe,Kalbajar,Kəlbəcər,AZ-KAL
Azerbaijan,AZE,AZ,Eastern Europe,Kangarli,Kǝngǝrli,AZ-KAN
Azerbaijan,AZE,AZ,Eastern Europe,Kurdamir,Kürdəmir,AZ-KUR
Azerbaijan,AZE,AZ,Eastern Europe,Lankaran City,Lənkəran,AZ-LA
Azerbaijan,AZE,AZ,Eastern Europe,Lachin,Laçın,AZ-LAC
Azerbaijan,AZE,AZ,Eastern Europe,Lankaran,Lənkəran,AZ-LAN
Azerbaijan,AZE,AZ,Eastern Europe,Lerik,Lerik,AZ-LER
Azerbaijan,AZE,AZ,Eastern Europe,Masally,Masallı,AZ-MAS
Azerbaijan,AZE,AZ,Eastern Europe,Mingachevir,Mingəçevir,AZ-MI
Azerbaijan,AZE,AZ,Eastern Europe,Naftalan,Naftalan,AZ-NA
Azerbaijan,AZE,AZ,Eastern Europe,Neftchala,Neftçala,AZ-NEF
Azerbaijan,AZE,AZ,Eastern Europe,Nakhchivan City,Naxçıvan,AZ-NV
Azerbaijan,AZE,AZ,Eastern Europe,Oghuz,Oğuz,AZ-OGU
Azerbaijan,AZE,AZ,Eastern Europe,Ordubad,Ordubad,AZ-ORD
Azerbaijan,AZE,AZ,Eastern Europe,Gabala,Qəbələ,AZ-QAB
Azerbaijan,AZE,AZ,Eastern Europe,Gakh,Qax,AZ-QAX
Azerbaijan,AZE,AZ,Eastern Europe,Gazakh,Qazax,AZ-QAZ
Azerbaijan,AZE,AZ,Eastern Europe,Guba,Quba,AZ-QBA
Azerbaijan,AZE,AZ,Eastern Europe,Gubadlı,Qubadlı,AZ-QBI
Azerbaijan,AZE,AZ,Eastern Europe,Gobustan,Qobustan,AZ-QOB
Azerbaijan,AZE,AZ,Eastern Europe,Gusar,Qusar,AZ-QUS
Azerbaijan,AZE,AZ,Eastern Europe,Shaki City,Şəki,AZ-SA
Azerbaijan,AZE,AZ,Eastern Europe,Sabirabad,Sabirabad,AZ-SAB
Azerbaijan,AZE,AZ,Eastern Europe,Sadarak,Sədərək,AZ-SAD
Azerbaijan,AZE,AZ,Eastern Europe,Shahbuz,Şahbuz,AZ-SAH
Azerbaijan,AZE,AZ,Eastern Europe,Shaki,Şəki,AZ-SAK
Azerbaijan,AZE,AZ,Eastern Europe,Salyan,Salyan,AZ-SAL
Azerbaijan,AZE,AZ,Eastern Europe,Sharur,Şərur,AZ-SAR
Azerbaijan,AZE,AZ,Eastern Europe,Saatly,Saatlı,AZ-SAT
Azerbaijan,AZE,AZ,Eastern Europe,Shabran,Şabran,AZ-SBN
Azerbaijan,AZE,AZ,Eastern Europe,Siyazan,Siyəzən,AZ-SIY
Azerbaijan,AZE,AZ,Eastern Europe,Shamkir,Şəmkir,AZ-SKR
Azerbaijan,AZE,AZ,Eastern Europe,Sumgayit,Sumqayıt,AZ-SM
Azerbaijan,AZE,AZ,Eastern Europe,Shamakhi,Şamaxı,AZ-SMI
Azerbaijan,AZE,AZ,Eastern Europe,Samukh,Samux,AZ-SMX
Azerbaijan,AZE,AZ,Eastern Europe,Shirvan,Şirvan,AZ-SR
Azerbaijan,AZE,AZ,Eastern Europe,Shusha,Şuşa,AZ-SUS
Azerbaijan,AZE,AZ,Eastern Europe,Tartar,Tərtər,AZ-TAR
Azerbaijan,AZE,AZ,Eastern Europe,Tovuz,Tovuz,AZ-TOV
Azerbaijan,AZE,AZ,Eastern Europe,Ujar,Ucar,AZ-UCA
Azerbaijan,AZE,AZ,Eastern Europe,Khankendi,Xankəndi,AZ-XA
Azerbaijan,AZE,AZ,Eastern Europe,Khachmaz,Xaçmaz,AZ-XAC
Azerbaijan,AZE,AZ,Eastern Europe,Khojaly,Xocalı,AZ-XCI
Azerbaijan,AZE,AZ,Eastern Europe,Khizi,Xızı,AZ-XIZ
Azerbaijan,AZE,AZ,Eastern Europe,Khojavend,Xocavənd,AZ-XVD
Azerbaijan,AZE,AZ,Eastern Europe,Yardimli,Yardımlı,AZ-YAR
Azerbaijan,AZE,AZ,Eastern Europe,Yevlakh City,Yevlax,AZ-YE
Azerbaijan,AZE,AZ,Eastern Europe,Yevlakh,Yevlax,AZ-YEV
Azerbaijan,AZE,AZ,Eastern Europe,Zangilan,Zəngilan,AZ-ZAN
Azerbaijan,AZE,AZ,Eastern Europe,Zagatala,Zaqatala,AZ-ZAQ
Azerbaijan,AZE,AZ,Eastern Europe,Zardab,Zərdab,AZ-ZAR
Bosnia and Herzegovina,BIH,BA,Eastern Europe,Federation of Bosnia and Herzegovina,Federacija Bosne i Hercegovine,BA-BIH
Bosnia and Herzegovina,BIH,BA,Eastern Europe,Brčko District,Brčko Distrikt,BA-BRC
Bosnia and Herzegovina,BIH,BA,Eastern Europe,Republika Srpska,Republika Srpska,BA-SRP
Barbados,BRB,BB,North America,Christ Church,Christ Church,BB-01
Barbados,BRB,BB,North America,Saint Andrew,Saint Andrew,BB-02
Barbados,BRB,BB,North America,Saint George,Saint George,BB-03
Barbados,BRB,BB,North America,Saint James,Saint James,BB-04
Barbados,BRB,BB,North America,Saint John,Saint John,BB-05
Barbados,BRB,BB,North America,Saint Joseph,Saint Joseph,BB-06
Barbados,BRB,BB,North America,Saint Lucy,Saint Lucy,BB-07
Barbados,BRB,BB,North America,Saint Michael,Saint Michael,BB-08
Barbados,BRB,BB,North America,Saint Peter,Saint Peter,BB-09
Barbados,BRB,BB,North America,Saint Philip,Saint Philip,BB-10
Barbados,BRB,BB,North America,Saint Thomas,Saint Thomas,BB-11
Bangladesh,BGD,BD,South Asia,Bandarban,Bandarban,BD-01
Bangladesh,BGD,BD,South Asia,Barguna,Barguna,BD-02
Bangladesh,BGD,BD,South Asia,Bogura,Bogura,BD-03
Bangladesh,BGD,BD,South Asia,Brahmanbaria,Brahmanbaria,BD-04
Bangladesh,BGD,BD,South Asia,Bagerhat,Bagerhat,BD-05
Bangladesh,BGD,BD,South Asia,Barishal,Barishal,BD-06
Bangladesh,BGD,BD,South Asia,Bhola,Bhola,BD-07
Bangladesh,BGD,BD,South Asia,Cumilla,Cumilla,BD-08
Bangladesh,BGD,BD,South Asia,Chandpur,Chandpur,BD-09
Bangladesh,BGD,BD,South Asia,Chattogram,Chattogram,BD-10
Bangladesh,BGD,BD,South Asia,Cox's Bazar,Cox's Bazar,BD-11
Bangladesh,BGD,BD,South Asia,Chuadanga,Chuadanga,BD-12
Bangladesh,BGD,BD,South Asia,Dhaka,Dhaka,BD-13
Bangladesh,BGD,BD,South Asia,Dinajpur,Dinajpur,BD-14
Bangladesh,BGD,BD,South Asia,Faridpur,Faridpur,BD-15
Bangladesh,BGD,BD,South Asia,Feni,Feni,BD-16
Bangladesh,BGD,BD,South Asia,Gopalganj,Gopalganj,BD-17
Bangladesh,BGD,BD,South Asia,Gazipur,Gazipur,BD-18
Bangladesh,BGD,BD,South Asia,Gaibandha,Gaibandha,BD-19
Bangladesh,BGD,BD,South Asia,Habiganj,Habiganj,BD-20
Bangladesh,BGD,BD,South Asia,Jamalpur,Jamalpur,BD-21
Bangladesh,BGD,BD,South Asia,Jashore,Jashore,BD-22
Bangladesh,BGD,BD,South Asia,Jhenaidah,Jhenaidah,BD-23
Bangladesh,BGD,BD,South Asia,Joypurhat,Joypurhat,BD-24
Bangladesh,BGD,BD,South Asia,Jhalakathi,Jhalakathi,BD-25
Bangladesh,BGD,BD,South Asia,Kishoreganj,Kishoreganj,BD-26
Bangladesh,BGD,BD,South Asia,Khulna,Khulna,BD-27
Bangladesh,BGD,BD,South Asia,Kurigram,Kurigram,BD-28
Bangladesh,BGD,BD,South Asia,Khagrachhari,Khagrachhari,BD-29
Bangladesh,BGD,BD,South Asia,Kushtia,Kushtia,BD-30
Bangladesh,BGD,BD,South Asia,Lakshmipur,Lakshmipur,BD-31
Bangladesh,BGD,BD,South Asia,Lalmonirhat,Lalmonirhat,BD-32
Bangladesh,BGD,BD,South Asia,Manikganj,Manikganj,BD-33
Bangladesh,BGD,BD,South Asia,Mymensingh,Mymensingh,BD-34
Bangladesh,BGD,BD,South Asia,Munshiganj,Munshiganj,BD-35
Bangladesh,BGD,BD,South Asia,Madaripur,Madaripur,BD-36
Bangladesh,BGD,BD,South Asia,Magura,Magura,BD-37
Bangladesh,BGD,BD,South Asia,Moulvibazar,Moulvibazar,BD-38
Bangladesh,BGD,BD,South Asia,Meherpur,Meherpur,BD-39
Bangladesh,BGD,BD,South Asia,Narayanganj,Narayanganj,BD-40
Bangladesh,BGD,BD,South Asia,Netrakona,Netrakona,BD-41
Bangladesh,BGD,BD,South Asia,Narsingdi,Narsingdi,BD-42
Bangladesh,BGD,BD,South Asia,Narail,Narail,BD-43
Bangladesh,BGD,BD,South Asia,Natore,Natore,BD-44
Bangladesh,BGD,BD,South Asia,Chapai Nawabganj,Chapai Nawabganj,BD-45
Bangladesh,BGD,BD,South Asia,Nilphamari,Nilphamari,BD-46
Bangladesh,BGD,BD,South Asia,Noakhali,Noakhali,BD-47
Bangladesh,BGD,BD,South Asia,Naogaon,Naogaon,BD-48
Bangladesh,BGD,BD,South Asia,Pabna,Pabna,BD-49
Bangladesh,BGD,BD,South Asia,Pirojpur,Pirojpur,BD-50
Bangladesh,BGD,BD,South Asia,Patuakhali,Patuakhali,BD-51
Bangladesh,BGD,BD,South Asia,Panchagarh,Panchagarh,BD-52
Bangladesh,BGD,BD,South Asia,Rajbari,Rajbari,BD-53
Bangladesh,BGD,BD,South Asia,Rajshahi,Rajshahi,BD-54
Bangladesh,BGD,BD,South Asia,Rangpur,Rangpur,BD-55
Bangladesh,BGD,BD,South Asia,Rangamati,Rangamati,BD-56
Bangladesh,BGD,BD,South Asia,Sherpur,Sherpur,BD-57
Bangladesh,BGD,BD,South Asia,Satkhira,Satkhira,BD-58
Bangladesh,BGD,BD,South Asia,Sirajganj,Sirajganj,BD-59
Bangladesh,BGD,BD,South Asia,Sylhet,Sylhet,BD-60
Bangladesh,BGD,BD,South Asia,Sunamganj,Sunamganj,BD-61
Bangladesh,BGD,BD,South Asia,Shariatpur,Shariatpur,BD-62
Bangladesh,BGD,BD,South Asia,Tangail,Tangail,BD-63
Bangladesh,BGD,BD,South Asia,Thakurgaon,Thakurgaon,BD-64
Belgium,BEL,BE,Western Europe,Antwerp,Antwerpen (nl),BE-VAN
Belgium,BEL,BE,Western Europe,Flemish Brabant,Vlaams-Brabant (nl),BE-VBR
Belgium,BEL,BE,Western Europe,Limburg,Limburg (nl),BE-VLI
Belgium,BEL,BE,Western Europe,East Flanders,Oost-Vlaanderen (nl),BE-VOV
Belgium,BEL,BE,Western Europe,West Flanders,West-Vlaanderen (nl),BE-VWV
Belgium,BEL,BE,Western Europe,Walloon Brabant,Brabant wallon (fr),BE-WBR
Belgium,BEL,BE,Western Europe,Hainaut,Hainaut (fr),BE-WHT
Belgium,BEL,BE,Western Europe,Liège,Liège (fr),BE-WLG
Belgium,BEL,BE,Western Europe,Luxembourg,Luxembourg (fr),BE-WLX
Belgium,BEL,BE,Western Europe,Namur,Namur (fr),BE-WNA
Burkina Faso,BFA,BF,Western Africa,Balé,Balé,BF-BAL
Burkina Faso,BFA,BF,Western Africa,Bam,Bam,BF-BAM
Burkina Faso,BFA,BF,Western Africa,Banwa,Banwa,BF-BAN
Burkina Faso,BFA,BF,Western Africa,Bazèga,Bazèga,BF-BAZ
Burkina Faso,BFA,BF,Western Africa,Bougouriba,Bougouriba,BF-BGR
Burkina Faso,BFA,BF,Western Africa,Boulgou,Boulgou,BF-BLG
Burkina Faso,BFA,BF,Western Africa,Boulkiemdé,Boulkiemdé,BF-BLK
Burkina Faso,BFA,BF,Western Africa,Comoé,Comoé,BF-COM
Burkina Faso,BFA,BF,Western Africa,Ganzourgou,Ganzourgou,BF-GAN
Burkina Faso,BFA,BF,Western Africa,Gnagna,Gnagna,BF-GNA
Burkina Faso,BFA,BF,Western Africa,Gourma,Gourma,BF-GOU
Burkina Faso,BFA,BF,Western Africa,Houet,Houet,BF-HOU
Burkina Faso,BFA,BF,Western Africa,Ioba,Ioba,BF-IOB
Burkina Faso,BFA,BF,Western Africa,Kadiogo,Kadiogo,BF-KAD
Burkina Faso,BFA,BF,Western Africa,Kénédougou,Kénédougou,BF-KEN
Burkina Faso,BFA,BF,Western Africa,Komondjari,Komondjari,BF-KMD
Burkina Faso,BFA,BF,Western Africa,Kompienga,Kompienga,BF-KMP
Burkina Faso,BFA,BF,Western Africa,Koulpélogo,Koulpélogo,BF-KOP
Burkina Faso,BFA,BF,Western Africa,Kossi,Kossi,BF-KOS
Burkina Faso,BFA,BF,Western Africa,Kouritenga,Kouritenga,BF-KOT
Burkina Faso,BFA,BF,Western Africa,Kourwéogo,Kourwéogo,BF-KOW
Burkina Faso,BFA,BF,Western Africa,Léraba,Léraba,BF-LER
Burkina Faso,BFA,BF,Western Africa,Loroum,Loroum,BF-LOR
Burkina Faso,BFA,BF,Western Africa,Mouhoun,Mouhoun,BF-MOU
Burkina Faso,BFA,BF,Western Africa,Namentenga,Namentenga,BF-NAM
Burkina Faso,BFA,BF,Western Africa,Nahouri,Nahouri,BF-NAO
Burkina Faso,BFA,BF,Western Africa,Nayala,Nayala,BF-NAY
Burkina Faso,BFA,BF,Western Africa,Noumbiel,Noumbiel,BF-NOU
Burkina Faso,BFA,BF,Western Africa,Oubritenga,Oubritenga,BF-OUB
Burkina Faso,BFA,BF,Western Africa,Oudalan,Oudalan,BF-OUD
Burkina Faso,BFA,BF,Western Africa,Passoré,Passoré,BF-PAS
Burkina Faso,BFA,BF,Western Africa,Poni,Poni,BF-PON
Burkina Faso,BFA,BF,Western Africa,Séno,Séno,BF-SEN
Burkina Faso,BFA,BF,Western Africa,Sissili,Sissili,BF-SIS
Burkina Faso,BFA,BF,Western Africa,Sanmatenga,Sanmatenga,BF-SMT
Burkina Faso,BFA,BF,Western Africa,Sanguié,Sanguié,BF-SNG
Burkina Faso,BFA,BF,Western Africa,Soum,Soum,BF-SOM
Burkina Faso,BFA,BF,Western Africa,Sourou,Sourou,BF-SOR
Burkina Faso,BFA,BF,Western Africa,Tapoa,Tapoa,BF-TAP
Burkina Faso,BFA,BF,Western Africa,Tuy,Tuy,BF-TUI
Burkina Faso,BFA,BF,Western Africa,Yagha,Yagha,BF-YAG
Burkina Faso,BFA,BF,Western Africa,Yatenga,Yatenga,BF-YAT
Burkina Faso,BFA,BF,Western Africa,Ziro,Ziro,BF-ZIR
Burkina Faso,BFA,BF,Western Africa,Zondoma,Zondoma,BF-ZON
Burkina Faso,BFA,BF,Western Africa,Zoundwéogo,Zoundwéogo,BF-ZOU
Bulgaria,BGR,BG,Eastern Europe,Blagoevgrad,Blagoevgrad,BG-01
Bulgaria,BGR,BG,Eastern Europe,Burgas,Burgas,BG-02
Bulgaria,BGR,BG,Eastern Europe,Varna,Varna,BG-03
Bulgaria,BGR,BG,Eastern Europe,Veliko Tarnovo,Veliko Tarnovo,BG-04
Bulgaria,BGR,BG,Eastern Europe,Vidin,Vidin,BG-05
Bulgaria,BGR,BG,Eastern Europe,Vratsa,Vratsa,BG-06
Bulgaria,BGR,BG,Eastern Europe,Gabrovo,Gabrovo,BG-07
Bulgaria,BGR,BG,Eastern Europe,Dobrich,Dobrich,BG-08
Bulgaria,BGR,BG,Eastern Europe,Kardzhali,Kardzhali,BG-09
Bulgaria,BGR,BG,Eastern Europe,Kyustendil,Kyustendil,BG-10
Bulgaria,BGR,BG,Eastern Europe,Lovech,Lovech,BG-11
Bulgaria,BGR,BG,Eastern Europe,Montana,Montana,BG-12
Bulgaria,BGR,BG,Eastern Europe,Pazardzhik,Pazardzhik,BG-13
Bulgaria,BGR,BG,Eastern Europe,Pernik,Pernik,BG-14
Bulgaria,BGR,BG,Eastern Europe,Pleven,Pleven,BG-15
Bulgaria,BGR,BG,Eastern Europe,Plovdiv,Plovdiv,BG-16
Bulgaria,BGR,BG,Eastern Europe,Razgrad,Razgrad,BG-17
Bulgaria,BGR,BG,Eastern Europe,Ruse,Ruse,BG-18
Bulgaria,BGR,BG,Eastern Europe,Silistra,Silistra,BG-19
Bulgaria,BGR,BG,Eastern Europe,Sliven,Sliven,BG-20
Bulgaria,BGR,BG,Eastern Europe,Smolyan,Smolyan,BG-21
Bulgaria,BGR,BG,Eastern Europe,Sofia (stolitsa),Sofia (stolitsa),BG-22
Bulgaria,BGR,BG,Eastern Europe,Sofia,Sofia,BG-23
Bulgaria,BGR,BG,Eastern Europe,Stara Zagora,Stara Zagora,BG-24
Bulgaria,BGR,BG,Eastern Europe,Targovishte,Targovishte,BG-25
Bulgaria,BGR,BG,Eastern Europe,Haskovo,Haskovo,BG-26
Bulgaria,BGR,BG,Eastern Europe,Shumen,Shumen,BG-27
Bulgaria,BGR,BG,Eastern Europe,Yambol,Yambol,BG-28
Bahrain,BHR,BH,Asia,Capital Governorate,Al ‘Āşimah,BH-13
Bahrain,BHR,BH,Asia,Southern Governorate,Al Janūbīyah,BH-14
Bahrain,BHR,BH,Asia,Muharraq Governorate,Al Muḩarraq,BH-15
Bahrain,BHR,BH,Asia,Northern Governorate,Ash Shamālīyah,BH-17
Burundi,BDI,BI,Central Africa,Bubanza,Bubanza,BI-BB
Burundi,BDI,BI,Central Africa,Bujumbura Rural,Bujumbura Rural,BI-BL
Burundi,BDI,BI,Central Africa,Bujumbura Mairie,Bujumbura Mairie,BI-BM
Burundi,BDI,BI,Central Africa,Bururi,Bururi,BI-BR
Burundi,BDI,BI,Central Africa,Cankuzo,Cankuzo,BI-CA
Burundi,BDI,BI,Central Africa,Cibitoke,Cibitoke,BI-CI
Burundi,BDI,BI,Central Africa,Gitega,Gitega,BI-GI
Burundi,BDI,BI,Central Africa,Kirundo,Kirundo,BI-KI
Burundi,BDI,BI,Central Africa,Karuzi,Karuzi,BI-KR
Burundi,BDI,BI,Central Africa,Kayanza,Kayanza,BI-KY
Burundi,BDI,BI,Central Africa,Makamba,Makamba,BI-MA
Burundi,BDI,BI,Central Africa,Muramvya,Muramvya,BI-MU
Burundi,BDI,BI,Central Africa,Mwaro,Mwaro,BI-MW
Burundi,BDI,BI,Central Africa,Muyinga,Muyinga,BI-MY
Burundi,BDI,BI,Central Africa,Ngozi,Ngozi,BI-NG
Burundi,BDI,BI,Central Africa,Rumonge,Rumonge,BI-RM
Burundi,BDI,BI,Central Africa,Rutana,Rutana,BI-RT
Burundi,BDI,BI,Central Africa,Ruyigi,Ruyigi,BI-RY
Benin,BEN,BJ,Western Africa,Atacora,Atacora,BJ-AK
Benin,BEN,BJ,Western Africa,Alibori,Alibori,BJ-AL
Benin,BEN,BJ,Western Africa,Atlantique,Atlantique,BJ-AQ
Benin,BEN,BJ,Western Africa,Borgou,Borgou,BJ-BO
Benin,BEN,BJ,Western Africa,Collines,Collines,BJ-CO
Benin,BEN,BJ,Western Africa,Donga,Donga,BJ-DO
Benin,BEN,BJ,Western Africa,Couffo,Couffo,BJ-KO
Benin,BEN,BJ,Western Africa,Littoral,Littoral,BJ-LI
Benin,BEN,BJ,Western Africa,Mono,Mono,BJ-MO
Benin,BEN,BJ,Western Africa,Ouémé,Ouémé,BJ-OU
Benin,BEN,BJ,Western Africa,Plateau,Plateau,BJ-PL
Benin,BEN,BJ,Western Africa,Zou,Zou,BJ-ZO
Brunei Darussalam,BRN,BN,South-Eastern Asia,Belait,Belait,BN-BE
Brunei Darussalam,BRN,BN,South-Eastern Asia,Brunei-Muara,Brunei-Muara,BN-BM
Brunei Darussalam,BRN,BN,South-Eastern Asia,Temburong,Temburong,BN-TE
Brunei Darussalam,BRN,BN,South-Eastern Asia,Tutong,Tutong,BN-TU
Bolivia (Plurinational State of),BOL,BO,South America,El Beni,El Beni,BO-B
Bolivia (Plurinational State of),BOL,BO,South America,Cochabamba,Cochabamba,BO-C
Bolivia (Plurinational State of),BOL,BO,South America,Chuquisaca,Chuquisaca,BO-H
Bolivia (Plurinational State of),BOL,BO,South America,La Paz,La Paz,BO-L
Bolivia (Plurinational State of),BOL,BO,South America,Pando,Pando,BO-N
Bolivia (Plurinational State of),BOL,BO,South America,Oruro,Oruro,BO-O
Bolivia (Plurinational State of),BOL,BO,South America,Potosí,Potosí,BO-P
Bolivia (Plurinational State of),BOL,BO,South America,Santa Cruz,Santa Cruz,BO-S
Bolivia (Plurinational State of),BOL,BO,South America,Tarija,Tarija,BO-T
"Bonaire, Sint Eustatius and Saba",BES,BQ,Central America,Bonaire,Bonaire,BQ-BO
"Bonaire, Sint Eustatius and Saba",BES,BQ,Central America,Saba,Saba,BQ-SA
"Bonaire, Sint Eustatius and Saba",BES,BQ,Central America,Sint Eustatius,Sint Eustatius,BQ-SE
Brazil,BRA,BR,South America,Acre,Acre,BR-AC
Brazil,BRA,BR,South America,Alagoas,Alagoas,BR-AL
Brazil,BRA,BR,South America,Amazonas,Amazonas,BR-AM
Brazil,BRA,BR,South America,Amapá,Amapá,BR-AP
Brazil,BRA,BR,South America,Bahia,Bahia,BR-BA
Brazil,BRA,BR,South America,Ceará,Ceará,BR-CE
Brazil,BRA,BR,South America,Distrito Federal,Distrito Federal,BR-DF
Brazil,BRA,BR,South America,Espírito Santo,Espírito Santo,BR-ES
Brazil,BRA,BR,South America,Goiás,Goiás,BR-GO
Brazil,BRA,BR,South America,Maranhão,Maranhão,BR-MA
Brazil,BRA,BR,South America,Minas Gerais,Minas Gerais,BR-MG
Brazil,BRA,BR,South America,Mato Grosso do Sul,Mato Grosso do Sul,BR-MS
Brazil,BRA,BR,South America,Mato Grosso,Mato Grosso,BR-MT
Brazil,BRA,BR,South America,Pará,Pará,BR-PA
Brazil,BRA,BR,South America,Paraíba,Paraíba,BR-PB
Brazil,BRA,BR,South America,Pernambuco,Pernambuco,BR-PE
Brazil,BRA,BR,South America,Piauí,Piauí,BR-PI
Brazil,BRA,BR,South America,Paraná,Paraná,BR-PR
Brazil,BRA,BR,South America,Rio de Janeiro,Rio de Janeiro,BR-RJ
Brazil,BRA,BR,South America,Rio Grande do Norte,Rio Grande do Norte,BR-RN
Brazil,BRA,BR,South America,Rondônia,Rondônia,BR-RO
Brazil,BRA,BR,South America,Roraima,Roraima,BR-RR
Brazil,BRA,BR,South America,Rio Grande do Sul,Rio Grande do Sul,BR-RS
Brazil,BRA,BR,South America,Santa Catarina,Santa Catarina,BR-SC
Brazil,BRA,BR,South America,Sergipe,Sergipe,BR-SE
Brazil,BRA,BR,South America,São Paulo,São Paulo,BR-SP
Brazil,BRA,BR,South America,Tocantins,Tocantins,BR-TO
Bahamas,BHS,BS,Central America,Acklins,Acklins,BS-AK
Bahamas,BHS,BS,Central America,Bimini,Bimini,BS-BI
Bahamas,BHS,BS,Central America,Black Point,Black Point,BS-BP
Bahamas,BHS,BS,Central America,Berry Islands,Berry Islands,BS-BY
Bahamas,BHS,BS,Central America,Central Eleuthera,Central Eleuthera,BS-CE
Bahamas,BHS,BS,Central America,Cat Island,Cat Island,BS-CI
Bahamas,BHS,BS,Central America,Crooked Island and Long Cay,Crooked Island and Long Cay,BS-CK
Bahamas,BHS,BS,Central America,Central Abaco,Central Abaco,BS-CO
Bahamas,BHS,BS,Central America,Central Andros,Central Andros,BS-CS
Bahamas,BHS,BS,Central America,East Grand Bahama,East Grand Bahama,BS-EG
Bahamas,BHS,BS,Central America,Exuma,Exuma,BS-EX
Bahamas,BHS,BS,Central America,City of Freeport,City of Freeport,BS-FP
Bahamas,BHS,BS,Central America,Grand Cay,Grand Cay,BS-GC
Bahamas,BHS,BS,Central America,Harbour Island,Harbour Island,BS-HI
Bahamas,BHS,BS,Central America,Hope Town,Hope Town,BS-HT
Bahamas,BHS,BS,Central America,Inagua,Inagua,BS-IN
Bahamas,BHS,BS,Central America,Long Island,Long Island,BS-LI
Bahamas,BHS,BS,Central America,Mangrove Cay,Mangrove Cay,BS-MC
Bahamas,BHS,BS,Central America,Mayaguana,Mayaguana,BS-MG
Bahamas,BHS,BS,Central America,Moore's Island,Moore's Island,BS-MI
Bahamas,BHS,BS,Central America,North Eleuthera,North Eleuthera,BS-NE
Bahamas,BHS,BS,Central America,North Abaco,North Abaco,BS-NO
Bahamas,BHS,BS,Central America,New Providence,New Providence,BS-NP
Bahamas,BHS,BS,Central America,North Andros,North Andros,BS-NS
Bahamas,BHS,BS,Central America,Rum Cay,Rum Cay,BS-RC
Bahamas,BHS,BS,Central America,Ragged Island,Ragged Island,BS-RI
Bahamas,BHS,BS,Central America,South Andros,South Andros,BS-SA
Bahamas,BHS,BS,Central America,South Eleuthera,South Eleuthera,BS-SE
Bahamas,BHS,BS,Central America,South Abaco,South Abaco,BS-SO
Bahamas,BHS,BS,Central America,San Salvador,San Salvador,BS-SS
Bahamas,BHS,BS,Central America,Spanish Wells,Spanish Wells,BS-SW
Bahamas,BHS,BS,Central America,West Grand Bahama,West Grand Bahama,BS-WG
Bhutan,BTN,BT,South Asia,Paro,Paro,BT-11
Bhutan,BTN,BT,South Asia,Chhukha,Chhukha,BT-12
Bhutan,BTN,BT,South Asia,Haa,Haa,BT-13
Bhutan,BTN,BT,South Asia,Samtse,Samtse,BT-14
Bhutan,BTN,BT,South Asia,Thimphu,Thimphu,BT-15
Bhutan,BTN,BT,South Asia,Tsirang,Tsirang,BT-21
Bhutan,BTN,BT,South Asia,Dagana,Dagana,BT-22
Bhutan,BTN,BT,South Asia,Punakha,Punakha,BT-23
Bhutan,BTN,BT,South Asia,Wangdue Phodrang,Wangdue Phodrang,BT-24
Bhutan,BTN,BT,South Asia,Sarpang,Sarpang,BT-31
Bhutan,BTN,BT,South Asia,Trongsa,Trongsa,BT-32
Bhutan,BTN,BT,South Asia,Bumthang,Bumthang,BT-33
Bhutan,BTN,BT,South Asia,Zhemgang,Zhemgang,BT-34
Bhutan,BTN,BT,South Asia,Trashigang,Trashigang,BT-41
Bhutan,BTN,BT,South Asia,Monggar,Monggar,BT-42
Bhutan,BTN,BT,South Asia,Pema Gatshel,Pema Gatshel,BT-43
Bhutan,BTN,BT,South Asia,Lhuentse,Lhuentse,BT-44
Bhutan,BTN,BT,South Asia,Samdrup Jongkhar,Samdrup Jongkhar,BT-45
Bhutan,BTN,BT,South Asia,Gasa,Gasa,BT-GA
Bhutan,BTN,BT,South Asia,Trashi Yangtse,Trashi Yangtse,BT-TY
Botswana,BWA,BW,Southern Africa,Central,Central,BW-CE
Botswana,BWA,BW,Southern Africa,Chobe,Chobe,BW-CH
Botswana,BWA,BW,Southern Africa,Francistown,Francistown,BW-FR
Botswana,BWA,BW,Southern Africa,Gaborone,Gaborone,BW-GA
Botswana,BWA,BW,Southern Africa,Ghanzi,Ghanzi,BW-GH
Botswana,BWA,BW,Southern Africa,Jwaneng,Jwaneng,BW-JW
Botswana,BWA,BW,Southern Africa,Kgalagadi,Kgalagadi,BW-KG
Botswana,BWA,BW,Southern Africa,Kgatleng,Kgatleng,BW-KL
Botswana,BWA,BW,Southern Africa,Kweneng,Kweneng,BW-KW
Botswana,BWA,BW,Southern Africa,Lobatse,Lobatse,BW-LO
Botswana,BWA,BW,Southern Africa,North East,North East,BW-NE
Botswana,BWA,BW,Southern Africa,North West,North West,BW-NW
Botswana,BWA,BW,Southern Africa,South East,South East,BW-SE
Botswana,BWA,BW,Southern Africa,Southern,Southern,BW-SO
Botswana,BWA,BW,Southern Africa,Selibe Phikwe,Selibe Phikwe,BW-SP
Botswana,BWA,BW,Southern Africa,Sowa Town,Sowa Town,BW-ST
Belarus,BLR,BY,Eastern Europe,Брэсцкая вобласць,Brestskaya voblasts',BY-BR
Belarus,BLR,BY,Eastern Europe,Горад Мінск,Horad Minsk,BY-HM
Belarus,BLR,BY,Eastern Europe,Гомельская вобласць,Homyel'skaya voblasts',BY-HO
Belarus,BLR,BY,Eastern Europe,Гродзенская вобласць,Hrodzyenskaya voblasts',BY-HR
Belarus,BLR,BY,Eastern Europe,Магілёўская вобласць,Mahilyowskaya voblasts',BY-MA
Belarus,BLR,BY,Eastern Europe,Мінская вобласць,Minskaya voblasts',BY-MI
Belarus,BLR,BY,Eastern Europe,Віцебская вобласць,Vitsyebskaya voblasts',BY-VI
Belize,BLZ,BZ,Central America,Belize,Belize,BZ-BZ
Belize,BLZ,BZ,Central America,Cayo,Cayo,BZ-CY
Belize,BLZ,BZ,Central America,Corozal,Corozal,BZ-CZL
Belize,BLZ,BZ,Central America,Orange Walk,Orange Walk,BZ-OW
Belize,BLZ,BZ,Central America,Stann Creek,Stann Creek,BZ-SC
Belize,BLZ,BZ,Central America,Toledo,Toledo,BZ-TOL
Canada,CAN,CA,North America,Alberta,Alberta,CA-AB
Canada,CAN,CA,North America,British Columbia,British Columbia,CA-BC
Canada,CAN,CA,North America,Manitoba,Manitoba,CA-MB
Canada,CAN,CA,North America,New Brunswick,New Brunswick,CA-NB
Canada,CAN,CA,North America,Newfoundland and Labrador,Newfoundland and Labrador,CA-NL
Canada,CAN,CA,North America,Nova Scotia,Nova Scotia,CA-NS
Canada,CAN,CA,North America,Northwest Territories,Northwest Territories,CA-NT
Canada,CAN,CA,North America,Nunavut,Nunavut,CA-NU
Canada,CAN,CA,North America,Ontario,Ontario,CA-ON
Canada,CAN,CA,North America,Prince Edward Island,Prince Edward Island,CA-PE
Canada,CAN,CA,North America,Quebec,Quebec,CA-QC
Canada,CAN,CA,North America,Saskatchewan,Saskatchewan,CA-SK
Canada,CAN,CA,North America,Yukon,Yukon,CA-YT
"Congo, Democratic Republic of the",COD,CD,Central Africa,Central Kongo,Kongo Central,CD-BC
"Congo, Democratic Republic of the",COD,CD,Central Africa,Lower Uele,Bas-Uélé,CD-BU
"Congo, Democratic Republic of the",COD,CD,Central Africa,Equator,Équateur,CD-EQ
"Congo, Democratic Republic of the",COD,CD,Central Africa,Upper Katanga,Haut-Katanga,CD-HK
"Congo, Democratic Republic of the",COD,CD,Central Africa,Upper Lomami,Haut-Lomami,CD-HL
"Congo, Democratic Republic of the",COD,CD,Central Africa,Upper Uele,Haut-Uélé,CD-HU
"Congo, Democratic Republic of the",COD,CD,Central Africa,Ituri,Ituri,CD-IT
"Congo, Democratic Republic of the",COD,CD,Central Africa,Central Kasai,Kasaï Central,CD-KC
"Congo, Democratic Republic of the",COD,CD,Central Africa,Eastern Kasai,Kasaï Oriental,CD-KE
"Congo, Democratic Republic of the",COD,CD,Central Africa,Kwango,Kwango,CD-KG
"Congo, Democratic Republic of the",COD,CD,Central Africa,Kwilu,Kwilu,CD-KL
"Congo, Democratic Republic of the",COD,CD,Central Africa,Kinshasa,Kinshasa,CD-KN
"Congo, Democratic Republic of the",COD,CD,Central Africa,Kasai,Kasaï,CD-KS
"Congo, Democratic Republic of the",COD,CD,Central Africa,Lomami,Lomami,CD-LO
"Congo, Democratic Republic of the",COD,CD,Central Africa,Lualaba,Lualaba,CD-LU
"Congo, Democratic Republic of the",COD,CD,Central Africa,Maniema,Maniema,CD-MA
"Congo, Democratic Republic of the",COD,CD,Central Africa,Mai-Ndombe,Mai-Ndombe,CD-MN
"Congo, Democratic Republic of the",COD,CD,Central Africa,Mongala,Mongala,CD-MO
"Congo, Democratic Republic of the",COD,CD,Central Africa,North Kivu,Nord-Kivu,CD-NK
"Congo, Democratic Republic of the",COD,CD,Central Africa,North Ubangi,Nord-Ubangi,CD-NU
"Congo, Democratic Republic of the",COD,CD,Central Africa,Sankuru,Sankuru,CD-SA
"Congo, Democratic Republic of the",COD,CD,Central Africa,South Kivu,Sud-Kivu,CD-SK
"Congo, Democratic Republic of the",COD,CD,Central Africa,South Ubangi,Sud-Ubangi,CD-SU
"Congo, Democratic Republic of the",COD,CD,Central Africa,Tanganyika,Tanganyika,CD-TA
"Congo, Democratic Republic of the",COD,CD,Central Africa,Tshopo,Tshopo,CD-TO
"Congo, Democratic Republic of the",COD,CD,Central Africa,Tshuapa,Tshuapa,CD-TU
Central African Republic,CAF,CF,Central Africa,Ouham,Ouham,CF-AC
Central African Republic,CAF,CF,Central Africa,Bamingui-Bangoran,Bamingui-Bangoran,CF-BB
Central African Republic,CAF,CF,Central Africa,Bangui,Bangui,CF-BGF
Central African Republic,CAF,CF,Central Africa,Basse-Kotto,Basse-Kotto,CF-BK
Central African Republic,CAF,CF,Central Africa,Haute-Kotto,Haute-Kotto,CF-HK
Central African Republic,CAF,CF,Central Africa,Haut-Mbomou,Haut-Mbomou,CF-HM
Central African Republic,CAF,CF,Central Africa,Haute-Sangha / Mambéré-Kadéï,Haute-Sangha / Mambéré-Kadéï,CF-HS
Central African Republic,CAF,CF,Central Africa,Gribingui,Gribingui,CF-KB
Central African Republic,CAF,CF,Central Africa,Kémo-Gribingui,Kémo-Gribingui,CF-KG
Central African Republic,CAF,CF,Central Africa,Lobaye,Lobaye,CF-LB
Central African Republic,CAF,CF,Central Africa,Mbomou,Mbomou,CF-MB
Central African Republic,CAF,CF,Central Africa,Ombella-Mpoko,Ombella-Mpoko,CF-MP
Central African Republic,CAF,CF,Central Africa,Nana-Mambéré,Nana-Mambéré,CF-NM
Central African Republic,CAF,CF,Central Africa,Ouham-Pendé,Ouham-Pendé,CF-OP
Central African Republic,CAF,CF,Central Africa,Sangha,Sangha,CF-SE
Central African Republic,CAF,CF,Central Africa,Ouaka,Ouaka,CF-UK
Central African Republic,CAF,CF,Central Africa,Vakaga,Vakaga,CF-VK
Congo,COG,CG,Central Africa,Bouenza,Bouenza,CG-11
Congo,COG,CG,Central Africa,Pool,Pool,CG-12
Congo,COG,CG,Central Africa,Sangha,Sangha,CG-13
Congo,COG,CG,Central Africa,Plateaux,Plateaux,CG-14
Congo,COG,CG,Central Africa,West Cuvette,Cuvette-Ouest,CG-15
Congo,COG,CG,Central Africa,Black Point,Pointe-Noire,CG-16
Congo,COG,CG,Central Africa,Lekoumou,Lékoumou,CG-2
Congo,COG,CG,Central Africa,Kouilou,Kouilou,CG-5
Congo,COG,CG,Central Africa,Likouala,Likouala,CG-7
Congo,COG,CG,Central Africa,Cuvette,Cuvette,CG-8
Congo,COG,CG,Central Africa,Niari,Niari,CG-9
Congo,COG,CG,Central Africa,Brazzaville,Brazzaville,CG-BZV
Switzerland,CHE,CH,Western Europe,Aargau (de),Aargau (de),CH-AG
Switzerland,CHE,CH,Western Europe,Appenzell Innerrhoden (de),Appenzell Innerrhoden (de),CH-AI
Switzerland,CHE,CH,Western Europe,Appenzell Ausserrhoden (de),Appenzell Ausserrhoden (de),CH-AR
Switzerland,CHE,CH,Western Europe,"Bern (de), Berne (fr)","Bern (de), Berne (fr)",CH-BE
Switzerland,CHE,CH,Western Europe,Basel-Landschaft (de),Basel-Landschaft (de),CH-BL
Switzerland,CHE,CH,Western Europe,Basel-Stadt (de),Basel-Stadt (de),CH-BS
Switzerland,CHE,CH,Western Europe,"Fribourg (fr), Freiburg (de)","Fribourg (fr), Freiburg (de)",CH-FR
Switzerland,CHE,CH,Western Europe,Genève (fr),Genève (fr),CH-GE
Switzerland,CHE,CH,Western Europe,Glarus (de),Glarus (de),CH-GL
Switzerland,CHE,CH,Western Europe,"Graubünden (de), Grigioni (it), Grischun (rm)","Graubünden (de), Grigioni (it), Grischun (rm)",CH-GR
Switzerland,CHE,CH,Western Europe,Jura (fr),Jura (fr),CH-JU
Switzerland,CHE,CH,Western Europe,Luzern (de),Luzern (de),CH-LU
Switzerland,CHE,CH,Western Europe,Neuchâtel (fr),Neuchâtel (fr),CH-NE
Switzerland,CHE,CH,Western Europe,Nidwalden (de),Nidwalden (de),CH-NW
Switzerland,CHE,CH,Western Europe,Obwalden (de),Obwalden (de),CH-OW
Switzerland,CHE,CH,Western Europe,Sankt Gallen (de),Sankt Gallen (de),CH-SG
Switzerland,CHE,CH,Western Europe,Schaffhausen (de),Schaffhausen (de),CH-SH
Switzerland,CHE,CH,Western Europe,Solothurn (de),Solothurn (de),CH-SO
Switzerland,CHE,CH,Western Europe,Schwyz (de),Schwyz (de),CH-SZ
Switzerland,CHE,CH,Western Europe,Thurgau (de),Thurgau (de),CH-TG
Switzerland,CHE,CH,Western Europe,Ticino (it),Ticino (it),CH-TI
Switzerland,CHE,CH,Western Europe,Uri (de),Uri (de),CH-UR
Switzerland,CHE,CH,Western Europe,Vaud (fr),Vaud (fr),CH-VD
Switzerland,CHE,CH,Western Europe,"Valais (fr), Wallis (de)","Valais (fr), Wallis (de)",CH-VS
Switzerland,CHE,CH,Western Europe,Zug (de),Zug (de),CH-ZG
Switzerland,CHE,CH,Western Europe,Zürich (de),Zürich (de),CH-ZH
Côte d'Ivoire,CIV,CI,Western Africa,Abidjan,Abidjan,CI-AB
Côte d'Ivoire,CIV,CI,Western Africa,Lower Sassandra,Bas-Sassandra,CI-BS
Côte d'Ivoire,CIV,CI,Western Africa,Comoé,Comoé,CI-CM
Côte d'Ivoire,CIV,CI,Western Africa,Denguélé,Denguélé,CI-DN
Côte d'Ivoire,CIV,CI,Western Africa,Gôh-Djiboua,Gôh-Djiboua,CI-GD
Côte d'Ivoire,CIV,CI,Western Africa,Lakes,Lacs,CI-LC
Côte d'Ivoire,CIV,CI,Western Africa,Lagoons,Lagunes,CI-LG
Côte d'Ivoire,CIV,CI,Western Africa,Mountains,Montagnes,CI-MG
Côte d'Ivoire,CIV,CI,Western Africa,Sassandra-Marahoué,Sassandra-Marahoué,CI-SM
Côte d'Ivoire,CIV,CI,Western Africa,Savannahs,Savanes,CI-SV
Côte d'Ivoire,CIV,CI,Western Africa,Bandama Valley,Vallée du Bandama,CI-VB
Côte d'Ivoire,CIV,CI,Western Africa,Woroba,Woroba,CI-WR
Côte d'Ivoire,CIV,CI,Western Africa,Yamoussoukro,Yamoussoukro,CI-YM
Côte d'Ivoire,CIV,CI,Western Africa,Zanzan,Zanzan,CI-ZZ
Chile,CHL,CL,South America,Aisen,Aisén del General Carlos Ibañez del Campo,CL-AI
Chile,CHL,CL,South America,Antofagasta,Antofagasta,CL-AN
Chile,CHL,CL,South America,Arica and Parinacota,Arica y Parinacota,CL-AP
Chile,CHL,CL,South America,La Araucania,La Araucanía,CL-AR
Chile,CHL,CL,South America,Atacama,Atacama,CL-AT
Chile,CHL,CL,South America,Biobio,Biobío,CL-BI
Chile,CHL,CL,South America,Coquimbo,Coquimbo,CL-CO
Chile,CHL,CL,South America,O'Higgins,Libertador General Bernardo O'Higgins,CL-LI
Chile,CHL,CL,South America,The Lakes,Los Lagos,CL-LL
Chile,CHL,CL,South America,The Rivers,Los Ríos,CL-LR
Chile,CHL,CL,South America,Magellan,Magallanes,CL-MA
Chile,CHL,CL,South America,Maule,Maule,CL-ML
Chile,CHL,CL,South America,Nuble,Ñuble,CL-NB
Chile,CHL,CL,South America,Santiago Metropolitan Region,Región Metropolitana de Santiago,CL-RM
Chile,CHL,CL,South America,Tarapaca,Tarapacá,CL-TA
Chile,CHL,CL,South America,Valparaiso,Valparaíso,CL-VS
Cameroon,CMR,CM,Central Africa,Adamaoua,Adamaoua,CM-AD
Cameroon,CMR,CM,Central Africa,Centre,Centre,CM-CE
Cameroon,CMR,CM,Central Africa,Far North,Far North,CM-EN
Cameroon,CMR,CM,Central Africa,East,East,CM-ES
Cameroon,CMR,CM,Central Africa,Littoral,Littoral,CM-LT
Cameroon,CMR,CM,Central Africa,North,North,CM-NO
Cameroon,CMR,CM,Central Africa,North-West,North-West,CM-NW
Cameroon,CMR,CM,Central Africa,West,West,CM-OU
Cameroon,CMR,CM,Central Africa,South,South,CM-SU
Cameroon,CMR,CM,Central Africa,South-West,South-West,CM-SW
China,CHN,CN,Eastern Asia,Anhui,Anhui Sheng,CN-AH
China,CHN,CN,Eastern Asia,Beijing,Beijing Shi,CN-BJ
China,CHN,CN,Eastern Asia,Chongqing,Chongqing Shi,CN-CQ
China,CHN,CN,Eastern Asia,Fujian,Fujian Sheng,CN-FJ
China,CHN,CN,Eastern Asia,Guangdong,Guangdong Sheng,CN-GD
China,CHN,CN,Eastern Asia,Gansu,Gansu Sheng,CN-GS
China,CHN,CN,Eastern Asia,Guangxi,Guangxi Zhuangzu Zizhiqu,CN-GX
China,CHN,CN,Eastern Asia,Guizhou,Guizhou Sheng,CN-GZ
China,CHN,CN,Eastern Asia,Henan,Henan Sheng,CN-HA
China,CHN,CN,Eastern Asia,Hubei,Hubei Sheng,CN-HB
China,CHN,CN,Eastern Asia,Hebei,Hebei Sheng,CN-HE
China,CHN,CN,Eastern Asia,Hainan,Hainan Sheng,CN-HI
China,CHN,CN,Eastern Asia,Hong Kong,Hong Kong SAR (en)Xianggang Tebiexingzhengqu,CN-HK
China,CHN,CN,Eastern Asia,Heilongjiang,Heilongjiang Sheng,CN-HL
China,CHN,CN,Eastern Asia,Hunan,Hunan Sheng,CN-HN
China,CHN,CN,Eastern Asia,Jilin,Jilin Sheng,CN-JL
China,CHN,CN,Eastern Asia,Jiangsu,Jiangsu Sheng,CN-JS
China,CHN,CN,Eastern Asia,Jiangxi,Jiangxi Sheng,CN-JX
China,CHN,CN,Eastern Asia,Liaoning,Liaoning Sheng,CN-LN
China,CHN,CN,Eastern Asia,Macao,Macao SAR (en)Macau SAR (pt)Aomen Tebiexingzhengqu,CN-MO
China,CHN,CN,Eastern Asia,Inner Mongolia,Nei Mongol Zizhiqu,CN-NM
China,CHN,CN,Eastern Asia,Ningxia,Ningxia Huizu Zizhiqu,CN-NX
China,CHN,CN,Eastern Asia,Qinghai,Qinghai Sheng,CN-QH
China,CHN,CN,Eastern Asia,Sichuan,Sichuan Sheng,CN-SC
China,CHN,CN,Eastern Asia,Shandong,Shandong Sheng,CN-SD
China,CHN,CN,Eastern Asia,Shanghai,Shanghai Shi,CN-SH
China,CHN,CN,Eastern Asia,Shaanxi,Shaanxi Sheng,CN-SN
China,CHN,CN,Eastern Asia,Shanxi,Shanxi Sheng,CN-SX
China,CHN,CN,Eastern Asia,Tianjin,Tianjin Shi,CN-TJ
China,CHN,CN,Eastern Asia,Taiwan,Taiwan Sheng,CN-TW
China,CHN,CN,Eastern Asia,Xinjiang,Xinjiang Uygur Zizhiqu,CN-XJ
China,CHN,CN,Eastern Asia,Tibet,Xizang Zizhiqu,CN-XZ
China,CHN,CN,Eastern Asia,Yunnan,Yunnan Sheng,CN-YN
China,CHN,CN,Eastern Asia,Zhejiang,Zhejiang Sheng,CN-ZJ
Colombia,COL,CO,South America,Amazonia,Amazonas,CO-AMA
Colombia,COL,CO,South America,Antioquia,Antioquia,CO-ANT
Colombia,COL,CO,South America,Arauca,Arauca,CO-ARA
Colombia,COL,CO,South America,Atlantico,Atlántico,CO-ATL
Colombia,COL,CO,South America,Bolivar,Bolívar,CO-BOL
Colombia,COL,CO,South America,Boyaca,Boyacá,CO-BOY
Colombia,COL,CO,South America,Caldas,Caldas,CO-CAL
Colombia,COL,CO,South America,Caqueta,Caquetá,CO-CAQ
Colombia,COL,CO,South America,Casanare,Casanare,CO-CAS
Colombia,COL,CO,South America,Cauca,Cauca,CO-CAU
Colombia,COL,CO,South America,Cesar,Cesar,CO-CES
Colombia,COL,CO,South America,Choco,Chocó,CO-CHO
Colombia,COL,CO,South America,Cordoba,Córdoba,CO-COR
Colombia,COL,CO,South America,Cundinamarca,Cundinamarca,CO-CUN
Colombia,COL,CO,South America,Bogota,Distrito Capital de Bogotá,CO-DC
Colombia,COL,CO,South America,Guainia,Guainía,CO-GUA
Colombia,COL,CO,South America,Guaviare,Guaviare,CO-GUV
Colombia,COL,CO,South America,Huila,Huila,CO-HUI
Colombia,COL,CO,South America,La Guajira,La Guajira,CO-LAG
Colombia,COL,CO,South America,Magdalena,Magdalena,CO-MAG
Colombia,COL,CO,South America,Meta,Meta,CO-MET
Colombia,COL,CO,South America,Narino,Nariño,CO-NAR
Colombia,COL,CO,South America,North Santander,Norte de Santander,CO-NSA
Colombia,COL,CO,South America,Putumayo,Putumayo,CO-PUT
Colombia,COL,CO,South America,Quindio,Quindío,CO-QUI
Colombia,COL,CO,South America,Risaralda,Risaralda,CO-RIS
Colombia,COL,CO,South America,Santander,Santander,CO-SAN
Colombia,COL,CO,South America,San Andres,"San Andrés, Providencia y Santa Catalina",CO-SAP
Colombia,COL,CO,South America,Sucre,Sucre,CO-SUC
Colombia,COL,CO,South America,Tolima,Tolima,CO-TOL
Colombia,COL,CO,South America,Cauca Valley,Valle del Cauca,CO-VAC
Colombia,COL,CO,South America,Vaupes,Vaupés,CO-VAU
Colombia,COL,CO,South America,Vichada,Vichada,CO-VID
Costa Rica,CRI,CR,Central America,Alajuela,Alajuela,CR-A
Costa Rica,CRI,CR,Central America,Cartago,Cartago,CR-C
Costa Rica,CRI,CR,Central America,Guanacaste,Guanacaste,CR-G
Costa Rica,CRI,CR,Central America,Heredia,Heredia,CR-H
Costa Rica,CRI,CR,Central America,Limón,Limón,CR-L
Costa Rica,CRI,CR,Central America,Puntarenas,Puntarenas,CR-P
Costa Rica,CRI,CR,Central America,San José,San José,CR-SJ
Cuba,CUB,CU,Central America,Pinar del Rio,Pinar del Río,CU-01
Cuba,CUB,CU,Central America,Havana,La Habana†,CU-03
Cuba,CUB,CU,Central America,Matanzas,Matanzas,CU-04
Cuba,CUB,CU,Central America,Clara City,Villa Clara,CU-05
Cuba,CUB,CU,Central America,Cienfuegos,Cienfuegos,CU-06
Cuba,CUB,CU,Central America,Holy Spirit,Sancti Spíritus,CU-07
Cuba,CUB,CU,Central America,Ciego de Avila,Ciego de Ávila,CU-08
Cuba,CUB,CU,Central America,Camaguey,Camagüey,CU-09
Cuba,CUB,CU,Central America,Las Tunas,Las Tunas,CU-10
Cuba,CUB,CU,Central America,Holguin,Holguín,CU-11
Cuba,CUB,CU,Central America,Granma,Granma,CU-12
Cuba,CUB,CU,Central America,Santiago,Santiago de Cuba,CU-13
Cuba,CUB,CU,Central America,Guantanamo,Guantánamo,CU-14
Cuba,CUB,CU,Central America,Artemisa,Artemisa,CU-15
Cuba,CUB,CU,Central America,Mayabeque,Mayabeque,CU-16
Cuba,CUB,CU,Central America,Isle of Youth,Isla de la Juventud,CU-99
Cabo Verde,CPV,CV,Western Africa,Brava,Brava,CV-BR
Cabo Verde,CPV,CV,Western Africa,Boa Vista,Boa Vista,CV-BV
Cabo Verde,CPV,CV,Western Africa,Santa Catarina,Santa Catarina,CV-CA
Cabo Verde,CPV,CV,Western Africa,Santa Catarina do Fogo,Santa Catarina do Fogo,CV-CF
Cabo Verde,CPV,CV,Western Africa,Santa Cruz,Santa Cruz,CV-CR
Cabo Verde,CPV,CV,Western Africa,Maio,Maio,CV-MA
Cabo Verde,CPV,CV,Western Africa,Mosteiros,Mosteiros,CV-MO
Cabo Verde,CPV,CV,Western Africa,Paul,Paul,CV-PA
Cabo Verde,CPV,CV,Western Africa,Porto Novo,Porto Novo,CV-PN
Cabo Verde,CPV,CV,Western Africa,Praia,Praia,CV-PR
Cabo Verde,CPV,CV,Western Africa,Ribeira Brava,Ribeira Brava,CV-RB
Cabo Verde,CPV,CV,Western Africa,Ribeira Grande,Ribeira Grande,CV-RG
Cabo Verde,CPV,CV,Western Africa,Ribeira Grande de Santiago,Ribeira Grande de Santiago,CV-RS
Cabo Verde,CPV,CV,Western Africa,São Domingos,São Domingos,CV-SD
Cabo Verde,CPV,CV,Western Africa,São Filipe,São Filipe,CV-SF
Cabo Verde,CPV,CV,Western Africa,Sal,Sal,CV-SL
Cabo Verde,CPV,CV,Western Africa,São Miguel,São Miguel,CV-SM
Cabo Verde,CPV,CV,Western Africa,São Lourenço dos Órgãos,São Lourenço dos Órgãos,CV-SO
Cabo Verde,CPV,CV,Western Africa,São Salvador do Mundo,São Salvador do Mundo,CV-SS
Cabo Verde,CPV,CV,Western Africa,São Vicente,São Vicente,CV-SV
Cabo Verde,CPV,CV,Western Africa,Tarrafal,Tarrafal,CV-TA
Cabo Verde,CPV,CV,Western Africa,Tarrafal de São Nicolau,Tarrafal de São Nicolau,CV-TS
Cyprus,CYP,CY,Mediterranean,Nicosia,Lefkosia,CY-01
Cyprus,CYP,CY,Mediterranean,Limassol,Lemesos,CY-02
Cyprus,CYP,CY,Mediterranean,Larnaca,Larnaka,CY-03
Cyprus,CYP,CY,Mediterranean,Famagusta,Ammochostos,CY-04
Cyprus,CYP,CY,Mediterranean,Paphos,Pafos,CY-05
Cyprus,CYP,CY,Mediterranean,Kyrenia,Keryneia,CY-06
Czechia,CZE,CZ,Eastern Europe,Benešov,Benešov,CZ-201
Czechia,CZE,CZ,Eastern Europe,Beroun,Beroun,CZ-202
Czechia,CZE,CZ,Eastern Europe,Kladno,Kladno,CZ-203
Czechia,CZE,CZ,Eastern Europe,Kolín,Kolín,CZ-204
Czechia,CZE,CZ,Eastern Europe,Kutná Hora,Kutná Hora,CZ-205
Czechia,CZE,CZ,Eastern Europe,Mělník,Mělník,CZ-206
Czechia,CZE,CZ,Eastern Europe,Mladá Boleslav,Mladá Boleslav,CZ-207
Czechia,CZE,CZ,Eastern Europe,Nymburk,Nymburk,CZ-208
Czechia,CZE,CZ,Eastern Europe,Praha-východ,Praha-východ,CZ-209
Czechia,CZE,CZ,Eastern Europe,Praha-západ,Praha-západ,CZ-20A
Czechia,CZE,CZ,Eastern Europe,Příbram,Příbram,CZ-20B
Czechia,CZE,CZ,Eastern Europe,Rakovník,Rakovník,CZ-20C
Czechia,CZE,CZ,Eastern Europe,České Budějovice,České Budějovice,CZ-311
Czechia,CZE,CZ,Eastern Europe,Český Krumlov,Český Krumlov,CZ-312
Czechia,CZE,CZ,Eastern Europe,Jindřichův Hradec,Jindřichův Hradec,CZ-313
Czechia,CZE,CZ,Eastern Europe,Písek,Písek,CZ-314
Czechia,CZE,CZ,Eastern Europe,Prachatice,Prachatice,CZ-315
Czechia,CZE,CZ,Eastern Europe,Strakonice,Strakonice,CZ-316
Czechia,CZE,CZ,Eastern Europe,Tábor,Tábor,CZ-317
Czechia,CZE,CZ,Eastern Europe,Domažlice,Domažlice,CZ-321
Czechia,CZE,CZ,Eastern Europe,Klatovy,Klatovy,CZ-322
Czechia,CZE,CZ,Eastern Europe,Plzeň-město,Plzeň-město,CZ-323
Czechia,CZE,CZ,Eastern Europe,Plzeň-jih,Plzeň-jih,CZ-324
Czechia,CZE,CZ,Eastern Europe,Plzeň-sever,Plzeň-sever,CZ-325
Czechia,CZE,CZ,Eastern Europe,Rokycany,Rokycany,CZ-326
Czechia,CZE,CZ,Eastern Europe,Tachov,Tachov,CZ-327
Czechia,CZE,CZ,Eastern Europe,Cheb,Cheb,CZ-411
Czechia,CZE,CZ,Eastern Europe,Karlovy Vary,Karlovy Vary,CZ-412
Czechia,CZE,CZ,Eastern Europe,Sokolov,Sokolov,CZ-413
Czechia,CZE,CZ,Eastern Europe,Děčín,Děčín,CZ-421
Czechia,CZE,CZ,Eastern Europe,Chomutov,Chomutov,CZ-422
Czechia,CZE,CZ,Eastern Europe,Litoměřice,Litoměřice,CZ-423
Czechia,CZE,CZ,Eastern Europe,Louny,Louny,CZ-424
Czechia,CZE,CZ,Eastern Europe,Most,Most,CZ-425
Czechia,CZE,CZ,Eastern Europe,Teplice,Teplice,CZ-426
Czechia,CZE,CZ,Eastern Europe,Ústí nad Labem,Ústí nad Labem,CZ-427
Czechia,CZE,CZ,Eastern Europe,Česká Lípa,Česká Lípa,CZ-511
Czechia,CZE,CZ,Eastern Europe,Jablonec nad Nisou,Jablonec nad Nisou,CZ-512
Czechia,CZE,CZ,Eastern Europe,Liberec,Liberec,CZ-513
Czechia,CZE,CZ,Eastern Europe,Semily,Semily,CZ-514
Czechia,CZE,CZ,Eastern Europe,Hradec Králové,Hradec Králové,CZ-521
Czechia,CZE,CZ,Eastern Europe,Jičín,Jičín,CZ-522
Czechia,CZE,CZ,Eastern Europe,Náchod,Náchod,CZ-523
Czechia,CZE,CZ,Eastern Europe,Rychnov nad Kněžnou,Rychnov nad Kněžnou,CZ-524
Czechia,CZE,CZ,Eastern Europe,Trutnov,Trutnov,CZ-525
Czechia,CZE,CZ,Eastern Europe,Chrudim,Chrudim,CZ-531
Czechia,CZE,CZ,Eastern Europe,Pardubice,Pardubice,CZ-532
Czechia,CZE,CZ,Eastern Europe,Svitavy,Svitavy,CZ-533
Czechia,CZE,CZ,Eastern Europe,Ústí nad Orlicí,Ústí nad Orlicí,CZ-534
Czechia,CZE,CZ,Eastern Europe,Havlíčkův Brod,Havlíčkův Brod,CZ-631
Czechia,CZE,CZ,Eastern Europe,Jihlava,Jihlava,CZ-632
Czechia,CZE,CZ,Eastern Europe,Pelhřimov,Pelhřimov,CZ-633
Czechia,CZE,CZ,Eastern Europe,Třebíč,Třebíč,CZ-634
Czechia,CZE,CZ,Eastern Europe,Žďár nad Sázavou,Žďár nad Sázavou,CZ-635
Czechia,CZE,CZ,Eastern Europe,Blansko,Blansko,CZ-641
Czechia,CZE,CZ,Eastern Europe,Brno-město,Brno-město,CZ-642
Czechia,CZE,CZ,Eastern Europe,Brno-venkov,Brno-venkov,CZ-643
Czechia,CZE,CZ,Eastern Europe,Břeclav,Břeclav,CZ-644
Czechia,CZE,CZ,Eastern Europe,Hodonín,Hodonín,CZ-645
Czechia,CZE,CZ,Eastern Europe,Vyškov,Vyškov,CZ-646
Czechia,CZE,CZ,Eastern Europe,Znojmo,Znojmo,CZ-647
Czechia,CZE,CZ,Eastern Europe,Jeseník,Jeseník,CZ-711
Czechia,CZE,CZ,Eastern Europe,Olomouc,Olomouc,CZ-712
Czechia,CZE,CZ,Eastern Europe,Prostějov,Prostějov,CZ-713
Czechia,CZE,CZ,Eastern Europe,Přerov,Přerov,CZ-714
Czechia,CZE,CZ,Eastern Europe,Šumperk,Šumperk,CZ-715
Czechia,CZE,CZ,Eastern Europe,Kroměříž,Kroměříž,CZ-721
Czechia,CZE,CZ,Eastern Europe,Uherské Hradiště,Uherské Hradiště,CZ-722
Czechia,CZE,CZ,Eastern Europe,Vsetín,Vsetín,CZ-723
Czechia,CZE,CZ,Eastern Europe,Zlín,Zlín,CZ-724
Czechia,CZE,CZ,Eastern Europe,Bruntál,Bruntál,CZ-801
Czechia,CZE,CZ,Eastern Europe,Frýdek-Místek,Frýdek-Místek,CZ-802
Czechia,CZE,CZ,Eastern Europe,Karviná,Karviná,CZ-803
Czechia,CZE,CZ,Eastern Europe,Nový Jičín,Nový Jičín,CZ-804
Czechia,CZE,CZ,Eastern Europe,Opava,Opava,CZ-805
Czechia,CZE,CZ,Eastern Europe,Ostrava-město,Ostrava-město,CZ-806
Germany,DEU,DE,Western Europe,Brandenburg,Brandenburg,DE-BB
Germany,DEU,DE,Western Europe,Berlin,Berlin,DE-BE
Germany,DEU,DE,Western Europe,Baden-Württemberg,Baden-Württemberg,DE-BW
Germany,DEU,DE,Western Europe,Bavaria,Bayern,DE-BY
Germany,DEU,DE,Western Europe,Bremen,Bremen,DE-HB
Germany,DEU,DE,Western Europe,Hesse,Hessen,DE-HE
Germany,DEU,DE,Western Europe,Hamburg,Hamburg,DE-HH
Germany,DEU,DE,Western Europe,Mecklenburg-Western Pomerania,Mecklenburg-Vorpommern,DE-MV
Germany,DEU,DE,Western Europe,Lower Saxony,Niedersachsen,DE-NI
Germany,DEU,DE,Western Europe,North Rhine-Westphalia,Nordrhein-Westfalen,DE-NW
Germany,DEU,DE,Western Europe,Rhineland-Palatinate,Rheinland-Pfalz,DE-RP
Germany,DEU,DE,Western Europe,Schleswig-Holstein,Schleswig-Holstein,DE-SH
Germany,DEU,DE,Western Europe,Saarland,Saarland,DE-SL
Germany,DEU,DE,Western Europe,Saxony,Sachsen,DE-SN
Germany,DEU,DE,Western Europe,Saxony-Anhalt,Sachsen-Anhalt,DE-ST
Germany,DEU,DE,Western Europe,Thuringia,Thüringen,DE-TH
Djibouti,DJI,DJ,Eastern Africa,Arta,Arta,DJ-AR
Djibouti,DJI,DJ,Eastern Africa,Ali Sabieh,Ali Sabieh,DJ-AS
Djibouti,DJI,DJ,Eastern Africa,Dikhil,Dikhil,DJ-DI
Djibouti,DJI,DJ,Eastern Africa,Djibouti,Djibouti,DJ-DJ
Djibouti,DJI,DJ,Eastern Africa,Obock,Obock,DJ-OB
Djibouti,DJI,DJ,Eastern Africa,Tadjourah,Tadjourah,DJ-TA
Denmark,DNK,DK,Northern Europe,North Denmark,Region Nordjylland,DK-81
Denmark,DNK,DK,Northern Europe,Central Denmark,Region Midjylland,DK-82
Denmark,DNK,DK,Northern Europe,Southern Denmark,Region Syddanmark,DK-83
Denmark,DNK,DK,Northern Europe,Capital Region,Region Hovedstaden,DK-84
Denmark,DNK,DK,Northern Europe,Zealand,Region Sjælland,DK-85
Dominica,DMA,DM,Central America,Saint Andrew,Saint Andrew,DM-02
Dominica,DMA,DM,Central America,Saint David,Saint David,DM-03
Dominica,DMA,DM,Central America,Saint George,Saint George,DM-04
Dominica,DMA,DM,Central America,Saint John,Saint John,DM-05
Dominica,DMA,DM,Central America,Saint Joseph,Saint Joseph,DM-06
Dominica,DMA,DM,Central America,Saint Luke,Saint Luke,DM-07
Dominica,DMA,DM,Central America,Saint Mark,Saint Mark,DM-08
Dominica,DMA,DM,Central America,Saint Patrick,Saint Patrick,DM-09
Dominica,DMA,DM,Central America,Saint Paul,Saint Paul,DM-10
Dominica,DMA,DM,Central America,Saint Peter,Saint Peter,DM-11
Dominican Republic,DOM,DO,Central America,Santo Domingo City,Distrito Nacional (Santo Domingo),DO-01
Dominican Republic,DOM,DO,Central America,Azua,Azua,DO-02
Dominican Republic,DOM,DO,Central America,Baoruco,Baoruco,DO-03
Dominican Republic,DOM,DO,Central America,Barahona,Barahona,DO-04
Dominican Republic,DOM,DO,Central America,Dajabon,Dajabón,DO-05
Dominican Republic,DOM,DO,Central America,Duarte,Duarte,DO-06
Dominican Republic,DOM,DO,Central America,Elias Pina,Elías Piña,DO-07
Dominican Republic,DOM,DO,Central America,El Seibo,El Seibo,DO-08
Dominican Republic,DOM,DO,Central America,Espaillat,Espaillat,DO-09
Dominican Republic,DOM,DO,Central America,Independence,Independencia,DO-10
Dominican Republic,DOM,DO,Central America,La Altagracia,La Altagracia,DO-11
Dominican Republic,DOM,DO,Central America,La Romana,La Romana,DO-12
Dominican Republic,DOM,DO,Central America,La Vega,La Vega,DO-13
Dominican Republic,DOM,DO,Central America,Maria Trinidad Sanchez,María Trinidad Sánchez,DO-14
Dominican Republic,DOM,DO,Central America,Christ Mountain,Monte Cristi,DO-15
Dominican Republic,DOM,DO,Central America,Pedernales,Pedernales,DO-16
Dominican Republic,DOM,DO,Central America,Peravia,Peravia,DO-17
Dominican Republic,DOM,DO,Central America,Silver Port,Puerto Plata,DO-18
Dominican Republic,DOM,DO,Central America,Mirabal Sisters,Hermanas Mirabal,DO-19
Dominican Republic,DOM,DO,Central America,Samana,Samaná,DO-20
Dominican Republic,DOM,DO,Central America,Saint Christopher,San Cristóbal,DO-21
Dominican Republic,DOM,DO,Central America,Saint John,San Juan,DO-22
Dominican Republic,DOM,DO,Central America,Saint Peter,San Pedro de Macorís,DO-23
Dominican Republic,DOM,DO,Central America,Sanchez Ramirez,Sánchez Ramírez,DO-24
Dominican Republic,DOM,DO,Central America,Santiago,Santiago,DO-25
Dominican Republic,DOM,DO,Central America,Santiago Rodriguez,Santiago Rodríguez,DO-26
Dominican Republic,DOM,DO,Central America,Valverde,Valverde,DO-27
Dominican Republic,DOM,DO,Central America,Monsignor Nouel,Monseñor Nouel,DO-28
Dominican Republic,DOM,DO,Central America,Silver Mountain,Monte Plata,DO-29
Dominican Republic,DOM,DO,Central America,Great Herd,Hato Mayor,DO-30
Dominican Republic,DOM,DO,Central America,Saint Joseph,San José de Ocoa,DO-31
Dominican Republic,DOM,DO,Central America,Santo Domingo,Santo Domingo,DO-32
Algeria,DZA,DZ,Northern Africa,Adrar,Adrar,DZ-01
Algeria,DZA,DZ,Northern Africa,Chlef,Chlef,DZ-02
Algeria,DZA,DZ,Northern Africa,Laghouat,Laghouat,DZ-03
Algeria,DZA,DZ,Northern Africa,Oum el Bouaghi,Oum el Bouaghi,DZ-04
Algeria,DZA,DZ,Northern Africa,Batna,Batna,DZ-05
Algeria,DZA,DZ,Northern Africa,Béjaïa,Béjaïa,DZ-06
Algeria,DZA,DZ,Northern Africa,Biskra,Biskra,DZ-07
Algeria,DZA,DZ,Northern Africa,Béchar,Béchar,DZ-08
Algeria,DZA,DZ,Northern Africa,Blida,Blida,DZ-09
Algeria,DZA,DZ,Northern Africa,Bouira,Bouira,DZ-10
Algeria,DZA,DZ,Northern Africa,Tamanrasset,Tamanrasset,DZ-11
Algeria,DZA,DZ,Northern Africa,Tébessa,Tébessa,DZ-12
Algeria,DZA,DZ,Northern Africa,Tlemcen,Tlemcen,DZ-13
Algeria,DZA,DZ,Northern Africa,Tiaret,Tiaret,DZ-14
Algeria,DZA,DZ,Northern Africa,Tizi Ouzou,Tizi Ouzou,DZ-15
Algeria,DZA,DZ,Northern Africa,Alger,Alger,DZ-16
Algeria,DZA,DZ,Northern Africa,Djelfa,Djelfa,DZ-17
Algeria,DZA,DZ,Northern Africa,Jijel,Jijel,DZ-18
Algeria,DZA,DZ,Northern Africa,Sétif,Sétif,DZ-19
Algeria,DZA,DZ,Northern Africa,Saïda,Saïda,DZ-20
Algeria,DZA,DZ,Northern Africa,Skikda,Skikda,DZ-21
Algeria,DZA,DZ,Northern Africa,Sidi Bel Abbès,Sidi Bel Abbès,DZ-22
Algeria,DZA,DZ,Northern Africa,Annaba,Annaba,DZ-23
Algeria,DZA,DZ,Northern Africa,Guelma,Guelma,DZ-24
Algeria,DZA,DZ,Northern Africa,Constantine,Constantine,DZ-25
Algeria,DZA,DZ,Northern Africa,Médéa,Médéa,DZ-26
Algeria,DZA,DZ,Northern Africa,Mostaganem,Mostaganem,DZ-27
Algeria,DZA,DZ,Northern Africa,M'sila,M'sila,DZ-28
Algeria,DZA,DZ,Northern Africa,Mascara,Mascara,DZ-29
Algeria,DZA,DZ,Northern Africa,Ouargla,Ouargla,DZ-30
Algeria,DZA,DZ,Northern Africa,Oran,Oran,DZ-31
Algeria,DZA,DZ,Northern Africa,El Bayadh,El Bayadh,DZ-32
Algeria,DZA,DZ,Northern Africa,Illizi,Illizi,DZ-33
Algeria,DZA,DZ,Northern Africa,Bordj Bou Arréridj,Bordj Bou Arréridj,DZ-34
Algeria,DZA,DZ,Northern Africa,Boumerdès,Boumerdès,DZ-35
Algeria,DZA,DZ,Northern Africa,El Tarf,El Tarf,DZ-36
Algeria,DZA,DZ,Northern Africa,Tindouf,Tindouf,DZ-37
Algeria,DZA,DZ,Northern Africa,Tissemsilt,Tissemsilt,DZ-38
Algeria,DZA,DZ,Northern Africa,El Oued,El Oued,DZ-39
Algeria,DZA,DZ,Northern Africa,Khenchela,Khenchela,DZ-40
Algeria,DZA,DZ,Northern Africa,Souk Ahras,Souk Ahras,DZ-41
Algeria,DZA,DZ,Northern Africa,Tipaza,Tipaza,DZ-42
Algeria,DZA,DZ,Northern Africa,Mila,Mila,DZ-43
Algeria,DZA,DZ,Northern Africa,Aïn Defla,Aïn Defla,DZ-44
Algeria,DZA,DZ,Northern Africa,Naama,Naama,DZ-45
Algeria,DZA,DZ,Northern Africa,Aïn Témouchent,Aïn Témouchent,DZ-46
Algeria,DZA,DZ,Northern Africa,Ghardaïa,Ghardaïa,DZ-47
Algeria,DZA,DZ,Northern Africa,Relizane,Relizane,DZ-48
Algeria,DZA,DZ,Northern Africa,Timimoun,Timimoun,DZ-49
Algeria,DZA,DZ,Northern Africa,Bordj Badji Mokhtar,Bordj Badji Mokhtar,DZ-50
Algeria,DZA,DZ,Northern Africa,Ouled Djellal,Ouled Djellal,DZ-51
Algeria,DZA,DZ,Northern Africa,Béni Abbès,Béni Abbès,DZ-52
Algeria,DZA,DZ,Northern Africa,In Salah,In Salah,DZ-53
Algeria,DZA,DZ,Northern Africa,In Guezzam,In Guezzam,DZ-54
Algeria,DZA,DZ,Northern Africa,Touggourt,Touggourt,DZ-55
Algeria,DZA,DZ,Northern Africa,Djanet,Djanet,DZ-56
Algeria,DZA,DZ,Northern Africa,El Meghaier,El Meghaier,DZ-57
Algeria,DZA,DZ,Northern Africa,El Meniaa,El Meniaa,DZ-58
Ecuador,ECU,EC,South America,Azuay,Azuay,EC-A
Ecuador,ECU,EC,South America,Bolivar,Bolívar,EC-B
Ecuador,ECU,EC,South America,Carchi,Carchi,EC-C
Ecuador,ECU,EC,South America,Orellana,Orellana,EC-D
Ecuador,ECU,EC,South America,Esmeraldas,Esmeraldas,EC-E
Ecuador,ECU,EC,South America,Canar,Cañar,EC-F
Ecuador,ECU,EC,South America,Guayas,Guayas,EC-G
Ecuador,ECU,EC,South America,Chimborazo,Chimborazo,EC-H
Ecuador,ECU,EC,South America,Imbabura,Imbabura,EC-I
Ecuador,ECU,EC,South America,Loja,Loja,EC-L
Ecuador,ECU,EC,South America,Manabi,Manabí,EC-M
Ecuador,ECU,EC,South America,Napo,Napo,EC-N
Ecuador,ECU,EC,South America,The Gold,El Oro,EC-O
Ecuador,ECU,EC,South America,Pichincha,Pichincha,EC-P
Ecuador,ECU,EC,South America,The Rivers,Los Ríos,EC-R
Ecuador,ECU,EC,South America,Morona Santiago,Morona Santiago,EC-S
Ecuador,ECU,EC,South America,Saint Dominic,Santo Domingo de los Tsáchilas,EC-SD
Ecuador,ECU,EC,South America,Saint Helen,Santa Elena,EC-SE
Ecuador,ECU,EC,South America,Tungurahua,Tungurahua,EC-T
Ecuador,ECU,EC,South America,Sucumbios,Sucumbíos,EC-U
Ecuador,ECU,EC,South America,Galapagos,Galápagos,EC-W
Ecuador,ECU,EC,South America,Cotopaxi,Cotopaxi,EC-X
Ecuador,ECU,EC,South America,Pastaza,Pastaza,EC-Y
Ecuador,ECU,EC,South America,Zamora Chinchipe,Zamora Chinchipe,EC-Z
Estonia,EST,EE,Eastern Europe,Alutaguse,Alutaguse,EE-130
Estonia,EST,EE,Eastern Europe,Anija,Anija,EE-141
Estonia,EST,EE,Eastern Europe,Antsla,Antsla,EE-142
Estonia,EST,EE,Eastern Europe,Elva,Elva,EE-171
Estonia,EST,EE,Eastern Europe,Haapsalu,Haapsalu,EE-184
Estonia,EST,EE,Eastern Europe,Haljala,Haljala,EE-191
Estonia,EST,EE,Eastern Europe,Harku,Harku,EE-198
Estonia,EST,EE,Eastern Europe,Hiiumaa,Hiiumaa,EE-205
Estonia,EST,EE,Eastern Europe,Häädemeeste,Häädemeeste,EE-214
Estonia,EST,EE,Eastern Europe,Jõelähtme,Jõelähtme,EE-245
Estonia,EST,EE,Eastern Europe,Jõgeva,Jõgeva,EE-247
Estonia,EST,EE,Eastern Europe,Jõhvi,Jõhvi,EE-251
Estonia,EST,EE,Eastern Europe,Järva,Järva,EE-255
Estonia,EST,EE,Eastern Europe,Kadrina,Kadrina,EE-272
Estonia,EST,EE,Eastern Europe,Kambja,Kambja,EE-283
Estonia,EST,EE,Eastern Europe,Kanepi,Kanepi,EE-284
Estonia,EST,EE,Eastern Europe,Kastre,Kastre,EE-291
Estonia,EST,EE,Eastern Europe,Kehtna,Kehtna,EE-293
Estonia,EST,EE,Eastern Europe,Keila,Keila,EE-296
Estonia,EST,EE,Eastern Europe,Kihnu,Kihnu,EE-303
Estonia,EST,EE,Eastern Europe,Kiili,Kiili,EE-305
Estonia,EST,EE,Eastern Europe,Kohila,Kohila,EE-317
Estonia,EST,EE,Eastern Europe,Kohtla-Järve,Kohtla-Järve,EE-321
Estonia,EST,EE,Eastern Europe,Kose,Kose,EE-338
Estonia,EST,EE,Eastern Europe,Kuusalu,Kuusalu,EE-353
Estonia,EST,EE,Eastern Europe,Loksa,Loksa,EE-424
Estonia,EST,EE,Eastern Europe,Lääneranna,Lääneranna,EE-430
Estonia,EST,EE,Eastern Europe,Lääne-Harju,Lääne-Harju,EE-431
Estonia,EST,EE,Eastern Europe,Luunja,Luunja,EE-432
Estonia,EST,EE,Eastern Europe,Lääne-Nigula,Lääne-Nigula,EE-441
Estonia,EST,EE,Eastern Europe,Lüganuse,Lüganuse,EE-442
Estonia,EST,EE,Eastern Europe,Maardu,Maardu,EE-446
Estonia,EST,EE,Eastern Europe,Muhu,Muhu,EE-478
Estonia,EST,EE,Eastern Europe,Mulgi,Mulgi,EE-480
Estonia,EST,EE,Eastern Europe,Mustvee,Mustvee,EE-486
Estonia,EST,EE,Eastern Europe,Märjamaa,Märjamaa,EE-503
Estonia,EST,EE,Eastern Europe,Narva,Narva,EE-511
Estonia,EST,EE,Eastern Europe,Narva-Jõesuu,Narva-Jõesuu,EE-514
Estonia,EST,EE,Eastern Europe,Nõo,Nõo,EE-528
Estonia,EST,EE,Eastern Europe,Otepää,Otepää,EE-557
Estonia,EST,EE,Eastern Europe,Paide,Paide,EE-567
Estonia,EST,EE,Eastern Europe,Peipsiääre,Peipsiääre,EE-586
Estonia,EST,EE,Eastern Europe,Põhja-Sakala,Põhja-Sakala,EE-615
Estonia,EST,EE,Eastern Europe,Põltsamaa,Põltsamaa,EE-618
Estonia,EST,EE,Eastern Europe,Põlva,Põlva,EE-622
Estonia,EST,EE,Eastern Europe,Pärnu,Pärnu,EE-624
Estonia,EST,EE,Eastern Europe,Põhja-Pärnumaa,Põhja-Pärnumaa,EE-638
Estonia,EST,EE,Eastern Europe,Raasiku,Raasiku,EE-651
Estonia,EST,EE,Eastern Europe,Rae,Rae,EE-653
Estonia,EST,EE,Eastern Europe,Rakvere,Rakvere,EE-661
Estonia,EST,EE,Eastern Europe,Rakvere,Rakvere,EE-663
Estonia,EST,EE,Eastern Europe,Rapla,Rapla,EE-668
Estonia,EST,EE,Eastern Europe,Ruhnu,Ruhnu,EE-689
Estonia,EST,EE,Eastern Europe,Rõuge,Rõuge,EE-698
Estonia,EST,EE,Eastern Europe,Räpina,Räpina,EE-708
Estonia,EST,EE,Eastern Europe,Saarde,Saarde,EE-712
Estonia,EST,EE,Eastern Europe,Saaremaa,Saaremaa,EE-714
Estonia,EST,EE,Eastern Europe,Saku,Saku,EE-719
Estonia,EST,EE,Eastern Europe,Saue,Saue,EE-726
Estonia,EST,EE,Eastern Europe,Setomaa,Setomaa,EE-732
Estonia,EST,EE,Eastern Europe,Sillamäe,Sillamäe,EE-735
Estonia,EST,EE,Eastern Europe,Tallinn,Tallinn,EE-784
Estonia,EST,EE,Eastern Europe,Tapa,Tapa,EE-792
Estonia,EST,EE,Eastern Europe,Tartu,Tartu,EE-793
Estonia,EST,EE,Eastern Europe,Tartu,Tartu,EE-796
Estonia,EST,EE,Eastern Europe,Toila,Toila,EE-803
Estonia,EST,EE,Eastern Europe,Tori,Tori,EE-809
Estonia,EST,EE,Eastern Europe,Tõrva,Tõrva,EE-824
Estonia,EST,EE,Eastern Europe,Türi,Türi,EE-834
Estonia,EST,EE,Eastern Europe,Valga,Valga,EE-855
Estonia,EST,EE,Eastern Europe,Viimsi,Viimsi,EE-890
Estonia,EST,EE,Eastern Europe,Viljandi,Viljandi,EE-897
Estonia,EST,EE,Eastern Europe,Viljandi,Viljandi,EE-899
Estonia,EST,EE,Eastern Europe,Vinni,Vinni,EE-901
Estonia,EST,EE,Eastern Europe,Viru-Nigula,Viru-Nigula,EE-903
Estonia,EST,EE,Eastern Europe,Vormsi,Vormsi,EE-907
Estonia,EST,EE,Eastern Europe,Võru,Võru,EE-917
Estonia,EST,EE,Eastern Europe,Võru,Võru,EE-919
Estonia,EST,EE,Eastern Europe,Väike-Maarja,Väike-Maarja,EE-928
Egypt,EGY,EG,Northern Africa,Alexandria,Al Iskandarīyah,EG-ALX
Egypt,EGY,EG,Northern Africa,Aswan,Aswān,EG-ASN
Egypt,EGY,EG,Northern Africa,Asyut,Asyūţ,EG-AST
Egypt,EGY,EG,Northern Africa,Red Sea,Al Baḩr al Aḩmar,EG-BA
Egypt,EGY,EG,Northern Africa,Beheira,Al Buḩayrah,EG-BH
Egypt,EGY,EG,Northern Africa,Beni Suef,Banī Suwayf,EG-BNS
Egypt,EGY,EG,Northern Africa,Cairo,Al Qāhirah,EG-C
Egypt,EGY,EG,Northern Africa,Dakahlia,Ad Daqahlīyah,EG-DK
Egypt,EGY,EG,Northern Africa,Damietta,Dumyāţ,EG-DT
Egypt,EGY,EG,Northern Africa,Faiyum,Al Fayyūm,EG-FYM
Egypt,EGY,EG,Northern Africa,Gharbia,Al Gharbīyah,EG-GH
Egypt,EGY,EG,Northern Africa,Giza,Al Jīzah,EG-GZ
Egypt,EGY,EG,Northern Africa,Ismailia,Al Ismā'īlīyah,EG-IS
Egypt,EGY,EG,Northern Africa,South Sinai,Janūb Sīnā',EG-JS
Egypt,EGY,EG,Northern Africa,Qalyubia,Al Qalyūbīyah,EG-KB
Egypt,EGY,EG,Northern Africa,Kafr el-Sheikh,Kafr ash Shaykh,EG-KFS
Egypt,EGY,EG,Northern Africa,Qena,Qinā,EG-KN
Egypt,EGY,EG,Northern Africa,Luxor,Al Uqşur,EG-LX
Egypt,EGY,EG,Northern Africa,Minya,Al Minyā,EG-MN
Egypt,EGY,EG,Northern Africa,Monufia,Al Minūfīyah,EG-MNF
Egypt,EGY,EG,Northern Africa,Matrouh,Maţrūḩ,EG-MT
Egypt,EGY,EG,Northern Africa,Port Said,Būr Sa‘īd,EG-PTS
Egypt,EGY,EG,Northern Africa,Sohag,Sūhāj,EG-SHG
Egypt,EGY,EG,Northern Africa,Al Sharqia,Ash Sharqīyah,EG-SHR
Egypt,EGY,EG,Northern Africa,North Sinai,Shamāl Sīnā',EG-SIN
Egypt,EGY,EG,Northern Africa,Suez,As Suways,EG-SUZ
Egypt,EGY,EG,Northern Africa,New Valley,Al Wādī al Jadīd,EG-WAD
Eritrea,ERI,ER,Eastern Africa,Anseba,Ansabā,ER-AN
Eritrea,ERI,ER,Eastern Africa,Southern Red Sea,Janūbī al Baḩrī al Aḩmar,ER-DK
Eritrea,ERI,ER,Eastern Africa,Southern,Al Janūbī,ER-DU
Eritrea,ERI,ER,Eastern Africa,Gash-Barka,Qāsh-Barkah,ER-GB
Eritrea,ERI,ER,Eastern Africa,Central,Al Awsaţ,ER-MA
Eritrea,ERI,ER,Eastern Africa,Northern Red Sea,Shimālī al Baḩrī al Aḩmar,ER-SK
Spain,ESP,ES,Western Europe,AlicanteAlacant (ca),AlicanteAlacant (ca),ES-A
Spain,ESP,ES,Western Europe,Albacete,Albacete,ES-AB
Spain,ESP,ES,Western Europe,Almería,Almería,ES-AL
Spain,ESP,ES,Western Europe,Ávila,Ávila,ES-AV
Spain,ESP,ES,Western Europe,Barcelona (ca) [Barcelona],Barcelona (ca) [Barcelona],ES-B
Spain,ESP,ES,Western Europe,Badajoz,Badajoz,ES-BA
Spain,ESP,ES,Western Europe,Bizkaia (eu),Bizkaia (eu),ES-BI
Spain,ESP,ES,Western Europe,Burgos,Burgos,ES-BU
Spain,ESP,ES,Western Europe,A Coruña (gl) [La Coruña],A Coruña (gl) [La Coruña],ES-C
Spain,ESP,ES,Western Europe,Cádiz,Cádiz,ES-CA
Spain,ESP,ES,Western Europe,Cáceres,Cáceres,ES-CC
Spain,ESP,ES,Western Europe,Córdoba,Córdoba,ES-CO
Spain,ESP,ES,Western Europe,Ciudad Real,Ciudad Real,ES-CR
Spain,ESP,ES,Western Europe,CastellónCastelló (ca),CastellónCastelló (ca),ES-CS
Spain,ESP,ES,Western Europe,Cuenca,Cuenca,ES-CU
Spain,ESP,ES,Western Europe,Las Palmas,Las Palmas,ES-GC
Spain,ESP,ES,Western Europe,Girona (ca) [Gerona],Girona (ca) [Gerona],ES-GI
Spain,ESP,ES,Western Europe,Granada,Granada,ES-GR
Spain,ESP,ES,Western Europe,Guadalajara,Guadalajara,ES-GU
Spain,ESP,ES,Western Europe,Huelva,Huelva,ES-H
Spain,ESP,ES,Western Europe,Huesca,Huesca,ES-HU
Spain,ESP,ES,Western Europe,Jaén,Jaén,ES-J
Spain,ESP,ES,Western Europe,Lleida (ca) [Lérida],Lleida (ca) [Lérida],ES-L
Spain,ESP,ES,Western Europe,León,León,ES-LE
Spain,ESP,ES,Western Europe,La Rioja,La Rioja,ES-LO
Spain,ESP,ES,Western Europe,Lugo (gl) [Lugo],Lugo (gl) [Lugo],ES-LU
Spain,ESP,ES,Western Europe,Madrid,Madrid,ES-M
Spain,ESP,ES,Western Europe,Málaga,Málaga,ES-MA
Spain,ESP,ES,Western Europe,Murcia,Murcia,ES-MU
Spain,ESP,ES,Western Europe,NavarraNafarroa (eu),NavarraNafarroa (eu),ES-NA
Spain,ESP,ES,Western Europe,Asturias,Asturias,ES-O
Spain,ESP,ES,Western Europe,Ourense (gl) [Orense],Ourense (gl) [Orense],ES-OR
Spain,ESP,ES,Western Europe,Palencia,Palencia,ES-P
Spain,ESP,ES,Western Europe,Illes Balears (ca) [Islas Baleares],Illes Balears (ca) [Islas Baleares],ES-PM
Spain,ESP,ES,Western Europe,Pontevedra (gl) [Pontevedra],Pontevedra (gl) [Pontevedra],ES-PO
Spain,ESP,ES,Western Europe,Cantabria,Cantabria,ES-S
Spain,ESP,ES,Western Europe,Salamanca,Salamanca,ES-SA
Spain,ESP,ES,Western Europe,Sevilla,Sevilla,ES-SE
Spain,ESP,ES,Western Europe,Segovia,Segovia,ES-SG
Spain,ESP,ES,Western Europe,Soria,Soria,ES-SO
Spain,ESP,ES,Western Europe,Gipuzkoa (eu),Gipuzkoa (eu),ES-SS
Spain,ESP,ES,Western Europe,Tarragona (ca) [Tarragona],Tarragona (ca) [Tarragona],ES-T
Spain,ESP,ES,Western Europe,Teruel,Teruel,ES-TE
Spain,ESP,ES,Western Europe,Santa Cruz de Tenerife,Santa Cruz de Tenerife,ES-TF
Spain,ESP,ES,Western Europe,Toledo,Toledo,ES-TO
Spain,ESP,ES,Western Europe,ValenciaValència (ca),ValenciaValència (ca),ES-V
Spain,ESP,ES,Western Europe,Valladolid,Valladolid,ES-VA
Spain,ESP,ES,Western Europe,ÁlavaAraba (eu),ÁlavaAraba (eu),ES-VI
Spain,ESP,ES,Western Europe,Zaragoza,Zaragoza,ES-Z
Spain,ESP,ES,Western Europe,Zamora,Zamora,ES-ZA
Ethiopia,ETH,ET,Eastern Africa,Addis Ababa,Ādīs Ābeba,ET-AA
Ethiopia,ETH,ET,Eastern Africa,Afar,Āfar,ET-AF
Ethiopia,ETH,ET,Eastern Africa,Amara,Āmara,ET-AM
Ethiopia,ETH,ET,Eastern Africa,Benshangul-Gumaz,Bīnshangul Gumuz,ET-BE
Ethiopia,ETH,ET,Eastern Africa,Dire Dawa,Dirē Dawa,ET-DD
Ethiopia,ETH,ET,Eastern Africa,Gambela Peoples,Gambēla Hizboch,ET-GA
Ethiopia,ETH,ET,Eastern Africa,Harari People,Hārerī Hizb,ET-HA
Ethiopia,ETH,ET,Eastern Africa,Oromia,Oromīya,ET-OR
Ethiopia,ETH,ET,Eastern Africa,Sidama,Sīdama,ET-SI
Ethiopia,ETH,ET,Eastern Africa,"Southern Nations, Nationalities and Peoples",YeDebub Bihēroch Bihēreseboch na Hizboch,ET-SN
Ethiopia,ETH,ET,Eastern Africa,Somali,Sumalē,ET-SO
Ethiopia,ETH,ET,Eastern Africa,Southwest EthiopiaPeoples,YeDebub M‘irab Ītyop’iya Hizboch,ET-SW
Ethiopia,ETH,ET,Eastern Africa,Tigrai,Tigray,ET-TI
Finland,FIN,FI,Northern Europe,Åland,Ahvenanmaan maakunta,FI-01
Finland,FIN,FI,Northern Europe,South Karelia,Etelä-Karjala,FI-02
Finland,FIN,FI,Northern Europe,South Ostrobothnia,Etelä-Pohjanmaa,FI-03
Finland,FIN,FI,Northern Europe,South Savo,Etelä-Savo,FI-04
Finland,FIN,FI,Northern Europe,Kainuu,Kainuu,FI-05
Finland,FIN,FI,Northern Europe,Kanta-Häme,Kanta-Häme,FI-06
Finland,FIN,FI,Northern Europe,Central Ostrobothnia,Keski-Pohjanmaa,FI-07
Finland,FIN,FI,Northern Europe,Central Finland,Keski-Suomi,FI-08
Finland,FIN,FI,Northern Europe,Kymenlaakso,Kymenlaakso,FI-09
Finland,FIN,FI,Northern Europe,Lapland,Lappi,FI-10
Finland,FIN,FI,Northern Europe,Pirkanmaa,Pirkanmaa,FI-11
Finland,FIN,FI,Northern Europe,Ostrobothnia,Pohjanmaa,FI-12
Finland,FIN,FI,Northern Europe,North Karelia,Pohjois-Karjala,FI-13
Finland,FIN,FI,Northern Europe,North Ostrobothnia,Pohjois-Pohjanmaa,FI-14
Finland,FIN,FI,Northern Europe,North Savo,Pohjois-Savo,FI-15
Finland,FIN,FI,Northern Europe,Päijät-Häme,Päijät-Häme,FI-16
Finland,FIN,FI,Northern Europe,Satakunta,Satakunta,FI-17
Finland,FIN,FI,Northern Europe,Uusimaa,Uusimaa,FI-18
Finland,FIN,FI,Northern Europe,Southwest Finland,Varsinais-Suomi,FI-19
Fiji,FJI,FJ,Oceania,Ba,Ba,FJ-01
Fiji,FJI,FJ,Oceania,Bua,Bua,FJ-02
Fiji,FJI,FJ,Oceania,Cakaudrove,Cakaudrove,FJ-03
Fiji,FJI,FJ,Oceania,Kadavu,Kadavu,FJ-04
Fiji,FJI,FJ,Oceania,Lau,Lau,FJ-05
Fiji,FJI,FJ,Oceania,Lomaiviti,Lomaiviti,FJ-06
Fiji,FJI,FJ,Oceania,Macuata,Macuata,FJ-07
Fiji,FJI,FJ,Oceania,Nadroga and Navosa,Nadroga and Navosa,FJ-08
Fiji,FJI,FJ,Oceania,Naitasiri,Naitasiri,FJ-09
Fiji,FJI,FJ,Oceania,Namosi,Namosi,FJ-10
Fiji,FJI,FJ,Oceania,Ra,Ra,FJ-11
Fiji,FJI,FJ,Oceania,Rewa,Rewa,FJ-12
Fiji,FJI,FJ,Oceania,Serua,Serua,FJ-13
Fiji,FJI,FJ,Oceania,Tailevu,Tailevu,FJ-14
Micronesia (Federated States of),FSM,FM,Oceania,Kosrae,Kosrae,FM-KSA
Micronesia (Federated States of),FSM,FM,Oceania,Pohnpei,Pohnpei,FM-PNI
Micronesia (Federated States of),FSM,FM,Oceania,Chuuk,Chuuk,FM-TRK
Micronesia (Federated States of),FSM,FM,Oceania,Yap,Yap,FM-YAP
France,FRA,FR,Western Europe,Ain[note 1],Ain,FR-01
France,FRA,FR,Western Europe,Aisne[note 1],Aisne,FR-02
France,FRA,FR,Western Europe,Allier[note 1],Allier,FR-03
France,FRA,FR,Western Europe,Alps of Upper Provence,Alpes-de-Haute-Provence,FR-04
France,FRA,FR,Western Europe,Upper Alps,Hautes-Alpes,FR-05
France,FRA,FR,Western Europe,Maritime Alps,Alpes-Maritimes,FR-06
France,FRA,FR,Western Europe,Ardèche[note 1],Ardèche,FR-07
France,FRA,FR,Western Europe,Ardennes,Ardennes,FR-08
France,FRA,FR,Western Europe,Ariège[note 1],Ariège,FR-09
France,FRA,FR,Western Europe,Aube[note 1],Aube,FR-10
France,FRA,FR,Western Europe,Aude[note 1],Aude,FR-11
France,FRA,FR,Western Europe,Aveyron[note 1],Aveyron,FR-12
France,FRA,FR,Western Europe,Rhône Delta,Bouches-du-Rhône,FR-13
France,FRA,FR,Western Europe,Calvados,Calvados,FR-14
France,FRA,FR,Western Europe,Cantal,Cantal,FR-15
France,FRA,FR,Western Europe,Charente[note 1],Charente,FR-16
France,FRA,FR,Western Europe,Maritime Charente[note 1],Charente-Maritime,FR-17
France,FRA,FR,Western Europe,Cher[note 1],Cher,FR-18
France,FRA,FR,Western Europe,Corrèze[note 1],Corrèze,FR-19
France,FRA,FR,Western Europe,Gold Coast,Côte-d'Or,FR-21
France,FRA,FR,Western Europe,Armor Coast[note 2],Côtes-d'Armor,FR-22
France,FRA,FR,Western Europe,Creuse[note 1],Creuse,FR-23
France,FRA,FR,Western Europe,Dordogne[note 1],Dordogne,FR-24
France,FRA,FR,Western Europe,Doubs[note 1],Doubs,FR-25
France,FRA,FR,Western Europe,Drôme[note 1],Drôme,FR-26
France,FRA,FR,Western Europe,Eure[note 1],Eure,FR-27
France,FRA,FR,Western Europe,Eure and Loir,Eure-et-Loir,FR-28
France,FRA,FR,Western Europe,Finisterre,Finistère,FR-29
France,FRA,FR,Western Europe,Southern Corsica,Corse-du-Sud,FR-2A
France,FRA,FR,Western Europe,Upper Corsica,Haute-Corse,FR-2B
France,FRA,FR,Western Europe,Gard[note 4],Gard,FR-30
France,FRA,FR,Western Europe,Upper Garonne[note 1],Haute-Garonne,FR-31
France,FRA,FR,Western Europe,Gers[note 1],Gers,FR-32
France,FRA,FR,Western Europe,Gironde,Gironde,FR-33
France,FRA,FR,Western Europe,Herault,Hérault,FR-34
France,FRA,FR,Western Europe,Ille and Vilaine,Ille-et-Vilaine,FR-35
France,FRA,FR,Western Europe,Indre,Indre,FR-36
France,FRA,FR,Western Europe,Indre and Loire,Indre-et-Loire,FR-37
France,FRA,FR,Western Europe,Isere,Isère,FR-38
France,FRA,FR,Western Europe,Jura,Jura,FR-39
France,FRA,FR,Western Europe,Landes,Landes,FR-40
France,FRA,FR,Western Europe,Loir and Cher,Loir-et-Cher,FR-41
France,FRA,FR,Western Europe,Loire,Loire,FR-42
France,FRA,FR,Western Europe,Upper Loire[note 1],Haute-Loire,FR-43
France,FRA,FR,Western Europe,Atlantic Loire,Loire-Atlantique,FR-44
France,FRA,FR,Western Europe,Loiret,Loiret,FR-45
France,FRA,FR,Western Europe,Lot,Lot,FR-46
France,FRA,FR,Western Europe,Lot and Garonne,Lot-et-Garonne,FR-47
France,FRA,FR,Western Europe,Lozere,Lozère,FR-48
France,FRA,FR,Western Europe,Maine and Loire,Maine-et-Loire,FR-49
France,FRA,FR,Western Europe,Channel[note 5],Manche,FR-50
France,FRA,FR,Western Europe,Marne,Marne,FR-51
France,FRA,FR,Western Europe,Upper Marne[note 1],Haute-Marne,FR-52
France,FRA,FR,Western Europe,Mayenne,Mayenne,FR-53
France,FRA,FR,Western Europe,Meurthe and Moselle,Meurthe-et-Moselle,FR-54
France,FRA,FR,Western Europe,Meuse,Meuse,FR-55
France,FRA,FR,Western Europe,Morbihan,Morbihan,FR-56
France,FRA,FR,Western Europe,Moselle,Moselle,FR-57
France,FRA,FR,Western Europe,Nievre,Nièvre,FR-58
France,FRA,FR,Western Europe,North,Nord,FR-59
France,FRA,FR,Western Europe,Oise,Oise,FR-60
France,FRA,FR,Western Europe,Orne,Orne,FR-61
France,FRA,FR,Western Europe,Strait of Calais[note 6],Pas-de-Calais,FR-62
France,FRA,FR,Western Europe,Puy de Dome[note 7],Puy-de-Dôme,FR-63
France,FRA,FR,Western Europe,Atlantic Pyrenees,Pyrénées-Atlantiques,FR-64
France,FRA,FR,Western Europe,Upper Pyrenees,Hautes-Pyrénées,FR-65
France,FRA,FR,Western Europe,Eastern Pyrenees,Pyrénées-Orientales,FR-66
France,FRA,FR,Western Europe,Rhône,Rhône[1],FR-69
France,FRA,FR,Western Europe,Greater Lyon,Métropole de Lyon,FR-69M
France,FRA,FR,Western Europe,Alsace,Alsace,FR-6AE
France,FRA,FR,Western Europe,Upper Saône[note 1],Haute-Saône,FR-70
France,FRA,FR,Western Europe,Saone and Loire,Saône-et-Loire,FR-71
France,FRA,FR,Western Europe,Sarthe,Sarthe,FR-72
France,FRA,FR,Western Europe,Savoy,Savoie,FR-73
France,FRA,FR,Western Europe,Upper Savoy,Haute-Savoie,FR-74
France,FRA,FR,Western Europe,City of Paris,Paris,FR-75C
France,FRA,FR,Western Europe,Maritime Seine,Seine-Maritime,FR-76
France,FRA,FR,Western Europe,Seine and Marne,Seine-et-Marne,FR-77
France,FRA,FR,Western Europe,Yvelines,Yvelines,FR-78
France,FRA,FR,Western Europe,Two Sèvres[note 3],Deux-Sèvres,FR-79
France,FRA,FR,Western Europe,Somme,Somme,FR-80
France,FRA,FR,Western Europe,Tarn,Tarn,FR-81
France,FRA,FR,Western Europe,Tarn and Garonne,Tarn-et-Garonne,FR-82
France,FRA,FR,Western Europe,Var[note 8],Var,FR-83
France,FRA,FR,Western Europe,Vaucluse,Vaucluse,FR-84
France,FRA,FR,Western Europe,Vendee,Vendée,FR-85
France,FRA,FR,Western Europe,Vienne,Vienne,FR-86
France,FRA,FR,Western Europe,Upper Vienne[note 1],Haute-Vienne,FR-87
France,FRA,FR,Western Europe,Vosges,Vosges,FR-88
France,FRA,FR,Western Europe,Yonne,Yonne,FR-89
France,FRA,FR,Western Europe,Belfort Territory,Territoire de Belfort,FR-90
France,FRA,FR,Western Europe,Essonne[note 1],Essonne,FR-91
France,FRA,FR,Western Europe,Upper Seine,Hauts-de-Seine,FR-92
France,FRA,FR,Western Europe,Saint Denis Seine,Seine-Saint-Denis,FR-93
France,FRA,FR,Western Europe,Marne Valley,Val-de-Marne,FR-94
France,FRA,FR,Western Europe,Oise Valley,Val-d'Oise,FR-95
France,FRA,FR,Western Europe,Guadeloupe,Guadeloupe,FR-971
France,FRA,FR,Western Europe,Martinique,Martinique,FR-972
France,FRA,FR,Western Europe,French Guiana,Guyane (française),FR-973
France,FRA,FR,Western Europe,Reunion,La Réunion,FR-974
France,FRA,FR,Western Europe,Mayotte,Mayotte,FR-976
Gabon,GAB,GA,Central Africa,Estuary,Estuaire,GA-1
Gabon,GAB,GA,Central Africa,Upper Ogooué,Haut-Ogooué,GA-2
Gabon,GAB,GA,Central Africa,Middle Ogooué,Moyen-Ogooué,GA-3
Gabon,GAB,GA,Central Africa,Ngounié,Ngounié,GA-4
Gabon,GAB,GA,Central Africa,Nyanga,Nyanga,GA-5
Gabon,GAB,GA,Central Africa,Ogooué-Ivindo,Ogooué-Ivindo,GA-6
Gabon,GAB,GA,Central Africa,Ogooué-Lolo,Ogooué-Lolo,GA-7
Gabon,GAB,GA,Central Africa,Maritime Ogooué,Ogooué-Maritime,GA-8
Gabon,GAB,GA,Central Africa,Woleu-Ntem,Woleu-Ntem,GA-9
United Kingdom of Great Britain and Northern Ireland,GBR,GB,Western Europe,"Armagh City, Banbridge and Craigavon","Armagh City, Banbridge and Craigavon",GB-ABC
United Kingdom of Great Britain and Northern Ireland,GBR,GB,Western Europe,Aberdeenshire,Aberdeenshire,GB-ABD
United Kingdom of Great Britain and Northern Ireland,GBR,GB,Western Europe,Aberdeen City,Aberdeen City,GB-ABE
United Kingdom of Great Britain and Northern Ireland,GBR,GB,Western Europe,Argyll and Bute,Argyll and Bute,GB-AGB
United Kingdom of Great Britain and Northern Ireland,GBR,GB,Western Europe,Isle of Anglesey [Sir Ynys Môn GB-YNM],Isle of Anglesey [Sir Ynys Môn GB-YNM],GB-AGY
United Kingdom of Great Britain and Northern Ireland,GBR,GB,Western Europe,Ards and North Down,Ards and North Down,GB-AND
United Kingdom of Great Britain and Northern Ireland,GBR,GB,Western Europe,Antrim and Newtownabbey,Antrim and Newtownabbey,GB-ANN
United Kingdom of Great Britain and Northern Ireland,GBR,GB,Western Europe,Angus,Angus,GB-ANS
United Kingdom of Great Britain and Northern Ireland,GBR,GB,Western Europe,Bath and North East Somerset,Bath and North East Somerset,GB-BAS
United Kingdom of Great Britain and Northern Ireland,GBR,GB,Western Europe,Blackburn with Darwen,Blackburn with Darwen,GB-BBD
United Kingdom of Great Britain and Northern Ireland,GBR,GB,Western Europe,"Bournemouth, Christchurch and Poole","Bournemouth, Christchurch and Poole",GB-BCP
United Kingdom of Great Britain and Northern Ireland,GBR,GB,Western Europe,Bedford,Bedford,GB-BDF
United Kingdom of Great Britain and Northern Ireland,GBR,GB,Western Europe,Barking and Dagenham,Barking and Dagenham,GB-BDG
United Kingdom of Great Britain and Northern Ireland,GBR,GB,Western Europe,Brent,Brent,GB-BEN
United Kingdom of Great Britain and Northern Ireland,GBR,GB,Western Europe,Bexley,Bexley,GB-BEX
United Kingdom of Great Britain and Northern Ireland,GBR,GB,Western Europe,Belfast City,Belfast City,GB-BFS
United Kingdom of Great Britain and Northern Ireland,GBR,GB,Western Europe,Bridgend [Pen-y-bont ar Ogwr GB-POG],Bridgend [Pen-y-bont ar Ogwr GB-POG],GB-BGE
United Kingdom of Great Britain and Northern Ireland,GBR,GB,Western Europe,Blaenau Gwent,Blaenau Gwent,GB-BGW
United Kingdom of Great Britain and Northern Ireland,GBR,GB,Western Europe,Birmingham,Birmingham,GB-BIR
United Kingdom of Great Britain and Northern Ireland,GBR,GB,Western Europe,Buckinghamshire,Buckinghamshire,GB-BKM
United Kingdom of Great Britain and Northern Ireland,GBR,GB,Western Europe,Barnet,Barnet,GB-BNE
United Kingdom of Great Britain and Northern Ireland,GBR,GB,Western Europe,Brighton and Hove,Brighton and Hove,GB-BNH
United Kingdom of Great Britain and Northern Ireland,GBR,GB,Western Europe,Barnsley,Barnsley,GB-BNS
United Kingdom of Great Britain and Northern Ireland,GBR,GB,Western Europe,Bolton,Bolton,GB-BOL
United Kingdom of Great Britain and Northern Ireland,GBR,GB,Western Europe,Blackpool,Blackpool,GB-BPL
United Kingdom of Great Britain and Northern Ireland,GBR,GB,Western Europe,Bracknell Forest,Bracknell Forest,GB-BRC
United Kingdom of Great Britain and Northern Ireland,GBR,GB,Western Europe,Bradford,Bradford,GB-BRD
United Kingdom of Great Britain and Northern Ireland,GBR,GB,Western Europe,Bromley,Bromley,GB-BRY
United Kingdom of Great Britain and Northern Ireland,GBR,GB,Western Europe,"Bristol, City of","Bristol, City of",GB-BST
United Kingdom of Great Britain and Northern Ireland,GBR,GB,Western Europe,Bury,Bury,GB-BUR
United Kingdom of Great Britain and Northern Ireland,GBR,GB,Western Europe,Cambridgeshire,Cambridgeshire,GB-CAM
United Kingdom of Great Britain and Northern Ireland,GBR,GB,Western Europe,Caerphilly [Caerffili GB-CAF],Caerphilly [Caerffili GB-CAF],GB-CAY
United Kingdom of Great Britain and Northern Ireland,GBR,GB,Western Europe,Central Bedfordshire,Central Bedfordshire,GB-CBF
United Kingdom of Great Britain and Northern Ireland,GBR,GB,Western Europe,Causeway Coast and Glens,Causeway Coast and Glens,GB-CCG
United Kingdom of Great Britain and Northern Ireland,GBR,GB,Western Europe,Ceredigion [Sir Ceredigion],Ceredigion [Sir Ceredigion],GB-CGN
United Kingdom of Great Britain and Northern Ireland,GBR,GB,Western Europe,Cheshire East,Cheshire East,GB-CHE
United Kingdom of Great Britain and Northern Ireland,GBR,GB,Western Europe,Cheshire West and Chester,Cheshire West and Chester,GB-CHW
United Kingdom of Great Britain and Northern Ireland,GBR,GB,Western Europe,Calderdale,Calderdale,GB-CLD
United Kingdom of Great Britain and Northern Ireland,GBR,GB,Western Europe,Clackmannanshire,Clackmannanshire,GB-CLK
United Kingdom of Great Britain and Northern Ireland,GBR,GB,Western Europe,Cumbria,Cumbria,GB-CMA
United Kingdom of Great Britain and Northern Ireland,GBR,GB,Western Europe,Camden,Camden,GB-CMD
United Kingdom of Great Britain and Northern Ireland,GBR,GB,Western Europe,Carmarthenshire [Sir Gaerfyrddin GB-GFY],Carmarthenshire [Sir Gaerfyrddin GB-GFY],GB-CMN
United Kingdom of Great Britain and Northern Ireland,GBR,GB,Western Europe,Cornwall,Cornwall,GB-CON
United Kingdom of Great Britain and Northern Ireland,GBR,GB,Western Europe,Coventry,Coventry,GB-COV
United Kingdom of Great Britain and Northern Ireland,GBR,GB,Western Europe,Cardiff [Caerdydd GB-CRD],Cardiff [Caerdydd GB-CRD],GB-CRF
United Kingdom of Great Britain and Northern Ireland,GBR,GB,Western Europe,Croydon,Croydon,GB-CRY
United Kingdom of Great Britain and Northern Ireland,GBR,GB,Western Europe,Conwy,Conwy,GB-CWY
United Kingdom of Great Britain and Northern Ireland,GBR,GB,Western Europe,Darlington,Darlington,GB-DAL
United Kingdom of Great Britain and Northern Ireland,GBR,GB,Western Europe,Derbyshire,Derbyshire,GB-DBY
United Kingdom of Great Britain and Northern Ireland,GBR,GB,Western Europe,Denbighshire [Sir Ddinbych GB-DDB],Denbighshire [Sir Ddinbych GB-DDB],GB-DEN
United Kingdom of Great Britain and Northern Ireland,GBR,GB,Western Europe,Derby,Derby,GB-DER
United Kingdom of Great Britain and Northern Ireland,GBR,GB,Western Europe,Devon,Devon,GB-DEV
United Kingdom of Great Britain and Northern Ireland,GBR,GB,Western Europe,Dumfries and Galloway,Dumfries and Galloway,GB-DGY
United Kingdom of Great Britain and Northern Ireland,GBR,GB,Western Europe,Doncaster,Doncaster,GB-DNC
United Kingdom of Great Britain and Northern Ireland,GBR,GB,Western Europe,Dundee City,Dundee City,GB-DND
United Kingdom of Great Britain and Northern Ireland,GBR,GB,Western Europe,Dorset,Dorset,GB-DOR
United Kingdom of Great Britain and Northern Ireland,GBR,GB,Western Europe,Derry and Strabane,Derry and Strabane,GB-DRS
United Kingdom of Great Britain and Northern Ireland,GBR,GB,Western Europe,Dudley,Dudley,GB-DUD
United Kingdom of Great Britain and Northern Ireland,GBR,GB,Western Europe,"Durham, County","Durham, County",GB-DUR
United Kingdom of Great Britain and Northern Ireland,GBR,GB,Western Europe,Ealing,Ealing,GB-EAL
United Kingdom of Great Britain and Northern Ireland,GBR,GB,Western Europe,East Ayrshire,East Ayrshire,GB-EAY
United Kingdom of Great Britain and Northern Ireland,GBR,GB,Western Europe,"Edinburgh, City of","Edinburgh, City of",GB-EDH
United Kingdom of Great Britain and Northern Ireland,GBR,GB,Western Europe,East Dunbartonshire,East Dunbartonshire,GB-EDU
United Kingdom of Great Britain and Northern Ireland,GBR,GB,Western Europe,East Lothian,East Lothian,GB-ELN
United Kingdom of Great Britain and Northern Ireland,GBR,GB,Western Europe,Eilean Siar,Eilean Siar,GB-ELS
United Kingdom of Great Britain and Northern Ireland,GBR,GB,Western Europe,Enfield,Enfield,GB-ENF
United Kingdom of Great Britain and Northern Ireland,GBR,GB,Western Europe,East Renfrewshire,East Renfrewshire,GB-ERW
United Kingdom of Great Britain and Northern Ireland,GBR,GB,Western Europe,East Riding of Yorkshire,East Riding of Yorkshire,GB-ERY
United Kingdom of Great Britain and Northern Ireland,GBR,GB,Western Europe,Essex,Essex,GB-ESS
United Kingdom of Great Britain and Northern Ireland,GBR,GB,Western Europe,East Sussex,East Sussex,GB-ESX
United Kingdom of Great Britain and Northern Ireland,GBR,GB,Western Europe,Falkirk,Falkirk,GB-FAL
United Kingdom of Great Britain and Northern Ireland,GBR,GB,Western Europe,Fife,Fife,GB-FIF
United Kingdom of Great Britain and Northern Ireland,GBR,GB,Western Europe,Flintshire [Sir y Fflint GB-FFL],Flintshire [Sir y Fflint GB-FFL],GB-FLN
United Kingdom of Great Britain and Northern Ireland,GBR,GB,Western Europe,Fermanagh and Omagh,Fermanagh and Omagh,GB-FMO
United Kingdom of Great Britain and Northern Ireland,GBR,GB,Western Europe,Gateshead,Gateshead,GB-GAT
United Kingdom of Great Britain and Northern Ireland,GBR,GB,Western Europe,Glasgow City,Glasgow City,GB-GLG
United Kingdom of Great Britain and Northern Ireland,GBR,GB,Western Europe,Gloucestershire,Gloucestershire,GB-GLS
United Kingdom of Great Britain and Northern Ireland,GBR,GB,Western Europe,Greenwich,Greenwich,GB-GRE
United Kingdom of Great Britain and Northern Ireland,GBR,GB,Western Europe,Gwynedd,Gwynedd,GB-GWN
United Kingdom of Great Britain and Northern Ireland,GBR,GB,Western Europe,Halton,Halton,GB-HAL
United Kingdom of Great Britain and Northern Ireland,GBR,GB,Western Europe,Hampshire,Hampshire,GB-HAM
United Kingdom of Great Britain and Northern Ireland,GBR,GB,Western Europe,Havering,Havering,GB-HAV
United Kingdom of Great Britain and Northern Ireland,GBR,GB,Western Europe,Hackney,Hackney,GB-HCK
United Kingdom of Great Britain and Northern Ireland,GBR,GB,Western Europe,Herefordshire,Herefordshire,GB-HEF
United Kingdom of Great Britain and Northern Ireland,GBR,GB,Western Europe,Hillingdon,Hillingdon,GB-HIL
United Kingdom of Great Britain and Northern Ireland,GBR,GB,Western Europe,Highland,Highland,GB-HLD
United Kingdom of Great Britain and Northern Ireland,GBR,GB,Western Europe,Hammersmith and Fulham,Hammersmith and Fulham,GB-HMF
United Kingdom of Great Britain and Northern Ireland,GBR,GB,Western Europe,Hounslow,Hounslow,GB-HNS
United Kingdom of Great Britain and Northern Ireland,GBR,GB,Western Europe,Hartlepool,Hartlepool,GB-HPL
United Kingdom of Great Britain and Northern Ireland,GBR,GB,Western Europe,Hertfordshire,Hertfordshire,GB-HRT
United Kingdom of Great Britain and Northern Ireland,GBR,GB,Western Europe,Harrow,Harrow,GB-HRW
United Kingdom of Great Britain and Northern Ireland,GBR,GB,Western Europe,Haringey,Haringey,GB-HRY
United Kingdom of Great Britain and Northern Ireland,GBR,GB,Western Europe,Isles of Scilly,Isles of Scilly,GB-IOS
United Kingdom of Great Britain and Northern Ireland,GBR,GB,Western Europe,Isle of Wight,Isle of Wight,GB-IOW
United Kingdom of Great Britain and Northern Ireland,GBR,GB,Western Europe,Islington,Islington,GB-ISL
United Kingdom of Great Britain and Northern Ireland,GBR,GB,Western Europe,Inverclyde,Inverclyde,GB-IVC
United Kingdom of Great Britain and Northern Ireland,GBR,GB,Western Europe,Kensington and Chelsea,Kensington and Chelsea,GB-KEC
United Kingdom of Great Britain and Northern Ireland,GBR,GB,Western Europe,Kent,Kent,GB-KEN
United Kingdom of Great Britain and Northern Ireland,GBR,GB,Western Europe,Kingston upon Hull,Kingston upon Hull,GB-KHL
United Kingdom of Great Britain and Northern Ireland,GBR,GB,Western Europe,Kirklees,Kirklees,GB-KIR
United Kingdom of Great Britain and Northern Ireland,GBR,GB,Western Europe,Kingston upon Thames,Kingston upon Thames,GB-KTT
United Kingdom of Great Britain and Northern Ireland,GBR,GB,Western Europe,Knowsley,Knowsley,GB-KWL
United Kingdom of Great Britain and Northern Ireland,GBR,GB,Western Europe,Lancashire,Lancashire,GB-LAN
United Kingdom of Great Britain and Northern Ireland,GBR,GB,Western Europe,Lisburn and Castlereagh,Lisburn and Castlereagh,GB-LBC
United Kingdom of Great Britain and Northern Ireland,GBR,GB,Western Europe,Lambeth,Lambeth,GB-LBH
United Kingdom of Great Britain and Northern Ireland,GBR,GB,Western Europe,Leicester,Leicester,GB-LCE
United Kingdom of Great Britain and Northern Ireland,GBR,GB,Western Europe,Leeds,Leeds,GB-LDS
United Kingdom of Great Britain and Northern Ireland,GBR,GB,Western Europe,Leicestershire,Leicestershire,GB-LEC
United Kingdom of Great Britain and Northern Ireland,GBR,GB,Western Europe,Lewisham,Lewisham,GB-LEW
United Kingdom of Great Britain and Northern Ireland,GBR,GB,Western Europe,Lincolnshire,Lincolnshire,GB-LIN
United Kingdom of Great Britain and Northern Ireland,GBR,GB,Western Europe,Liverpool,Liverpool,GB-LIV
United Kingdom of Great Britain and Northern Ireland,GBR,GB,Western Europe,"London, City of","London, City of",GB-LND
United Kingdom of Great Britain and Northern Ireland,GBR,GB,Western Europe,Luton,Luton,GB-LUT
United Kingdom of Great Britain and Northern Ireland,GBR,GB,Western Europe,Manchester,Manchester,GB-MAN
United Kingdom of Great Britain and Northern Ireland,GBR,GB,Western Europe,Middlesbrough,Middlesbrough,GB-MDB
United Kingdom of Great Britain and Northern Ireland,GBR,GB,Western Europe,Medway,Medway,GB-MDW
United Kingdom of Great Britain and Northern Ireland,GBR,GB,Western Europe,Mid and East Antrim,Mid and East Antrim,GB-MEA
United Kingdom of Great Britain and Northern Ireland,GBR,GB,Western Europe,Milton Keynes,Milton Keynes,GB-MIK
United Kingdom of Great Britain and Northern Ireland,GBR,GB,Western Europe,Midlothian,Midlothian,GB-MLN
United Kingdom of Great Britain and Northern Ireland,GBR,GB,Western Europe,Monmouthshire [Sir Fynwy GB-FYN],Monmouthshire [Sir Fynwy GB-FYN],GB-MON
United Kingdom of Great Britain and Northern Ireland,GBR,GB,Western Europe,Merton,Merton,GB-MRT
United Kingdom of Great Britain and Northern Ireland,GBR,GB,Western Europe,Moray,Moray,GB-MRY
United Kingdom of Great Britain and Northern Ireland,GBR,GB,Western Europe,Merthyr Tydfil [Merthyr Tudful GB-MTU],Merthyr Tydfil [Merthyr Tudful GB-MTU],GB-MTY
United Kingdom of Great Britain and Northern Ireland,GBR,GB,Western Europe,Mid-Ulster,Mid-Ulster,GB-MUL
United Kingdom of Great Britain and Northern Ireland,GBR,GB,Western Europe,North Ayrshire,North Ayrshire,GB-NAY
United Kingdom of Great Britain and Northern Ireland,GBR,GB,Western Europe,Northumberland,Northumberland,GB-NBL
United Kingdom of Great Britain and Northern Ireland,GBR,GB,Western Europe,North East Lincolnshire,North East Lincolnshire,GB-NEL
United Kingdom of Great Britain and Northern Ireland,GBR,GB,Western Europe,Newcastle upon Tyne,Newcastle upon Tyne,GB-NET
United Kingdom of Great Britain and Northern Ireland,GBR,GB,Western Europe,Norfolk,Norfolk,GB-NFK
United Kingdom of Great Britain and Northern Ireland,GBR,GB,Western Europe,Nottingham,Nottingham,GB-NGM
United Kingdom of Great Britain and Northern Ireland,GBR,GB,Western Europe,North Lanarkshire,North Lanarkshire,GB-NLK
United Kingdom of Great Britain and Northern Ireland,GBR,GB,Western Europe,North Lincolnshire,North Lincolnshire,GB-NLN
United Kingdom of Great Britain and Northern Ireland,GBR,GB,Western Europe,"Newry, Mourne and Down","Newry, Mourne and Down",GB-NMD
United Kingdom of Great Britain and Northern Ireland,GBR,GB,Western Europe,North Northamptonshire,North Northamptonshire,GB-NNH
United Kingdom of Great Britain and Northern Ireland,GBR,GB,Western Europe,North Somerset,North Somerset,GB-NSM
United Kingdom of Great Britain and Northern Ireland,GBR,GB,Western Europe,Neath Port Talbot [Castell-nedd Port Talbot GB-CTL],Neath Port Talbot [Castell-nedd Port Talbot GB-CTL],GB-NTL
United Kingdom of Great Britain and Northern Ireland,GBR,GB,Western Europe,Nottinghamshire,Nottinghamshire,GB-NTT
United Kingdom of Great Britain and Northern Ireland,GBR,GB,Western Europe,North Tyneside,North Tyneside,GB-NTY
United Kingdom of Great Britain and Northern Ireland,GBR,GB,Western Europe,Newham,Newham,GB-NWM
United Kingdom of Great Britain and Northern Ireland,GBR,GB,Western Europe,Newport [Casnewydd GB-CNW],Newport [Casnewydd GB-CNW],GB-NWP
United Kingdom of Great Britain and Northern Ireland,GBR,GB,Western Europe,North Yorkshire,North Yorkshire,GB-NYK
United Kingdom of Great Britain and Northern Ireland,GBR,GB,Western Europe,Oldham,Oldham,GB-OLD
United Kingdom of Great Britain and Northern Ireland,GBR,GB,Western Europe,Orkney Islands,Orkney Islands,GB-ORK
United Kingdom of Great Britain and Northern Ireland,GBR,GB,Western Europe,Oxfordshire,Oxfordshire,GB-OXF
United Kingdom of Great Britain and Northern Ireland,GBR,GB,Western Europe,Pembrokeshire [Sir Benfro GB-BNF],Pembrokeshire [Sir Benfro GB-BNF],GB-PEM
United Kingdom of Great Britain and Northern Ireland,GBR,GB,Western Europe,Perth and Kinross,Perth and Kinross,GB-PKN
United Kingdom of Great Britain and Northern Ireland,GBR,GB,Western Europe,Plymouth,Plymouth,GB-PLY
United Kingdom of Great Britain and Northern Ireland,GBR,GB,Western Europe,Portsmouth,Portsmouth,GB-POR
United Kingdom of Great Britain and Northern Ireland,GBR,GB,Western Europe,Powys,Powys,GB-POW
United Kingdom of Great Britain and Northern Ireland,GBR,GB,Western Europe,Peterborough,Peterborough,GB-PTE
United Kingdom of Great Britain and Northern Ireland,GBR,GB,Western Europe,Redcar and Cleveland,Redcar and Cleveland,GB-RCC
United Kingdom of Great Britain and Northern Ireland,GBR,GB,Western Europe,Rochdale,Rochdale,GB-RCH
United Kingdom of Great Britain and Northern Ireland,GBR,GB,Western Europe,Rhondda Cynon Taff [Rhondda CynonTaf],Rhondda Cynon Taff [Rhondda CynonTaf],GB-RCT
United Kingdom of Great Britain and Northern Ireland,GBR,GB,Western Europe,Redbridge,Redbridge,GB-RDB
United Kingdom of Great Britain and Northern Ireland,GBR,GB,Western Europe,Reading,Reading,GB-RDG
United Kingdom of Great Britain and Northern Ireland,GBR,GB,Western Europe,Renfrewshire,Renfrewshire,GB-RFW
United Kingdom of Great Britain and Northern Ireland,GBR,GB,Western Europe,Richmond upon Thames,Richmond upon Thames,GB-RIC
United Kingdom of Great Britain and Northern Ireland,GBR,GB,Western Europe,Rotherham,Rotherham,GB-ROT
United Kingdom of Great Britain and Northern Ireland,GBR,GB,Western Europe,Rutland,Rutland,GB-RUT
United Kingdom of Great Britain and Northern Ireland,GBR,GB,Western Europe,Sandwell,Sandwell,GB-SAW
United Kingdom of Great Britain and Northern Ireland,GBR,GB,Western Europe,South Ayrshire,South Ayrshire,GB-SAY
United Kingdom of Great Britain and Northern Ireland,GBR,GB,Western Europe,Scottish Borders,Scottish Borders,GB-SCB
United Kingdom of Great Britain and Northern Ireland,GBR,GB,Western Europe,Suffolk,Suffolk,GB-SFK
United Kingdom of Great Britain and Northern Ireland,GBR,GB,Western Europe,Sefton,Sefton,GB-SFT
United Kingdom of Great Britain and Northern Ireland,GBR,GB,Western Europe,South Gloucestershire,South Gloucestershire,GB-SGC
United Kingdom of Great Britain and Northern Ireland,GBR,GB,Western Europe,Sheffield,Sheffield,GB-SHF
United Kingdom of Great Britain and Northern Ireland,GBR,GB,Western Europe,St. Helens,St. Helens,GB-SHN
United Kingdom of Great Britain and Northern Ireland,GBR,GB,Western Europe,Shropshire,Shropshire,GB-SHR
United Kingdom of Great Britain and Northern Ireland,GBR,GB,Western Europe,Stockport,Stockport,GB-SKP
United Kingdom of Great Britain and Northern Ireland,GBR,GB,Western Europe,Salford,Salford,GB-SLF
United Kingdom of Great Britain and Northern Ireland,GBR,GB,Western Europe,Slough,Slough,GB-SLG
United Kingdom of Great Britain and Northern Ireland,GBR,GB,Western Europe,South Lanarkshire,South Lanarkshire,GB-SLK
United Kingdom of Great Britain and Northern Ireland,GBR,GB,Western Europe,Sunderland,Sunderland,GB-SND
United Kingdom of Great Britain and Northern Ireland,GBR,GB,Western Europe,Solihull,Solihull,GB-SOL
United Kingdom of Great Britain and Northern Ireland,GBR,GB,Western Europe,Somerset,Somerset,GB-SOM
United Kingdom of Great Britain and Northern Ireland,GBR,GB,Western Europe,Southend-on-Sea,Southend-on-Sea,GB-SOS
United Kingdom of Great Britain and Northern Ireland,GBR,GB,Western Europe,Surrey,Surrey,GB-SRY
United Kingdom of Great Britain and Northern Ireland,GBR,GB,Western Europe,Stoke-on-Trent,Stoke-on-Trent,GB-STE
United Kingdom of Great Britain and Northern Ireland,GBR,GB,Western Europe,Stirling,Stirling,GB-STG
United Kingdom of Great Britain and Northern Ireland,GBR,GB,Western Europe,Southampton,Southampton,GB-STH
United Kingdom of Great Britain and Northern Ireland,GBR,GB,Western Europe,Sutton,Sutton,GB-STN
United Kingdom of Great Britain and Northern Ireland,GBR,GB,Western Europe,Staffordshire,Staffordshire,GB-STS
United Kingdom of Great Britain and Northern Ireland,GBR,GB,Western Europe,Stockton-on-Tees,Stockton-on-Tees,GB-STT
United Kingdom of Great Britain and Northern Ireland,GBR,GB,Western Europe,South Tyneside,South Tyneside,GB-STY
United Kingdom of Great Britain and Northern Ireland,GBR,GB,Western Europe,Swansea [Abertawe GB-ATA],Swansea [Abertawe GB-ATA],GB-SWA
United Kingdom of Great Britain and Northern Ireland,GBR,GB,Western Europe,Swindon,Swindon,GB-SWD
United Kingdom of Great Britain and Northern Ireland,GBR,GB,Western Europe,Southwark,Southwark,GB-SWK
United Kingdom of Great Britain and Northern Ireland,GBR,GB,Western Europe,Tameside,Tameside,GB-TAM
United Kingdom of Great Britain and Northern Ireland,GBR,GB,Western Europe,Telford and Wrekin,Telford and Wrekin,GB-TFW
United Kingdom of Great Britain and Northern Ireland,GBR,GB,Western Europe,Thurrock,Thurrock,GB-THR
United Kingdom of Great Britain and Northern Ireland,GBR,GB,Western Europe,Torbay,Torbay,GB-TOB
United Kingdom of Great Britain and Northern Ireland,GBR,GB,Western Europe,Torfaen [Tor-faen],Torfaen [Tor-faen],GB-TOF
United Kingdom of Great Britain and Northern Ireland,GBR,GB,Western Europe,Trafford,Trafford,GB-TRF
United Kingdom of Great Britain and Northern Ireland,GBR,GB,Western Europe,Tower Hamlets,Tower Hamlets,GB-TWH
United Kingdom of Great Britain and Northern Ireland,GBR,GB,Western Europe,"Vale of Glamorgan, The [Bro Morgannwg GB-BMG]","Vale of Glamorgan, The [Bro Morgannwg GB-BMG]",GB-VGL
United Kingdom of Great Britain and Northern Ireland,GBR,GB,Western Europe,Warwickshire,Warwickshire,GB-WAR
United Kingdom of Great Britain and Northern Ireland,GBR,GB,Western Europe,West Berkshire,West Berkshire,GB-WBK
United Kingdom of Great Britain and Northern Ireland,GBR,GB,Western Europe,West Dunbartonshire,West Dunbartonshire,GB-WDU
United Kingdom of Great Britain and Northern Ireland,GBR,GB,Western Europe,Waltham Forest,Waltham Forest,GB-WFT
United Kingdom of Great Britain and Northern Ireland,GBR,GB,Western Europe,Wigan,Wigan,GB-WGN
United Kingdom of Great Britain and Northern Ireland,GBR,GB,Western Europe,Wiltshire,Wiltshire,GB-WIL
United Kingdom of Great Britain and Northern Ireland,GBR,GB,Western Europe,Wakefield,Wakefield,GB-WKF
United Kingdom of Great Britain and Northern Ireland,GBR,GB,Western Europe,Walsall,Walsall,GB-WLL
United Kingdom of Great Britain and Northern Ireland,GBR,GB,Western Europe,West Lothian,West Lothian,GB-WLN
United Kingdom of Great Britain and Northern Ireland,GBR,GB,Western Europe,Wolverhampton,Wolverhampton,GB-WLV
United Kingdom of Great Britain and Northern Ireland,GBR,GB,Western Europe,Wandsworth,Wandsworth,GB-WND
United Kingdom of Great Britain and Northern Ireland,GBR,GB,Western Europe,West Northamptonshire,West Northamptonshire,GB-WNH
United Kingdom of Great Britain and Northern Ireland,GBR,GB,Western Europe,Windsor and Maidenhead,Windsor and Maidenhead,GB-WNM
United Kingdom of Great Britain and Northern Ireland,GBR,GB,Western Europe,Wokingham,Wokingham,GB-WOK
United Kingdom of Great Britain and Northern Ireland,GBR,GB,Western Europe,Worcestershire,Worcestershire,GB-WOR
United Kingdom of Great Britain and Northern Ireland,GBR,GB,Western Europe,Wirral,Wirral,GB-WRL
United Kingdom of Great Britain and Northern Ireland,GBR,GB,Western Europe,Warrington,Warrington,GB-WRT
United Kingdom of Great Britain and Northern Ireland,GBR,GB,Western Europe,Wrexham [Wrecsam GB-WRC],Wrexham [Wrecsam GB-WRC],GB-WRX
United Kingdom of Great Britain and Northern Ireland,GBR,GB,Western Europe,Westminster,Westminster,GB-WSM
United Kingdom of Great Britain and Northern Ireland,GBR,GB,Western Europe,West Sussex,West Sussex,GB-WSX
United Kingdom of Great Britain and Northern Ireland,GBR,GB,Western Europe,York,York,GB-YOR
United Kingdom of Great Britain and Northern Ireland,GBR,GB,Western Europe,Shetland Islands,Shetland Islands,GB-ZET
Grenada,GRD,GD,Central America,Saint Andrew,Saint Andrew,GD-01
Grenada,GRD,GD,Central America,Saint David,Saint David,GD-02
Grenada,GRD,GD,Central America,Saint George,Saint George,GD-03
Grenada,GRD,GD,Central America,Saint John,Saint John,GD-04
Grenada,GRD,GD,Central America,Saint Mark,Saint Mark,GD-05
Grenada,GRD,GD,Central America,Saint Patrick,Saint Patrick,GD-06
Grenada,GRD,GD,Central America,Southern Grenadine Islands,Southern Grenadine Islands,GD-10
Georgia,GEO,GE,Eastern Europe,Abashis Raioni,Abashis Raioni,GE-01
Georgia,GEO,GE,Eastern Europe,Adigenis Raioni,Adigenis Raioni,GE-02
Georgia,GEO,GE,Eastern Europe,Akhalgoris Raioni,Akhalgoris Raioni,GE-03
Georgia,GEO,GE,Eastern Europe,Akhalk'alak'is Raioni,Akhalk'alak'is Raioni,GE-04
Georgia,GEO,GE,Eastern Europe,Akhalts'ikhis Raioni,Akhalts'ikhis Raioni,GE-05
Georgia,GEO,GE,Eastern Europe,Akhmetis Raioni,Akhmetis Raioni,GE-06
Georgia,GEO,GE,Eastern Europe,Ambrolauris Raioni,Ambrolauris Raioni,GE-07
Georgia,GEO,GE,Eastern Europe,Aspindzis Raioni,Aspindzis Raioni,GE-08
Georgia,GEO,GE,Eastern Europe,Baghdat'is Raioni,Baghdat'is Raioni,GE-09
Georgia,GEO,GE,Eastern Europe,Bolnisis Raioni,Bolnisis Raioni,GE-10
Georgia,GEO,GE,Eastern Europe,Borjomis Raioni,Borjomis Raioni,GE-11
Georgia,GEO,GE,Eastern Europe,Ch'khorotsqus Raioni,Ch'khorotsqus Raioni,GE-12
Georgia,GEO,GE,Eastern Europe,Ch'okhatauris Raioni,Ch'okhatauris Raioni,GE-13
Georgia,GEO,GE,Eastern Europe,Dedop'listsqaros Raioni,Dedop'listsqaros Raioni,GE-14
Georgia,GEO,GE,Eastern Europe,Dmanisis Raioni,Dmanisis Raioni,GE-15
Georgia,GEO,GE,Eastern Europe,Dushet'is Raioni,Dushet'is Raioni,GE-16
Georgia,GEO,GE,Eastern Europe,Galis Raioni,Galis Raioni,GE-17
Georgia,GEO,GE,Eastern Europe,Gardabnis Raioni,Gardabnis Raioni,GE-18
Georgia,GEO,GE,Eastern Europe,Goris Raioni,Goris Raioni,GE-19
Georgia,GEO,GE,Eastern Europe,Gudauta District,Gudauta District,GE-20
Georgia,GEO,GE,Eastern Europe,Gulripshi District,Gulripshi District,GE-21
Georgia,GEO,GE,Eastern Europe,Gurjaanis Raioni,Gurjaanis Raioni,GE-22
Georgia,GEO,GE,Eastern Europe,Javis Raioni,Javis Raioni,GE-23
Georgia,GEO,GE,Eastern Europe,K'arelis Raioni,K'arelis Raioni,GE-24
Georgia,GEO,GE,Eastern Europe,Kaspis Raioni,Kaspis Raioni,GE-25
Georgia,GEO,GE,Eastern Europe,K'edis Raioni,K'edis Raioni,GE-26
Georgia,GEO,GE,Eastern Europe,Kharagaulis Raioni,Kharagaulis Raioni,GE-27
Georgia,GEO,GE,Eastern Europe,Khashuris Raioni,Khashuris Raioni,GE-28
Georgia,GEO,GE,Eastern Europe,Khelvach'auris Raioni,Khelvach'auris Raioni,GE-29
Georgia,GEO,GE,Eastern Europe,Khobis Raioni,Khobis Raioni,GE-30
Georgia,GEO,GE,Eastern Europe,Khonis Raioni,Khonis Raioni,GE-31
Georgia,GEO,GE,Eastern Europe,Khulos Raioni,Khulos Raioni,GE-32
Georgia,GEO,GE,Eastern Europe,K'obuletis Raioni,K'obuletis Raioni,GE-33
Georgia,GEO,GE,Eastern Europe,Lagodekhis Raioni,Lagodekhis Raioni,GE-34
Georgia,GEO,GE,Eastern Europe,Lanch'khut'is Raioni,Lanch'khut'is Raioni,GE-35
Georgia,GEO,GE,Eastern Europe,Lentekhis Raioni,Lentekhis Raioni,GE-36
Georgia,GEO,GE,Eastern Europe,Marneulis Raioni,Marneulis Raioni,GE-37
Georgia,GEO,GE,Eastern Europe,Martvilis Raioni,Martvilis Raioni,GE-38
Georgia,GEO,GE,Eastern Europe,Mestiis Raioni,Mestiis Raioni,GE-39
Georgia,GEO,GE,Eastern Europe,Mts'khet'is Raioni,Mts'khet'is Raioni,GE-40
Georgia,GEO,GE,Eastern Europe,Ninotsmindis Raioni,Ninotsmindis Raioni,GE-41
Georgia,GEO,GE,Eastern Europe,Och'amch'iris Raioni,Och'amch'iris Raioni,GE-42
Georgia,GEO,GE,Eastern Europe,Onis Raioni,Onis Raioni,GE-43
Georgia,GEO,GE,Eastern Europe,Ozurget'is Raioni,Ozurget'is Raioni,GE-44
Georgia,GEO,GE,Eastern Europe,Qazbegis Raioni,Qazbegis Raioni,GE-45
Georgia,GEO,GE,Eastern Europe,Qvarlis Raioni,Qvarlis Raioni,GE-46
Georgia,GEO,GE,Eastern Europe,Sach'kheris Raioni,Sach'kheris Raioni,GE-47
Georgia,GEO,GE,Eastern Europe,Sagarejos Raioni,Sagarejos Raioni,GE-48
Georgia,GEO,GE,Eastern Europe,Samtrediis Raioni,Samtrediis Raioni,GE-49
Georgia,GEO,GE,Eastern Europe,Senakis Raioni,Senakis Raioni,GE-50
Georgia,GEO,GE,Eastern Europe,Shuakhevis Raioni,Shuakhevis Raioni,GE-51
Georgia,GEO,GE,Eastern Europe,Sighnaghis Raioni,Sighnaghis Raioni,GE-52
Georgia,GEO,GE,Eastern Europe,Sukhumi District,Sukhumi District,GE-53
Georgia,GEO,GE,Eastern Europe,T'elavis Raioni,T'elavis Raioni,GE-54
Georgia,GEO,GE,Eastern Europe,T'erjolis Raioni,T'erjolis Raioni,GE-55
Georgia,GEO,GE,Eastern Europe,T'et'ritsqaros Raioni,T'et'ritsqaros Raioni,GE-56
Georgia,GEO,GE,Eastern Europe,T'ianet'is Raioni,T'ianet'is Raioni,GE-57
Georgia,GEO,GE,Eastern Europe,Ts'ageris Raioni,Ts'ageris Raioni,GE-58
Georgia,GEO,GE,Eastern Europe,Tsalenjikhis Raioni,Tsalenjikhis Raioni,GE-59
Georgia,GEO,GE,Eastern Europe,Tsalkis Raioni,Tsalkis Raioni,GE-60
Georgia,GEO,GE,Eastern Europe,Vanis Raioni,Vanis Raioni,GE-61
Georgia,GEO,GE,Eastern Europe,Zestap'onis Raioni,Zestap'onis Raioni,GE-62
Georgia,GEO,GE,Eastern Europe,Zugdidis Raioni,Zugdidis Raioni,GE-63
Georgia,GEO,GE,Eastern Europe,Batumi,Batumi,GE-BUS
Georgia,GEO,GE,Eastern Europe,Chiat'ura,Chiat'ura,GE-CHI
Georgia,GEO,GE,Eastern Europe,Gagra,Gagra,GE-GAG
Georgia,GEO,GE,Eastern Europe,Gori,Gori,GE-GOR
Georgia,GEO,GE,Eastern Europe,Kutaisi,Kutaisi,GE-KUT
Georgia,GEO,GE,Eastern Europe,Poti,Poti,GE-PTI
Georgia,GEO,GE,Eastern Europe,Rustavi,Rustavi,GE-RUS
Georgia,GEO,GE,Eastern Europe,Sokhumi,Sokhumi,GE-SUI
Georgia,GEO,GE,Eastern Europe,T'bilisi,T'bilisi,GE-TBS
Georgia,GEO,GE,Eastern Europe,Tqibuli,Tqibuli,GE-TQI
Georgia,GEO,GE,Eastern Europe,Tqvarcheli,Tqvarcheli,GE-TQV
Georgia,GEO,GE,Eastern Europe,Tsqaltubo,Tsqaltubo,GE-TSQ
Georgia,GEO,GE,Eastern Europe,Zugdidi,Zugdidi,GE-ZUG
Ghana,GHA,GH,Western Africa,Greater Accra,Greater Accra,GH-AA
Ghana,GHA,GH,Western Africa,Ahafo,Ahafo,GH-AF
Ghana,GHA,GH,Western Africa,Ashanti,Ashanti,GH-AH
Ghana,GHA,GH,Western Africa,Bono East,Bono East,GH-BE
Ghana,GHA,GH,Western Africa,Bono,Bono,GH-BO
Ghana,GHA,GH,Western Africa,Central,Central,GH-CP
Ghana,GHA,GH,Western Africa,Eastern,Eastern,GH-EP
Ghana,GHA,GH,Western Africa,North East,North East,GH-NE
Ghana,GHA,GH,Western Africa,Northern,Northern,GH-NP
Ghana,GHA,GH,Western Africa,Oti,Oti,GH-OT
Ghana,GHA,GH,Western Africa,Savannah,Savannah,GH-SV
Ghana,GHA,GH,Western Africa,Volta,Volta,GH-TV
Ghana,GHA,GH,Western Africa,Upper East,Upper East,GH-UE
Ghana,GHA,GH,Western Africa,Upper West,Upper West,GH-UW
Ghana,GHA,GH,Western Africa,Western North,Western North,GH-WN
Ghana,GHA,GH,Western Africa,Western,Western,GH-WP
Greenland,GRL,GL,Northern Europe,Avannaata,Avannaata Kommunia,GL-AV
Greenland,GRL,GL,Northern Europe,Kujalleq,Kommune Kujalleq,GL-KU
Greenland,GRL,GL,Northern Europe,Qeqqata,Qeqqata Kommunia,GL-QE
Greenland,GRL,GL,Northern Europe,Qeqertalik,Kommune Qeqertalik,GL-QT
Greenland,GRL,GL,Northern Europe,Sermersooq,Kommuneqarfik Sermersooq,GL-SM
Gambia,GMB,GM,Western Africa,Banjul,Banjul,GM-B
Gambia,GMB,GM,Western Africa,Lower River,Lower River,GM-L
Gambia,GMB,GM,Western Africa,Central River,Central River,GM-M
Gambia,GMB,GM,Western Africa,North Bank,North Bank,GM-N
Gambia,GMB,GM,Western Africa,Upper River,Upper River,GM-U
Gambia,GMB,GM,Western Africa,Western,Western,GM-W
Guinea,GIN,GN,Western Africa,Beyla,Beyla,GN-BE
Guinea,GIN,GN,Western Africa,Boffa,Boffa,GN-BF
Guinea,GIN,GN,Western Africa,Boké,Boké,GN-BK
Guinea,GIN,GN,Western Africa,Coyah,Coyah,GN-CO
Guinea,GIN,GN,Western Africa,Dabola,Dabola,GN-DB
Guinea,GIN,GN,Western Africa,Dinguiraye,Dinguiraye,GN-DI
Guinea,GIN,GN,Western Africa,Dalaba,Dalaba,GN-DL
Guinea,GIN,GN,Western Africa,Dubréka,Dubréka,GN-DU
Guinea,GIN,GN,Western Africa,Faranah,Faranah,GN-FA
Guinea,GIN,GN,Western Africa,Forécariah,Forécariah,GN-FO
Guinea,GIN,GN,Western Africa,Fria,Fria,GN-FR
Guinea,GIN,GN,Western Africa,Gaoual,Gaoual,GN-GA
Guinea,GIN,GN,Western Africa,Guékédou,Guékédou,GN-GU
Guinea,GIN,GN,Western Africa,Kankan,Kankan,GN-KA
Guinea,GIN,GN,Western Africa,Koubia,Koubia,GN-KB
Guinea,GIN,GN,Western Africa,Kindia,Kindia,GN-KD
Guinea,GIN,GN,Western Africa,Kérouané,Kérouané,GN-KE
Guinea,GIN,GN,Western Africa,Koundara,Koundara,GN-KN
Guinea,GIN,GN,Western Africa,Kouroussa,Kouroussa,GN-KO
Guinea,GIN,GN,Western Africa,Kissidougou,Kissidougou,GN-KS
Guinea,GIN,GN,Western Africa,Labé,Labé,GN-LA
Guinea,GIN,GN,Western Africa,Lélouma,Lélouma,GN-LE
Guinea,GIN,GN,Western Africa,Lola,Lola,GN-LO
Guinea,GIN,GN,Western Africa,Macenta,Macenta,GN-MC
Guinea,GIN,GN,Western Africa,Mandiana,Mandiana,GN-MD
Guinea,GIN,GN,Western Africa,Mali,Mali,GN-ML
Guinea,GIN,GN,Western Africa,Mamou,Mamou,GN-MM
Guinea,GIN,GN,Western Africa,Nzérékoré,Nzérékoré,GN-NZ
Guinea,GIN,GN,Western Africa,Pita,Pita,GN-PI
Guinea,GIN,GN,Western Africa,Siguiri,Siguiri,GN-SI
Guinea,GIN,GN,Western Africa,Télimélé,Télimélé,GN-TE
Guinea,GIN,GN,Western Africa,Tougué,Tougué,GN-TO
Guinea,GIN,GN,Western Africa,Yomou,Yomou,GN-YO
Equatorial Guinea,GNQ,GQ,Central Africa,Annobon,Annobón,GQ-AN
Equatorial Guinea,GNQ,GQ,Central Africa,North Bioko,Bioko Norte,GQ-BN
Equatorial Guinea,GNQ,GQ,Central Africa,South Bioko,Bioko Sur,GQ-BS
Equatorial Guinea,GNQ,GQ,Central Africa,South Center,Centro Sur,GQ-CS
Equatorial Guinea,GNQ,GQ,Central Africa,Djibloho,Djibloho,GQ-DJ
Equatorial Guinea,GNQ,GQ,Central Africa,Kie-Ntem,Kié-Ntem,GQ-KN
Equatorial Guinea,GNQ,GQ,Central Africa,Coast,Litoral,GQ-LI
Equatorial Guinea,GNQ,GQ,Central Africa,Wele-Nzas,Wele-Nzas,GQ-WN
Greece,GRC,GR,Western Europe,Aitoloakarnanía,Aitoloakarnanía,GR-01
Greece,GRC,GR,Western Europe,Voiotía,Voiotía,GR-03
Greece,GRC,GR,Western Europe,Évvoia,Évvoia,GR-04
Greece,GRC,GR,Western Europe,Evrytanía,Evrytanía,GR-05
Greece,GRC,GR,Western Europe,Fthiótida,Fthiótida,GR-06
Greece,GRC,GR,Western Europe,Fokída,Fokída,GR-07
Greece,GRC,GR,Western Europe,Argolída,Argolída,GR-11
Greece,GRC,GR,Western Europe,Arkadía,Arkadía,GR-12
Greece,GRC,GR,Western Europe,Achaḯa,Achaḯa,GR-13
Greece,GRC,GR,Western Europe,Ileía,Ileía,GR-14
Greece,GRC,GR,Western Europe,Korinthía,Korinthía,GR-15
Greece,GRC,GR,Western Europe,Lakonía,Lakonía,GR-16
Greece,GRC,GR,Western Europe,Messinía,Messinía,GR-17
Greece,GRC,GR,Western Europe,Zákynthos,Zákynthos,GR-21
Greece,GRC,GR,Western Europe,Kérkyra,Kérkyra,GR-22
Greece,GRC,GR,Western Europe,Kefallinía,Kefallinía,GR-23
Greece,GRC,GR,Western Europe,Lefkáda,Lefkáda,GR-24
Greece,GRC,GR,Western Europe,Árta,Árta,GR-31
Greece,GRC,GR,Western Europe,Thesprotía,Thesprotía,GR-32
Greece,GRC,GR,Western Europe,Ioánnina,Ioánnina,GR-33
Greece,GRC,GR,Western Europe,Préveza,Préveza,GR-34
Greece,GRC,GR,Western Europe,Kardítsa,Kardítsa,GR-41
Greece,GRC,GR,Western Europe,Lárisa,Lárisa,GR-42
Greece,GRC,GR,Western Europe,Magnisía,Magnisía,GR-43
Greece,GRC,GR,Western Europe,Tríkala,Tríkala,GR-44
Greece,GRC,GR,Western Europe,Grevená,Grevená,GR-51
Greece,GRC,GR,Western Europe,Dráma,Dráma,GR-52
Greece,GRC,GR,Western Europe,Imathía,Imathía,GR-53
Greece,GRC,GR,Western Europe,Thessaloníki,Thessaloníki,GR-54
Greece,GRC,GR,Western Europe,Kavála,Kavála,GR-55
Greece,GRC,GR,Western Europe,Kastoriá,Kastoriá,GR-56
Greece,GRC,GR,Western Europe,Kilkís,Kilkís,GR-57
Greece,GRC,GR,Western Europe,Kozáni,Kozáni,GR-58
Greece,GRC,GR,Western Europe,Pélla,Pélla,GR-59
Greece,GRC,GR,Western Europe,Piería,Piería,GR-61
Greece,GRC,GR,Western Europe,Sérres,Sérres,GR-62
Greece,GRC,GR,Western Europe,Flórina,Flórina,GR-63
Greece,GRC,GR,Western Europe,Chalkidikí,Chalkidikí,GR-64
Greece,GRC,GR,Western Europe,Évros,Évros,GR-71
Greece,GRC,GR,Western Europe,Xánthi,Xánthi,GR-72
Greece,GRC,GR,Western Europe,Rodópi,Rodópi,GR-73
Greece,GRC,GR,Western Europe,Dodekánisa,Dodekánisa,GR-81
Greece,GRC,GR,Western Europe,Kykládes,Kykládes,GR-82
Greece,GRC,GR,Western Europe,Lésvos,Lésvos,GR-83
Greece,GRC,GR,Western Europe,Sámos,Sámos,GR-84
Greece,GRC,GR,Western Europe,Chíos,Chíos,GR-85
Greece,GRC,GR,Western Europe,Irakleío,Irakleío,GR-91
Greece,GRC,GR,Western Europe,Lasíthi,Lasíthi,GR-92
Greece,GRC,GR,Western Europe,Rethýmnis,Rethýmnis,GR-93
Greece,GRC,GR,Western Europe,Chaniá,Chaniá,GR-94
Greece,GRC,GR,Western Europe,Attikí,Attikí,GR-A1
Guatemala,GTM,GT,Central America,Guatemala,Guatemala,GT-01
Guatemala,GTM,GT,Central America,El Progreso,El Progreso,GT-02
Guatemala,GTM,GT,Central America,Sacatepéquez,Sacatepéquez,GT-03
Guatemala,GTM,GT,Central America,Chimaltenango,Chimaltenango,GT-04
Guatemala,GTM,GT,Central America,Escuintla,Escuintla,GT-05
Guatemala,GTM,GT,Central America,Saint Rose,Santa Rosa,GT-06
Guatemala,GTM,GT,Central America,Sololá,Sololá,GT-07
Guatemala,GTM,GT,Central America,Totonicapán,Totonicapán,GT-08
Guatemala,GTM,GT,Central America,Quetzaltenango,Quetzaltenango,GT-09
Guatemala,GTM,GT,Central America,Suchitepéquez,Suchitepéquez,GT-10
Guatemala,GTM,GT,Central America,Retalhuleu,Retalhuleu,GT-11
Guatemala,GTM,GT,Central America,Saint Mark,San Marcos,GT-12
Guatemala,GTM,GT,Central America,Huehuetenango,Huehuetenango,GT-13
Guatemala,GTM,GT,Central America,Quiché,Quiché,GT-14
Guatemala,GTM,GT,Central America,Lower Verapaz,Baja Verapaz,GT-15
Guatemala,GTM,GT,Central America,Upper Verapaz,Alta Verapaz,GT-16
Guatemala,GTM,GT,Central America,Petén,Petén,GT-17
Guatemala,GTM,GT,Central America,Izabal,Izabal,GT-18
Guatemala,GTM,GT,Central America,Zacapa,Zacapa,GT-19
Guatemala,GTM,GT,Central America,Chiquimula,Chiquimula,GT-20
Guatemala,GTM,GT,Central America,Jalapa,Jalapa,GT-21
Guatemala,GTM,GT,Central America,Jutiapa,Jutiapa,GT-22
Guinea-Bissau,GNB,GW,Western Africa,East,Leste,GW-L
Guinea-Bissau,GNB,GW,Western Africa,North,Norte,GW-N
Guinea-Bissau,GNB,GW,Western Africa,South,Sul,GW-S
Guyana,GUY,GY,South America,Barima-Waini,Barima-Waini,GY-BA
Guyana,GUY,GY,South America,Cuyuni-Mazaruni,Cuyuni-Mazaruni,GY-CU
Guyana,GUY,GY,South America,Demerara-Mahaica,Demerara-Mahaica,GY-DE
Guyana,GUY,GY,South America,East Berbice-Corentyne,East Berbice-Corentyne,GY-EB
Guyana,GUY,GY,South America,Essequibo Islands-West Demerara,Essequibo Islands-West Demerara,GY-ES
Guyana,GUY,GY,South America,Mahaica-Berbice,Mahaica-Berbice,GY-MA
Guyana,GUY,GY,South America,Pomeroon-Supenaam,Pomeroon-Supenaam,GY-PM
Guyana,GUY,GY,South America,Potaro-Siparuni,Potaro-Siparuni,GY-PT
Guyana,GUY,GY,South America,Upper Demerara-Berbice,Upper Demerara-Berbice,GY-UD
Guyana,GUY,GY,South America,Upper Takutu-Upper Essequibo,Upper Takutu-Upper Essequibo,GY-UT
Honduras,HND,HN,Central America,Atlántida,Atlántida,HN-AT
Honduras,HND,HN,Central America,Choluteca,Choluteca,HN-CH
Honduras,HND,HN,Central America,Colón,Colón,HN-CL
Honduras,HND,HN,Central America,Comayagua,Comayagua,HN-CM
Honduras,HND,HN,Central America,Copán,Copán,HN-CP
Honduras,HND,HN,Central America,Cortés,Cortés,HN-CR
Honduras,HND,HN,Central America,El Paraíso,El Paraíso,HN-EP
Honduras,HND,HN,Central America,Francisco Morazán,Francisco Morazán,HN-FM
Honduras,HND,HN,Central America,Gracias a Dios,Gracias a Dios,HN-GD
Honduras,HND,HN,Central America,Islas de la Bahía,Islas de la Bahía,HN-IB
Honduras,HND,HN,Central America,Intibucá,Intibucá,HN-IN
Honduras,HND,HN,Central America,Lempira,Lempira,HN-LE
Honduras,HND,HN,Central America,La Paz,La Paz,HN-LP
Honduras,HND,HN,Central America,Ocotepeque,Ocotepeque,HN-OC
Honduras,HND,HN,Central America,Olancho,Olancho,HN-OL
Honduras,HND,HN,Central America,Santa Bárbara,Santa Bárbara,HN-SB
Honduras,HND,HN,Central America,Valle,Valle,HN-VA
Honduras,HND,HN,Central America,Yoro,Yoro,HN-YO
Croatia,HRV,HR,Eastern Europe,Zagreb County,Zagrebačka županija,HR-01
Croatia,HRV,HR,Eastern Europe,Krapina-Zagorje,Krapinsko-zagorska županija,HR-02
Croatia,HRV,HR,Eastern Europe,Sisak-Moslavina,Sisačko-moslavačka županija,HR-03
Croatia,HRV,HR,Eastern Europe,Karlovac,Karlovačka županija,HR-04
Croatia,HRV,HR,Eastern Europe,Varaždin,Varaždinska županija,HR-05
Croatia,HRV,HR,Eastern Europe,Koprivnica-Križevci,Koprivničko-križevačka županija,HR-06
Croatia,HRV,HR,Eastern Europe,Bjelovar-Bilogora,Bjelovarsko-bilogorska županija,HR-07
Croatia,HRV,HR,Eastern Europe,Primorje-Gorski Kotar,Primorsko-goranska županija,HR-08
Croatia,HRV,HR,Eastern Europe,Lika-Senj,Ličko-senjska županija,HR-09
Croatia,HRV,HR,Eastern Europe,Virovitica-Podravina,Virovitičko-podravska županija,HR-10
Croatia,HRV,HR,Eastern Europe,Požega-Slavonia,Požeško-slavonska županija,HR-11
Croatia,HRV,HR,Eastern Europe,Brod-Posavina,Brodsko-posavska županija,HR-12
Croatia,HRV,HR,Eastern Europe,Zadar,Zadarska županija,HR-13
Croatia,HRV,HR,Eastern Europe,Osijek-Baranja,Osječko-baranjska županija,HR-14
Croatia,HRV,HR,Eastern Europe,Šibenik-Knin,Šibensko-kninska županija,HR-15
Croatia,HRV,HR,Eastern Europe,Vukovar-Srijem,Vukovarsko-srijemska županija,HR-16
Croatia,HRV,HR,Eastern Europe,Split-Dalmatia,Splitsko-dalmatinska županija,HR-17
Croatia,HRV,HR,Eastern Europe,Istria,Istarska županija,HR-18
Croatia,HRV,HR,Eastern Europe,Dubrovnik-Neretva,Dubrovačko-neretvanska županija,HR-19
Croatia,HRV,HR,Eastern Europe,Međimurje,Međimurska županija,HR-20
Croatia,HRV,HR,Eastern Europe,Zagreb City,Grad Zagreb,HR-21
Haiti,HTI,HT,Central America,Artibonite,Artibonite,HT-AR
Haiti,HTI,HT,Central America,Center,Centre,HT-CE
Haiti,HTI,HT,Central America,Big Cove,Grande’Anse,HT-GA
Haiti,HTI,HT,Central America,North,Nord,HT-ND
Haiti,HTI,HT,Central America,Northeast,Nord-Est,HT-NE
Haiti,HTI,HT,Central America,Nippes,Nippes,HT-NI
Haiti,HTI,HT,Central America,Northwest,Nord-Ouest,HT-NO
Haiti,HTI,HT,Central America,West,Ouest,HT-OU
Haiti,HTI,HT,Central America,South,Sud,HT-SD
Haiti,HTI,HT,Central America,Southeast,Sud-Est,HT-SE
Hungary,HUN,HU,Central Europe,Baranya,Baranya,HU-BA
Hungary,HUN,HU,Central Europe,Békéscsaba,Békéscsaba,HU-BC
Hungary,HUN,HU,Central Europe,Békés,Békés,HU-BE
Hungary,HUN,HU,Central Europe,Bács-Kiskun,Bács-Kiskun,HU-BK
Hungary,HUN,HU,Central Europe,Budapest,Budapest,HU-BU
Hungary,HUN,HU,Central Europe,Borsod-Abaúj-Zemplén,Borsod-Abaúj-Zemplén,HU-BZ
Hungary,HUN,HU,Central Europe,Csongrád-Csanád,Csongrád-Csanád,HU-CS
Hungary,HUN,HU,Central Europe,Debrecen,Debrecen,HU-DE
Hungary,HUN,HU,Central Europe,Dunaújváros,Dunaújváros,HU-DU
Hungary,HUN,HU,Central Europe,Eger,Eger,HU-EG
Hungary,HUN,HU,Central Europe,Érd,Érd,HU-ER
Hungary,HUN,HU,Central Europe,Fejér,Fejér,HU-FE
Hungary,HUN,HU,Central Europe,Győr-Moson-Sopron,Győr-Moson-Sopron,HU-GS
Hungary,HUN,HU,Central Europe,Győr,Győr,HU-GY
Hungary,HUN,HU,Central Europe,Hajdú-Bihar,Hajdú-Bihar,HU-HB
Hungary,HUN,HU,Central Europe,Heves,Heves,HU-HE
Hungary,HUN,HU,Central Europe,Hódmezővásárhely,Hódmezővásárhely,HU-HV
Hungary,HUN,HU,Central Europe,Jász-Nagykun-Szolnok,Jász-Nagykun-Szolnok,HU-JN
Hungary,HUN,HU,Central Europe,Komárom-Esztergom,Komárom-Esztergom,HU-KE
Hungary,HUN,HU,Central Europe,Kecskemét,Kecskemét,HU-KM
Hungary,HUN,HU,Central Europe,Kaposvár,Kaposvár,HU-KV
Hungary,HUN,HU,Central Europe,Miskolc,Miskolc,HU-MI
Hungary,HUN,HU,Central Europe,Nagykanizsa,Nagykanizsa,HU-NK
Hungary,HUN,HU,Central Europe,Nógrád,Nógrád,HU-NO
Hungary,HUN,HU,Central Europe,Nyíregyháza,Nyíregyháza,HU-NY
Hungary,HUN,HU,Central Europe,Pest,Pest,HU-PE
Hungary,HUN,HU,Central Europe,Pécs,Pécs,HU-PS
Hungary,HUN,HU,Central Europe,Szeged,Szeged,HU-SD
Hungary,HUN,HU,Central Europe,Székesfehérvár,Székesfehérvár,HU-SF
Hungary,HUN,HU,Central Europe,Szombathely,Szombathely,HU-SH
Hungary,HUN,HU,Central Europe,Szolnok,Szolnok,HU-SK
Hungary,HUN,HU,Central Europe,Sopron,Sopron,HU-SN
Hungary,HUN,HU,Central Europe,Somogy,Somogy,HU-SO
Hungary,HUN,HU,Central Europe,Szekszárd,Szekszárd,HU-SS
Hungary,HUN,HU,Central Europe,Salgótarján,Salgótarján,HU-ST
Hungary,HUN,HU,Central Europe,Szabolcs-Szatmár-Bereg,Szabolcs-Szatmár-Bereg,HU-SZ
Hungary,HUN,HU,Central Europe,Tatabánya,Tatabánya,HU-TB
Hungary,HUN,HU,Central Europe,Tolna,Tolna,HU-TO
Hungary,HUN,HU,Central Europe,Vas,Vas,HU-VA
Hungary,HUN,HU,Central Europe,Veszprém,Veszprém,HU-VE
Hungary,HUN,HU,Central Europe,Veszprém,Veszprém,HU-VM
Hungary,HUN,HU,Central Europe,Zala,Zala,HU-ZA
Hungary,HUN,HU,Central Europe,Zalaegerszeg,Zalaegerszeg,HU-ZE
Indonesia,IDN,ID,South-Eastern Asia,Aceh,Aceh,ID-AC
Indonesia,IDN,ID,South-Eastern Asia,Bali,Bali,ID-BA
Indonesia,IDN,ID,South-Eastern Asia,Bangka Belitung Islands,Kepulauan Bangka Belitung,ID-BB
Indonesia,IDN,ID,South-Eastern Asia,Bengkulu,Bengkulu,ID-BE
Indonesia,IDN,ID,South-Eastern Asia,Banten,Banten,ID-BT
Indonesia,IDN,ID,South-Eastern Asia,Gorontalo,Gorontalo,ID-GO
Indonesia,IDN,ID,South-Eastern Asia,Jambi,Jambi,ID-JA
Indonesia,IDN,ID,South-Eastern Asia,West Java,Jawa Barat,ID-JB
Indonesia,IDN,ID,South-Eastern Asia,East Java,Jawa Timur,ID-JI
Indonesia,IDN,ID,South-Eastern Asia,Jakarta,Jakarta Raya,ID-JK
Indonesia,IDN,ID,South-Eastern Asia,Central Java,Jawa Tengah,ID-JT
Indonesia,IDN,ID,South-Eastern Asia,West Kalimantan,Kalimantan Barat,ID-KB
Indonesia,IDN,ID,South-Eastern Asia,East Kalimantan,Kalimantan Timur,ID-KI
Indonesia,IDN,ID,South-Eastern Asia,Riau Islands,Kepulauan Riau,ID-KR
Indonesia,IDN,ID,South-Eastern Asia,South Kalimantan,Kalimantan Selatan,ID-KS
Indonesia,IDN,ID,South-Eastern Asia,Central Kalimantan,Kalimantan Tengah,ID-KT
Indonesia,IDN,ID,South-Eastern Asia,North Kalimantan,Kalimantan Utara,ID-KU
Indonesia,IDN,ID,South-Eastern Asia,Lampung,Lampung,ID-LA
Indonesia,IDN,ID,South-Eastern Asia,Maluku,Maluku,ID-MA
Indonesia,IDN,ID,South-Eastern Asia,North Maluku,Maluku Utara,ID-MU
Indonesia,IDN,ID,South-Eastern Asia,West Nusa Tenggara,Nusa Tenggara Barat,ID-NB
Indonesia,IDN,ID,South-Eastern Asia,East Nusa Tenggara,Nusa Tenggara Timur,ID-NT
Indonesia,IDN,ID,South-Eastern Asia,Papua,Papua,ID-PA
Indonesia,IDN,ID,South-Eastern Asia,West Papua,Papua Barat,ID-PB
Indonesia,IDN,ID,South-Eastern Asia,Southwest Papua,Papua Barat Daya,ID-PD
Indonesia,IDN,ID,South-Eastern Asia,Highland Papua,Papua Pengunungan,ID-PE
Indonesia,IDN,ID,South-Eastern Asia,South Papua,Papua Selatan,ID-PS
Indonesia,IDN,ID,South-Eastern Asia,Central Papua,Papua Tengah,ID-PT
Indonesia,IDN,ID,South-Eastern Asia,Riau,Riau,ID-RI
Indonesia,IDN,ID,South-Eastern Asia,North Sulawesi,Sulawesi Utara,ID-SA
Indonesia,IDN,ID,South-Eastern Asia,West Sumatra,Sumatera Barat,ID-SB
Indonesia,IDN,ID,South-Eastern Asia,Southeast Sulawesi,Sulawesi Tenggara,ID-SG
Indonesia,IDN,ID,South-Eastern Asia,South Sulawesi,Sulawesi Selatan,ID-SN
Indonesia,IDN,ID,South-Eastern Asia,West Sulawesi,Sulawesi Barat,ID-SR
Indonesia,IDN,ID,South-Eastern Asia,South Sumatra,Sumatera Selatan,ID-SS
Indonesia,IDN,ID,South-Eastern Asia,Central Sulawesi,Sulawesi Tengah,ID-ST
Indonesia,IDN,ID,South-Eastern Asia,North Sumatra,Sumatera Utara,ID-SU
Indonesia,IDN,ID,South-Eastern Asia,Yogyakarta,Yogyakarta,ID-YO
Ireland,IRL,IE,Western Europe,Clare,Clare,IE-CE
Ireland,IRL,IE,Western Europe,Cavan,Cavan,IE-CN
Ireland,IRL,IE,Western Europe,Cork,Cork,IE-CO
Ireland,IRL,IE,Western Europe,Carlow,Carlow,IE-CW
Ireland,IRL,IE,Western Europe,Dublin,Dublin,IE-D
Ireland,IRL,IE,Western Europe,Donegal,Donegal,IE-DL
Ireland,IRL,IE,Western Europe,Galway,Galway,IE-G
Ireland,IRL,IE,Western Europe,Kildare,Kildare,IE-KE
Ireland,IRL,IE,Western Europe,Kilkenny,Kilkenny,IE-KK
Ireland,IRL,IE,Western Europe,Kerry,Kerry,IE-KY
Ireland,IRL,IE,Western Europe,Longford,Longford,IE-LD
Ireland,IRL,IE,Western Europe,Louth,Louth,IE-LH
Ireland,IRL,IE,Western Europe,Limerick,Limerick,IE-LK
Ireland,IRL,IE,Western Europe,Leitrim,Leitrim,IE-LM
Ireland,IRL,IE,Western Europe,Laois,Laois,IE-LS
Ireland,IRL,IE,Western Europe,Meath,Meath,IE-MH
Ireland,IRL,IE,Western Europe,Monaghan,Monaghan,IE-MN
Ireland,IRL,IE,Western Europe,Mayo,Mayo,IE-MO
Ireland,IRL,IE,Western Europe,Offaly,Offaly,IE-OY
Ireland,IRL,IE,Western Europe,Roscommon,Roscommon,IE-RN
Ireland,IRL,IE,Western Europe,Sligo,Sligo,IE-SO
Ireland,IRL,IE,Western Europe,Tipperary,Tipperary,IE-TA
Ireland,IRL,IE,Western Europe,Waterford,Waterford,IE-WD
Ireland,IRL,IE,Western Europe,Westmeath,Westmeath,IE-WH
Ireland,IRL,IE,Western Europe,Wicklow,Wicklow,IE-WW
Ireland,IRL,IE,Western Europe,Wexford,Wexford,IE-WX
Israel,ISR,IL,Asia,Al Janūbī,Al Janūbī,IL-D
Israel,ISR,IL,Asia,Ḩayfā,Ḩayfā,IL-HA
Israel,ISR,IL,Asia,Al Quds,Al Quds,IL-JM
Israel,ISR,IL,Asia,Al Awsaţ,Al Awsaţ,IL-M
Israel,ISR,IL,Asia,Tall Abīb,Tall Abīb,IL-TA
Israel,ISR,IL,Asia,Ash Shamālī,Ash Shamālī,IL-Z
India,IND,IN,South Asia,Andhra Pradesh,Andhra Pradesh,IN-AP
India,IND,IN,South Asia,Arunāchal Pradesh,Arunāchal Pradesh,IN-AR
India,IND,IN,South Asia,Assam,Assam,IN-AS
India,IND,IN,South Asia,Bihār,Bihār,IN-BR
India,IND,IN,South Asia,Chhattīsgarh,Chhattīsgarh,IN-CG
India,IND,IN,South Asia,Chandigarh,Chandigarh,IN-CH
India,IND,IN,South Asia,Dādra and Nagar Haveli and Damān and Diu,Dādra and Nagar Haveli and Damān and Diu,IN-DH
India,IND,IN,South Asia,Delhi,Delhi,IN-DL
India,IND,IN,South Asia,Goa,Goa,IN-GA
India,IND,IN,South Asia,Gujarāt,Gujarāt,IN-GJ
India,IND,IN,South Asia,Himāchal Pradesh,Himāchal Pradesh,IN-HP
India,IND,IN,South Asia,Haryāna,Haryāna,IN-HR
India,IND,IN,South Asia,Jhārkhand,Jhārkhand,IN-JH
India,IND,IN,South Asia,Jammu and Kashmīr,Jammu and Kashmīr,IN-JK
India,IND,IN,South Asia,Karnātaka,Karnātaka,IN-KA
India,IND,IN,South Asia,Kerala,Kerala,IN-KL
India,IND,IN,South Asia,Ladākh,Ladākh,IN-LA
India,IND,IN,South Asia,Lakshadweep,Lakshadweep,IN-LD
India,IND,IN,South Asia,Mahārāshtra,Mahārāshtra,IN-MH
India,IND,IN,South Asia,Meghālaya,Meghālaya,IN-ML
India,IND,IN,South Asia,Manipur,Manipur,IN-MN
India,IND,IN,South Asia,Madhya Pradesh,Madhya Pradesh,IN-MP
India,IND,IN,South Asia,Mizoram,Mizoram,IN-MZ
India,IND,IN,South Asia,Nāgāland,Nāgāland,IN-NL
India,IND,IN,South Asia,Odisha,Odisha,IN-OD
India,IND,IN,South Asia,Punjab,Punjab,IN-PB
India,IND,IN,South Asia,Puducherry (Pondicherry),Puducherry (Pondicherry),IN-PY
India,IND,IN,South Asia,Rājasthān,Rājasthān,IN-RJ
India,IND,IN,South Asia,Sikkim,Sikkim,IN-SK
India,IND,IN,South Asia,Tamil Nādu,Tamil Nādu,IN-TN
India,IND,IN,South Asia,Tripura,Tripura,IN-TR
India,IND,IN,South Asia,Telangāna,Telangāna,IN-TS
India,IND,IN,South Asia,Uttarākhand,Uttarākhand,IN-UK
India,IND,IN,South Asia,Uttar Pradesh,Uttar Pradesh,IN-UP
India,IND,IN,South Asia,West Bengal,West Bengal,IN-WB
Iraq,IRQ,IQ,Asia,Anbar,Al Anbār,IQ-AN
Iraq,IRQ,IQ,Asia,Erbil,Arbīl,IQ-AR
Iraq,IRQ,IQ,Asia,Basra,Al Başrah,IQ-BA
Iraq,IRQ,IQ,Asia,Babylon,Bābil,IQ-BB
Iraq,IRQ,IQ,Asia,Baghdad,Baghdād,IQ-BG
Iraq,IRQ,IQ,Asia,Duhok,Dahūk,IQ-DA
Iraq,IRQ,IQ,Asia,Diyala,Diyālá,IQ-DI
Iraq,IRQ,IQ,Asia,Dhi Qar,Dhī Qār,IQ-DQ
Iraq,IRQ,IQ,Asia,Karbala,Karbalā’,IQ-KA
Iraq,IRQ,IQ,Asia,Kirkuk,Kirkūk,IQ-KI
Iraq,IRQ,IQ,Asia,Kurdistan,Iqlīm Kūrdistān,IQ-KR
Iraq,IRQ,IQ,Asia,Maysan,Maysān,IQ-MA
Iraq,IRQ,IQ,Asia,Muthanna,Al Muthanná,IQ-MU
Iraq,IRQ,IQ,Asia,Najaf,An Najaf,IQ-NA
Iraq,IRQ,IQ,Asia,Nineveh,Nīnawá,IQ-NI
Iraq,IRQ,IQ,Asia,Qadisiya,Al Qādisīyah,IQ-QA
Iraq,IRQ,IQ,Asia,Saladin,Şalāḩ ad Dīn,IQ-SD
Iraq,IRQ,IQ,Asia,Sulaymaniya,As Sulaymānīyah,IQ-SU
Iraq,IRQ,IQ,Asia,Wasit,Wāsiţ,IQ-WA
Iran (Islamic Republic of),IRN,IR,Asia,Markazi,Markazī,IR-00
Iran (Islamic Republic of),IRN,IR,Asia,Gilan,Gīlān,IR-01
Iran (Islamic Republic of),IRN,IR,Asia,Mazandaran,Māzandarān,IR-02
Iran (Islamic Republic of),IRN,IR,Asia,East Azerbaijan,Āz̄ārbāyjān-e Shārqī,IR-03
Iran (Islamic Republic of),IRN,IR,Asia,West Azerbaijan,Āz̄ārbāyjān-e Ghārbī,IR-04
Iran (Islamic Republic of),IRN,IR,Asia,Kermanshah,Kermānshāh,IR-05
Iran (Islamic Republic of),IRN,IR,Asia,Khuzestan,Khūzestān,IR-06
Iran (Islamic Republic of),IRN,IR,Asia,Fars,Fārs,IR-07
Iran (Islamic Republic of),IRN,IR,Asia,Kerman,Kermān,IR-08
Iran (Islamic Republic of),IRN,IR,Asia,Central Khorasan,Khorāsān-e Raẕavī,IR-09
Iran (Islamic Republic of),IRN,IR,Asia,Isfahan,Eşfahān,IR-10
Iran (Islamic Republic of),IRN,IR,Asia,Sistan and Baluchestan,Sīstān va Balūchestān,IR-11
Iran (Islamic Republic of),IRN,IR,Asia,Kurdistan,Kordestān,IR-12
Iran (Islamic Republic of),IRN,IR,Asia,Hamadan,Hamadān,IR-13
Iran (Islamic Republic of),IRN,IR,Asia,Chaharmahal and Bakhtiari,Chahār Maḩāl va Bakhtīārī,IR-14
Iran (Islamic Republic of),IRN,IR,Asia,Lorestan,Lorestān,IR-15
Iran (Islamic Republic of),IRN,IR,Asia,Ilam,Īlām,IR-16
Iran (Islamic Republic of),IRN,IR,Asia,Kohgiluyeh and Boyer-Ahmad,Kohgīlūyeh va Bowyer Aḩmad,IR-17
Iran (Islamic Republic of),IRN,IR,Asia,Bushehr,Būshehr,IR-18
Iran (Islamic Republic of),IRN,IR,Asia,Zanjan,Zanjān,IR-19
Iran (Islamic Republic of),IRN,IR,Asia,Semnan,Semnān,IR-20
Iran (Islamic Republic of),IRN,IR,Asia,Yazd,Yazd,IR-21
Iran (Islamic Republic of),IRN,IR,Asia,Hormozgan,Hormozgān,IR-22
Iran (Islamic Republic of),IRN,IR,Asia,Tehran,Tehrān,IR-23
Iran (Islamic Republic of),IRN,IR,Asia,Ardabil,Ardabīl,IR-24
Iran (Islamic Republic of),IRN,IR,Asia,Qom,Qom,IR-25
Iran (Islamic Republic of),IRN,IR,Asia,Qazvin,Qazvīn,IR-26
Iran (Islamic Republic of),IRN,IR,Asia,Golestan,Golestān,IR-27
Iran (Islamic Republic of),IRN,IR,Asia,North Khorasan,Khorāsān-e Shomālī,IR-28
Iran (Islamic Republic of),IRN,IR,Asia,South Khorasan,Khorāsān-e Jonūbī,IR-29
Iran (Islamic Republic of),IRN,IR,Asia,Alborz,Alborz,IR-30
Iceland,ISL,IS,Northern Europe,Akranes (Market) Town,Akraneskaupstaður,IS-AKN
Iceland,ISL,IS,Northern Europe,Akureyri Town,Akureyrarbær,IS-AKU
Iceland,ISL,IS,Northern Europe,Arnes District,Árneshreppur,IS-ARN
Iceland,ISL,IS,Northern Europe,Asa District,Ásahreppur,IS-ASA
Iceland,ISL,IS,Northern Europe,Blaskoga Settlement,Bláskógabyggð,IS-BLA
Iceland,ISL,IS,Northern Europe,Borgar Settlement,Borgarbyggð,IS-BOG
Iceland,ISL,IS,Northern Europe,Bolungarvik (Market) Town,Bolungarvíkurkaupstaður,IS-BOL
Iceland,ISL,IS,Northern Europe,Dala Settlement,Dalabyggð,IS-DAB
Iceland,ISL,IS,Northern Europe,Dalvik Settlement,Dalvíkurbyggð,IS-DAV
Iceland,ISL,IS,Northern Europe,Eyja and Miklaholt District,Eyja- og Miklaholtshreppur,IS-EOM
Iceland,ISL,IS,Northern Europe,Eyjafjordur Village,Eyjafjarðarsveit,IS-EYF
Iceland,ISL,IS,Northern Europe,Fjarda Settlement,Fjarðabyggð,IS-FJD
Iceland,ISL,IS,Northern Europe,Fjalla Settlement,Fjallabyggð,IS-FJL
Iceland,ISL,IS,Northern Europe,Floa District,Flóahreppur,IS-FLA
Iceland,ISL,IS,Northern Europe,Fljotsdalur District,Fljótsdalshreppur,IS-FLR
Iceland,ISL,IS,Northern Europe,Garda Town,Garðabær,IS-GAR
Iceland,ISL,IS,Northern Europe,Grimsnes and Grafnings District,Grímsnes- og Grafningshreppur,IS-GOG
Iceland,ISL,IS,Northern Europe,Grindavik Town,Grindavíkurbær,IS-GRN
Iceland,ISL,IS,Northern Europe,Grundarfjordur Town,Grundarfjarðarbær,IS-GRU
Iceland,ISL,IS,Northern Europe,Grytubakka District,Grýtubakkahreppur,IS-GRY
Iceland,ISL,IS,Northern Europe,Hafnarfjordur (Market) Town,Hafnarfjarðarkaupstaður,IS-HAF
Iceland,ISL,IS,Northern Europe,Horgar Village,Hörgársveit,IS-HRG
Iceland,ISL,IS,Northern Europe,Hrunamanna District,Hrunamannahreppur,IS-HRU
Iceland,ISL,IS,Northern Europe,Huna Settlement,Húnabyggð,IS-HUG
Iceland,ISL,IS,Northern Europe,Western Hunathing,Húnaþing vestra,IS-HUV
Iceland,ISL,IS,Northern Europe,Hvalfjordur Village,Hvalfjarðarsveit,IS-HVA
Iceland,ISL,IS,Northern Europe,Hveragerdi Town,Hveragerðisbær,IS-HVE
Iceland,ISL,IS,Northern Europe,Isafjordur Town,Ísafjarðarbær,IS-ISA
Iceland,ISL,IS,Northern Europe,Kaldrananes District,Kaldrananeshreppur,IS-KAL
Iceland,ISL,IS,Northern Europe,Kjosar District,Kjósarhreppur,IS-KJO
Iceland,ISL,IS,Northern Europe,Kopavogur Town,Kópavogsbær,IS-KOP
Iceland,ISL,IS,Northern Europe,Langanes Settlement,Langanesbyggð,IS-LAN
Iceland,ISL,IS,Northern Europe,Mosfell Town,Mosfellsbær,IS-MOS
Iceland,ISL,IS,Northern Europe,Mulathing,Múlaþing,IS-MUL
Iceland,ISL,IS,Northern Europe,Myrdalur District,Mýrdalshreppur,IS-MYR
Iceland,ISL,IS,Northern Europe,Nordurthing,Norðurþing,IS-NOR
Iceland,ISL,IS,Northern Europe,Eastern Rangarthing,Rangárþing eystra,IS-RGE
Iceland,ISL,IS,Northern Europe,Outer Rangarthing,Rangárþing ytra,IS-RGY
Iceland,ISL,IS,Northern Europe,Reykhola District,Reykhólahreppur,IS-RHH
Iceland,ISL,IS,Northern Europe,Reykjanes Town,Reykjanesbær,IS-RKN
Iceland,ISL,IS,Northern Europe,Reykjavik City,Reykjavíkurborg,IS-RKV
Iceland,ISL,IS,Northern Europe,Svalbardsstrond District,Svalbarðsstrandarhreppur,IS-SBT
Iceland,ISL,IS,Northern Europe,Sudurnesja Town,Suðurnesjabær,IS-SDN
Iceland,ISL,IS,Northern Europe,Sudavik District,Súðavíkurhreppur,IS-SDV
Iceland,ISL,IS,Northern Europe,Seltjarnarnes Town,Seltjarnarnesbær,IS-SEL
Iceland,ISL,IS,Northern Europe,Arborg Township,Sveitarfélagið Árborg,IS-SFA
Iceland,ISL,IS,Northern Europe,Hornafjordur Township,Sveitarfélagið Hornafjörður,IS-SHF
Iceland,ISL,IS,Northern Europe,Skaftar District,Skaftárhreppur,IS-SKF
Iceland,ISL,IS,Northern Europe,Skaga Settlement,Skagabyggð,IS-SKG
Iceland,ISL,IS,Northern Europe,Skorradalur District,Skorradalshreppur,IS-SKO
Iceland,ISL,IS,Northern Europe,Skagafjordur,Skagafjörður,IS-SKR
Iceland,ISL,IS,Northern Europe,Snaefell Town,Snæfellsbær,IS-SNF
Iceland,ISL,IS,Northern Europe,Skeida and Gnupverja District,Skeiða- og Gnúpverjahreppur,IS-SOG
Iceland,ISL,IS,Northern Europe,Olfus Township,Sveitarfélagið Ölfus,IS-SOL
Iceland,ISL,IS,Northern Europe,Skagastrond Township,Sveitarfélagið Skagaströnd,IS-SSS
Iceland,ISL,IS,Northern Europe,Stranda Settlement,Strandabyggð,IS-STR
Iceland,ISL,IS,Northern Europe,Stykkisholmur Town,Stykkishólmsbær,IS-STY
Iceland,ISL,IS,Northern Europe,Vogar Township,Sveitarfélagið Vogar,IS-SVG
Iceland,ISL,IS,Northern Europe,Talknafjordur District,Tálknafjarðarhreppur,IS-TAL
Iceland,ISL,IS,Northern Europe,Thingeyjar Village,Þingeyjarsveit,IS-THG
Iceland,ISL,IS,Northern Europe,Tjornes District,Tjörneshreppur,IS-TJO
Iceland,ISL,IS,Northern Europe,Vestmannaeyja Town,Vestmannaeyjabær,IS-VEM
Iceland,ISL,IS,Northern Europe,Western Settlement,Vesturbyggð,IS-VER
Iceland,ISL,IS,Northern Europe,Vopnafjordur District,Vopnafjarðarhreppur,IS-VOP
Italy,ITA,IT,Western Europe,Agrigento,Agrigento,IT-AG
Italy,ITA,IT,Western Europe,Alessandria,Alessandria,IT-AL
Italy,ITA,IT,Western Europe,Ancona,Ancona,IT-AN
Italy,ITA,IT,Western Europe,Ascoli Piceno,Ascoli Piceno,IT-AP
Italy,ITA,IT,Western Europe,L'Aquila,L'Aquila,IT-AQ
Italy,ITA,IT,Western Europe,Arezzo,Arezzo,IT-AR
Italy,ITA,IT,Western Europe,Asti,Asti,IT-AT
Italy,ITA,IT,Western Europe,Avellino,Avellino,IT-AV
Italy,ITA,IT,Western Europe,Bari,Bari,IT-BA
Italy,ITA,IT,Western Europe,Bergamo,Bergamo,IT-BG
Italy,ITA,IT,Western Europe,Biella,Biella,IT-BI
Italy,ITA,IT,Western Europe,Belluno,Belluno,IT-BL
Italy,ITA,IT,Western Europe,Benevento,Benevento,IT-BN
Italy,ITA,IT,Western Europe,Bologna,Bologna,IT-BO
Italy,ITA,IT,Western Europe,Brindisi,Brindisi,IT-BR
Italy,ITA,IT,Western Europe,Brescia,Brescia,IT-BS
Italy,ITA,IT,Western Europe,Barletta-Andria-Trani,Barletta-Andria-Trani,IT-BT
Italy,ITA,IT,Western Europe,"Bolzano, Bozen (de)","Bolzano, Bozen (de)",IT-BZ
Italy,ITA,IT,Western Europe,Cagliari,Cagliari,IT-CA
Italy,ITA,IT,Western Europe,Campobasso,Campobasso,IT-CB
Italy,ITA,IT,Western Europe,Caserta,Caserta,IT-CE
Italy,ITA,IT,Western Europe,Chieti,Chieti,IT-CH
Italy,ITA,IT,Western Europe,Caltanissetta,Caltanissetta,IT-CL
Italy,ITA,IT,Western Europe,Cuneo,Cuneo,IT-CN
Italy,ITA,IT,Western Europe,Como,Como,IT-CO
Italy,ITA,IT,Western Europe,Cremona,Cremona,IT-CR
Italy,ITA,IT,Western Europe,Cosenza,Cosenza,IT-CS
Italy,ITA,IT,Western Europe,Catania,Catania,IT-CT
Italy,ITA,IT,Western Europe,Catanzaro,Catanzaro,IT-CZ
Italy,ITA,IT,Western Europe,Enna,Enna,IT-EN
Italy,ITA,IT,Western Europe,Forlì-Cesena,Forlì-Cesena,IT-FC
Italy,ITA,IT,Western Europe,Ferrara,Ferrara,IT-FE
Italy,ITA,IT,Western Europe,Foggia,Foggia,IT-FG
Italy,ITA,IT,Western Europe,Firenze,Firenze,IT-FI
Italy,ITA,IT,Western Europe,Fermo,Fermo,IT-FM
Italy,ITA,IT,Western Europe,Frosinone,Frosinone,IT-FR
Italy,ITA,IT,Western Europe,Genova,Genova,IT-GE
Italy,ITA,IT,Western Europe,Gorizia,Gorizia,IT-GO
Italy,ITA,IT,Western Europe,Grosseto,Grosseto,IT-GR
Italy,ITA,IT,Western Europe,Imperia,Imperia,IT-IM
Italy,ITA,IT,Western Europe,Isernia,Isernia,IT-IS
Italy,ITA,IT,Western Europe,Crotone,Crotone,IT-KR
Italy,ITA,IT,Western Europe,Lecco,Lecco,IT-LC
Italy,ITA,IT,Western Europe,Lecce,Lecce,IT-LE
Italy,ITA,IT,Western Europe,Livorno,Livorno,IT-LI
Italy,ITA,IT,Western Europe,Lodi,Lodi,IT-LO
Italy,ITA,IT,Western Europe,Latina,Latina,IT-LT
Italy,ITA,IT,Western Europe,Lucca,Lucca,IT-LU
Italy,ITA,IT,Western Europe,Monza e Brianza,Monza e Brianza,IT-MB
Italy,ITA,IT,Western Europe,Macerata,Macerata,IT-MC
Italy,ITA,IT,Western Europe,Messina,Messina,IT-ME
Italy,ITA,IT,Western Europe,Milano,Milano,IT-MI
Italy,ITA,IT,Western Europe,Mantova,Mantova,IT-MN
Italy,ITA,IT,Western Europe,Modena,Modena,IT-MO
Italy,ITA,IT,Western Europe,Massa-Carrara,Massa-Carrara,IT-MS
Italy,ITA,IT,Western Europe,Matera,Matera,IT-MT
Italy,ITA,IT,Western Europe,Napoli,Napoli,IT-NA
Italy,ITA,IT,Western Europe,Novara,Novara,IT-NO
Italy,ITA,IT,Western Europe,Nuoro,Nuoro,IT-NU
Italy,ITA,IT,Western Europe,Oristano,Oristano,IT-OR
Italy,ITA,IT,Western Europe,Palermo,Palermo,IT-PA
Italy,ITA,IT,Western Europe,Piacenza,Piacenza,IT-PC
Italy,ITA,IT,Western Europe,Padova,Padova,IT-PD
Italy,ITA,IT,Western Europe,Pescara,Pescara,IT-PE
Italy,ITA,IT,Western Europe,Perugia,Perugia,IT-PG
Italy,ITA,IT,Western Europe,Pisa,Pisa,IT-PI
Italy,ITA,IT,Western Europe,Pordenone,Pordenone,IT-PN
Italy,ITA,IT,Western Europe,Prato,Prato,IT-PO
Italy,ITA,IT,Western Europe,Parma,Parma,IT-PR
Italy,ITA,IT,Western Europe,Pistoia,Pistoia,IT-PT
Italy,ITA,IT,Western Europe,Pesaro e Urbino,Pesaro e Urbino,IT-PU
Italy,ITA,IT,Western Europe,Pavia,Pavia,IT-PV
Italy,ITA,IT,Western Europe,Potenza,Potenza,IT-PZ
Italy,ITA,IT,Western Europe,Ravenna,Ravenna,IT-RA
Italy,ITA,IT,Western Europe,Reggio Calabria,Reggio Calabria,IT-RC
Italy,ITA,IT,Western Europe,Reggio Emilia,Reggio Emilia,IT-RE
Italy,ITA,IT,Western Europe,Ragusa,Ragusa,IT-RG
Italy,ITA,IT,Western Europe,Rieti,Rieti,IT-RI
Italy,ITA,IT,Western Europe,Roma,Roma,IT-RM
Italy,ITA,IT,Western Europe,Rimini,Rimini,IT-RN
Italy,ITA,IT,Western Europe,Rovigo,Rovigo,IT-RO
Italy,ITA,IT,Western Europe,Salerno,Salerno,IT-SA
Italy,ITA,IT,Western Europe,Siena,Siena,IT-SI
Italy,ITA,IT,Western Europe,Sondrio,Sondrio,IT-SO
Italy,ITA,IT,Western Europe,La Spezia,La Spezia,IT-SP
Italy,ITA,IT,Western Europe,Siracusa,Siracusa,IT-SR
Italy,ITA,IT,Western Europe,Sassari,Sassari,IT-SS
Italy,ITA,IT,Western Europe,Sud Sardegna,Sud Sardegna,IT-SU
Italy,ITA,IT,Western Europe,Savona,Savona,IT-SV
Italy,ITA,IT,Western Europe,Taranto,Taranto,IT-TA
Italy,ITA,IT,Western Europe,Teramo,Teramo,IT-TE
Italy,ITA,IT,Western Europe,Trento,Trento,IT-TN
Italy,ITA,IT,Western Europe,Torino,Torino,IT-TO
Italy,ITA,IT,Western Europe,Trapani,Trapani,IT-TP
Italy,ITA,IT,Western Europe,Terni,Terni,IT-TR
Italy,ITA,IT,Western Europe,Trieste,Trieste,IT-TS
Italy,ITA,IT,Western Europe,Treviso,Treviso,IT-TV
Italy,ITA,IT,Western Europe,Udine,Udine,IT-UD
Italy,ITA,IT,Western Europe,Varese,Varese,IT-VA
Italy,ITA,IT,Western Europe,Verbano-Cusio-Ossola,Verbano-Cusio-Ossola,IT-VB
Italy,ITA,IT,Western Europe,Vercelli,Vercelli,IT-VC
Italy,ITA,IT,Western Europe,Venezia,Venezia,IT-VE
Italy,ITA,IT,Western Europe,Vicenza,Vicenza,IT-VI
Italy,ITA,IT,Western Europe,Verona,Verona,IT-VR
Italy,ITA,IT,Western Europe,Viterbo,Viterbo,IT-VT
Italy,ITA,IT,Western Europe,Vibo Valentia,Vibo Valentia,IT-VV
Jamaica,JAM,JM,Central America,Kingston,Kingston,JM-01
Jamaica,JAM,JM,Central America,Saint Andrew,Saint Andrew,JM-02
Jamaica,JAM,JM,Central America,Saint Thomas,Saint Thomas,JM-03
Jamaica,JAM,JM,Central America,Portland,Portland,JM-04
Jamaica,JAM,JM,Central America,Saint Mary,Saint Mary,JM-05
Jamaica,JAM,JM,Central America,Saint Ann,Saint Ann,JM-06
Jamaica,JAM,JM,Central America,Trelawny,Trelawny,JM-07
Jamaica,JAM,JM,Central America,Saint James,Saint James,JM-08
Jamaica,JAM,JM,Central America,Hanover,Hanover,JM-09
Jamaica,JAM,JM,Central America,Westmoreland,Westmoreland,JM-10
Jamaica,JAM,JM,Central America,Saint Elizabeth,Saint Elizabeth,JM-11
Jamaica,JAM,JM,Central America,Manchester,Manchester,JM-12
Jamaica,JAM,JM,Central America,Clarendon,Clarendon,JM-13
Jamaica,JAM,JM,Central America,Saint Catherine,Saint Catherine,JM-14
Jordan,JOR,JO,Asia,Ajloun,‘Ajlūn,JO-AJ
Jordan,JOR,JO,Asia,Amman,Al ‘A̅şimah,JO-AM
Jordan,JOR,JO,Asia,Aqaba,Al ‘Aqabah,JO-AQ
Jordan,JOR,JO,Asia,Tafilah,Aţ Ţafīlah,JO-AT
Jordan,JOR,JO,Asia,Zarqa,Az Zarqā’,JO-AZ
Jordan,JOR,JO,Asia,Balqa,Al Balqā’,JO-BA
Jordan,JOR,JO,Asia,Irbid,Irbid,JO-IR
Jordan,JOR,JO,Asia,Jerash,Jarash,JO-JA
Jordan,JOR,JO,Asia,Karak,Al Karak,JO-KA
Jordan,JOR,JO,Asia,Mafraq,Al Mafraq,JO-MA
Jordan,JOR,JO,Asia,Madaba,Mādabā,JO-MD
Jordan,JOR,JO,Asia,Ma'an,Ma‘ān,JO-MN
Japan,JPN,JP,Eastern Asia,Hokkaido,Hokkaidô,JP-01
Japan,JPN,JP,Eastern Asia,Aomori,Aomori,JP-02
Japan,JPN,JP,Eastern Asia,Iwate,Iwate,JP-03
Japan,JPN,JP,Eastern Asia,Miyagi,Miyagi,JP-04
Japan,JPN,JP,Eastern Asia,Akita,Akita,JP-05
Japan,JPN,JP,Eastern Asia,Yamagata,Yamagata,JP-06
Japan,JPN,JP,Eastern Asia,Fukushima,Hukusima,JP-07
Japan,JPN,JP,Eastern Asia,Ibaraki,Ibaraki,JP-08
Japan,JPN,JP,Eastern Asia,Tochigi,Totigi,JP-09
Japan,JPN,JP,Eastern Asia,Gunma,Gunma,JP-10
Japan,JPN,JP,Eastern Asia,Saitama,Saitama,JP-11
Japan,JPN,JP,Eastern Asia,Chiba,Tiba,JP-12
Japan,JPN,JP,Eastern Asia,Tokyo,Tôkyô,JP-13
Japan,JPN,JP,Eastern Asia,Kanagawa,Kanagawa,JP-14
Japan,JPN,JP,Eastern Asia,Niigata,Niigata,JP-15
Japan,JPN,JP,Eastern Asia,Toyama,Toyama,JP-16
Japan,JPN,JP,Eastern Asia,Ishikawa,Isikawa,JP-17
Japan,JPN,JP,Eastern Asia,Fukui,Hukui,JP-18
Japan,JPN,JP,Eastern Asia,Yamanashi,Yamanasi,JP-19
Japan,JPN,JP,Eastern Asia,Nagano,Nagano,JP-20
Japan,JPN,JP,Eastern Asia,Gifu,Gihu,JP-21
Japan,JPN,JP,Eastern Asia,Shizuoka,Sizuoka,JP-22
Japan,JPN,JP,Eastern Asia,Aichi,Aiti,JP-23
Japan,JPN,JP,Eastern Asia,Mie,Mie,JP-24
Japan,JPN,JP,Eastern Asia,Shiga,Siga,JP-25
Japan,JPN,JP,Eastern Asia,Kyoto,Kyôto,JP-26
Japan,JPN,JP,Eastern Asia,Osaka,Ôsaka,JP-27
Japan,JPN,JP,Eastern Asia,Hyogo,Hyôgo,JP-28
Japan,JPN,JP,Eastern Asia,Nara,Nara,JP-29
Japan,JPN,JP,Eastern Asia,Wakayama,Wakayama,JP-30
Japan,JPN,JP,Eastern Asia,Tottori,Tottori,JP-31
Japan,JPN,JP,Eastern Asia,Shimane,Simane,JP-32
Japan,JPN,JP,Eastern Asia,Okayama,Okayama,JP-33
Japan,JPN,JP,Eastern Asia,Hiroshima,Hirosima,JP-34
Japan,JPN,JP,Eastern Asia,Yamaguchi,Yamaguti,JP-35
Japan,JPN,JP,Eastern Asia,Tokushima,Tokusima,JP-36
Japan,JPN,JP,Eastern Asia,Kagawa,Kagawa,JP-37
Japan,JPN,JP,Eastern Asia,Ehime,Ehime,JP-38
Japan,JPN,JP,Eastern Asia,Kochi,Kôti,JP-39
Japan,JPN,JP,Eastern Asia,Fukuoka,Hukuoka,JP-40
Japan,JPN,JP,Eastern Asia,Saga,Saga,JP-41
Japan,JPN,JP,Eastern Asia,Nagasaki,Nagasaki,JP-42
Japan,JPN,JP,Eastern Asia,Kumamoto,Kumamoto,JP-43
Japan,JPN,JP,Eastern Asia,Oita,Ôita,JP-44
Japan,JPN,JP,Eastern Asia,Miyazaki,Miyazaki,JP-45
Japan,JPN,JP,Eastern Asia,Kagoshima,Kagosima,JP-46
Japan,JPN,JP,Eastern Asia,Okinawa,Okinawa,JP-47
Kenya,KEN,KE,Eastern Africa,Baringo,Baringo,KE-01
Kenya,KEN,KE,Eastern Africa,Bomet,Bomet,KE-02
Kenya,KEN,KE,Eastern Africa,Bungoma,Bungoma,KE-03
Kenya,KEN,KE,Eastern Africa,Busia,Busia,KE-04
Kenya,KEN,KE,Eastern Africa,Elgeyo/Marakwet,Elgeyo/Marakwet,KE-05
Kenya,KEN,KE,Eastern Africa,Embu,Embu,KE-06
Kenya,KEN,KE,Eastern Africa,Garissa,Garissa,KE-07
Kenya,KEN,KE,Eastern Africa,Homa Bay,Homa Bay,KE-08
Kenya,KEN,KE,Eastern Africa,Isiolo,Isiolo,KE-09
Kenya,KEN,KE,Eastern Africa,Kajiado,Kajiado,KE-10
Kenya,KEN,KE,Eastern Africa,Kakamega,Kakamega,KE-11
Kenya,KEN,KE,Eastern Africa,Kericho,Kericho,KE-12
Kenya,KEN,KE,Eastern Africa,Kiambu,Kiambu,KE-13
Kenya,KEN,KE,Eastern Africa,Kilifi,Kilifi,KE-14
Kenya,KEN,KE,Eastern Africa,Kirinyaga,Kirinyaga,KE-15
Kenya,KEN,KE,Eastern Africa,Kisii,Kisii,KE-16
Kenya,KEN,KE,Eastern Africa,Kisumu,Kisumu,KE-17
Kenya,KEN,KE,Eastern Africa,Kitui,Kitui,KE-18
Kenya,KEN,KE,Eastern Africa,Kwale,Kwale,KE-19
Kenya,KEN,KE,Eastern Africa,Laikipia,Laikipia,KE-20
Kenya,KEN,KE,Eastern Africa,Lamu,Lamu,KE-21
Kenya,KEN,KE,Eastern Africa,Machakos,Machakos,KE-22
Kenya,KEN,KE,Eastern Africa,Makueni,Makueni,KE-23
Kenya,KEN,KE,Eastern Africa,Mandera,Mandera,KE-24
Kenya,KEN,KE,Eastern Africa,Marsabit,Marsabit,KE-25
Kenya,KEN,KE,Eastern Africa,Meru,Meru,KE-26
Kenya,KEN,KE,Eastern Africa,Migori,Migori,KE-27
Kenya,KEN,KE,Eastern Africa,Mombasa,Mombasa,KE-28
Kenya,KEN,KE,Eastern Africa,Murang'a,Murang'a,KE-29
Kenya,KEN,KE,Eastern Africa,Nairobi City,Nairobi City,KE-30
Kenya,KEN,KE,Eastern Africa,Nakuru,Nakuru,KE-31
Kenya,KEN,KE,Eastern Africa,Nandi,Nandi,KE-32
Kenya,KEN,KE,Eastern Africa,Narok,Narok,KE-33
Kenya,KEN,KE,Eastern Africa,Nyamira,Nyamira,KE-34
Kenya,KEN,KE,Eastern Africa,Nyandarua,Nyandarua,KE-35
Kenya,KEN,KE,Eastern Africa,Nyeri,Nyeri,KE-36
Kenya,KEN,KE,Eastern Africa,Samburu,Samburu,KE-37
Kenya,KEN,KE,Eastern Africa,Siaya,Siaya,KE-38
Kenya,KEN,KE,Eastern Africa,Taita/Taveta,Taita/Taveta,KE-39
Kenya,KEN,KE,Eastern Africa,Tana River,Tana River,KE-40
Kenya,KEN,KE,Eastern Africa,Tharaka-Nithi,Tharaka-Nithi,KE-41
Kenya,KEN,KE,Eastern Africa,Trans Nzoia,Trans Nzoia,KE-42
Kenya,KEN,KE,Eastern Africa,Turkana,Turkana,KE-43
Kenya,KEN,KE,Eastern Africa,Uasin Gishu,Uasin Gishu,KE-44
Kenya,KEN,KE,Eastern Africa,Vihiga,Vihiga,KE-45
Kenya,KEN,KE,Eastern Africa,Wajir,Wajir,KE-46
Kenya,KEN,KE,Eastern Africa,West Pokot,West Pokot,KE-47
Kyrgyzstan,KGZ,KG,Central Asia,Batken,Batken,KG-B
Kyrgyzstan,KGZ,KG,Central Asia,Chuy,Chüy,KG-C
Kyrgyzstan,KGZ,KG,Central Asia,Bishkek,Bishkek Shaary,KG-GB
Kyrgyzstan,KGZ,KG,Central Asia,Osh City,Osh Shaary,KG-GO
Kyrgyzstan,KGZ,KG,Central Asia,Jalal-Abad,Jalal-Abad,KG-J
Kyrgyzstan,KGZ,KG,Central Asia,Naryn,Naryn,KG-N
Kyrgyzstan,KGZ,KG,Central Asia,Osh,Osh,KG-O
Kyrgyzstan,KGZ,KG,Central Asia,Talas,Talas,KG-T
Kyrgyzstan,KGZ,KG,Central Asia,Issyk-Kul,Ysyk-Köl,KG-Y
Cambodia,KHM,KH,South-Eastern Asia,Banteay Mean Choăy,Banteay Mean Choăy,KH-1
Cambodia,KHM,KH,South-Eastern Asia,Kracheh,Kracheh,KH-10
Cambodia,KHM,KH,South-Eastern Asia,Mondol Kiri,Mondol Kiri,KH-11
Cambodia,KHM,KH,South-Eastern Asia,Phnom Penh,Phnom Penh,KH-12
Cambodia,KHM,KH,South-Eastern Asia,Preah Vihear,Preah Vihear,KH-13
Cambodia,KHM,KH,South-Eastern Asia,Prey Veaeng,Prey Veaeng,KH-14
Cambodia,KHM,KH,South-Eastern Asia,Pousaat,Pousaat,KH-15
Cambodia,KHM,KH,South-Eastern Asia,Rotanak Kiri,Rotanak Kiri,KH-16
Cambodia,KHM,KH,South-Eastern Asia,Siem Reab,Siem Reab,KH-17
Cambodia,KHM,KH,South-Eastern Asia,Preah Sihanouk,Preah Sihanouk,KH-18
Cambodia,KHM,KH,South-Eastern Asia,Stueng Traeng,Stueng Traeng,KH-19
Cambodia,KHM,KH,South-Eastern Asia,Baat Dambang,Baat Dambang,KH-2
Cambodia,KHM,KH,South-Eastern Asia,Svaay Rieng,Svaay Rieng,KH-20
Cambodia,KHM,KH,South-Eastern Asia,Taakaev,Taakaev,KH-21
Cambodia,KHM,KH,South-Eastern Asia,Otdar Mean Chey,Otdar Mean Chey,KH-22
Cambodia,KHM,KH,South-Eastern Asia,Kaeb,Kaeb,KH-23
Cambodia,KHM,KH,South-Eastern Asia,Pailin,Pailin,KH-24
Cambodia,KHM,KH,South-Eastern Asia,Tbong Khmum,Tbong Khmum,KH-25
Cambodia,KHM,KH,South-Eastern Asia,Kampong Chaam,Kampong Chaam,KH-3
Cambodia,KHM,KH,South-Eastern Asia,Kampong Chhnang,Kampong Chhnang,KH-4
Cambodia,KHM,KH,South-Eastern Asia,Kampong Spueu,Kampong Spueu,KH-5
Cambodia,KHM,KH,South-Eastern Asia,Kampong Thum,Kampong Thum,KH-6
Cambodia,KHM,KH,South-Eastern Asia,Kampot,Kampot,KH-7
Cambodia,KHM,KH,South-Eastern Asia,Kandaal,Kandaal,KH-8
Cambodia,KHM,KH,South-Eastern Asia,Kaoh Kong,Kaoh Kong,KH-9
Kiribati,KIR,KI,Oceania,Gilbert Islands,Gilbert Islands,KI-G
Kiribati,KIR,KI,Oceania,Line Islands,Line Islands,KI-L
Kiribati,KIR,KI,Oceania,Phoenix Islands,Phoenix Islands,KI-P
Comoros,COM,KM,Indian Ocean,Anjouan,Anjouan,KM-A
Comoros,COM,KM,Indian Ocean,Grande Comore,Grande Comore,KM-G
Comoros,COM,KM,Indian Ocean,Mohéli,Mohéli,KM-M
Saint Kitts and Nevis,KNA,KN,Central America,Christ Church Nichola Town,Christ Church Nichola Town,KN-01
Saint Kitts and Nevis,KNA,KN,Central America,Saint Anne Sandy Point,Saint Anne Sandy Point,KN-02
Saint Kitts and Nevis,KNA,KN,Central America,Saint George Basseterre,Saint George Basseterre,KN-03
Saint Kitts and Nevis,KNA,KN,Central America,Saint George Gingerland,Saint George Gingerland,KN-04
Saint Kitts and Nevis,KNA,KN,Central America,Saint James Windward,Saint James Windward,KN-05
Saint Kitts and Nevis,KNA,KN,Central America,Saint John Capisterre,Saint John Capisterre,KN-06
Saint Kitts and Nevis,KNA,KN,Central America,Saint John Figtree,Saint John Figtree,KN-07
Saint Kitts and Nevis,KNA,KN,Central America,Saint Mary Cayon,Saint Mary Cayon,KN-08
Saint Kitts and Nevis,KNA,KN,Central America,Saint Paul Capisterre,Saint Paul Capisterre,KN-09
Saint Kitts and Nevis,KNA,KN,Central America,Saint Paul Charlestown,Saint Paul Charlestown,KN-10
Saint Kitts and Nevis,KNA,KN,Central America,Saint Peter Basseterre,Saint Peter Basseterre,KN-11
Saint Kitts and Nevis,KNA,KN,Central America,Saint Thomas Lowland,Saint Thomas Lowland,KN-12
Saint Kitts and Nevis,KNA,KN,Central America,Saint Thomas Middle Island,Saint Thomas Middle Island,KN-13
Saint Kitts and Nevis,KNA,KN,Central America,Trinity Palmetto Point,Trinity Palmetto Point,KN-15
Korea (the Democratic People's Republic of),PRK,KP,Eastern Asia,Pyongyang,P'yǒngyang,KP-01
Korea (the Democratic People's Republic of),PRK,KP,Eastern Asia,South Pyongan,P'yǒngan-namdo,KP-02
Korea (the Democratic People's Republic of),PRK,KP,Eastern Asia,North Pyongan,P'yǒngan-bukto,KP-03
Korea (the Democratic People's Republic of),PRK,KP,Eastern Asia,Chagang,Chagang-do,KP-04
Korea (the Democratic People's Republic of),PRK,KP,Eastern Asia,South Hwanghae,Hwanghae-namdo,KP-05
Korea (the Democratic People's Republic of),PRK,KP,Eastern Asia,North Hwanghae,Hwanghae-bukto,KP-06
Korea (the Democratic People's Republic of),PRK,KP,Eastern Asia,Kangwon,Kangwǒn-do,KP-07
Korea (the Democratic People's Republic of),PRK,KP,Eastern Asia,South Hamgyong,Hamgyǒng-namdo,KP-08
Korea (the Democratic People's Republic of),PRK,KP,Eastern Asia,North Hamgyong,Hamgyǒng-bukto,KP-09
Korea (the Democratic People's Republic of),PRK,KP,Eastern Asia,Ryanggang,Ryanggang-do,KP-10
Korea (the Democratic People's Republic of),PRK,KP,Eastern Asia,Rason,Rasǒn(Local variant: Najin Sǒnbong),KP-13
Korea (the Democratic People's Republic of),PRK,KP,Eastern Asia,Nampo,Namp’o,KP-14
Korea (the Democratic People's Republic of),PRK,KP,Eastern Asia,Kaesong,Kaesŏng,KP-15
Korea (the Republic of),KOR,KR,Eastern Asia,Seoul,Seoul-teukbyeolsi,KR-11
Korea (the Republic of),KOR,KR,Eastern Asia,Busan,Busan-gwangyeoksi,KR-26
Korea (the Republic of),KOR,KR,Eastern Asia,Daegu,Daegu-gwangyeoksi,KR-27
Korea (the Republic of),KOR,KR,Eastern Asia,Incheon,Incheon-gwangyeoksi,KR-28
Korea (the Republic of),KOR,KR,Eastern Asia,Gwangju,Gwangju-gwangyeoksi,KR-29
Korea (the Republic of),KOR,KR,Eastern Asia,Daejeon,Daejeon-gwangyeoksi,KR-30
Korea (the Republic of),KOR,KR,Eastern Asia,Ulsan,Ulsan-gwangyeoksi,KR-31
Korea (the Republic of),KOR,KR,Eastern Asia,Gyeonggi,Gyeonggi-do,KR-41
Korea (the Republic of),KOR,KR,Eastern Asia,Gangwon,Gangwon-teukbyeoljachido,KR-42
Korea (the Republic of),KOR,KR,Eastern Asia,North Chungcheong,Chungcheongbuk-do,KR-43
Korea (the Republic of),KOR,KR,Eastern Asia,South Chungcheong,Chungcheongnam-do,KR-44
Korea (the Republic of),KOR,KR,Eastern Asia,North Jeolla,Jeollabuk-do,KR-45
Korea (the Republic of),KOR,KR,Eastern Asia,South Jeolla,Jeollanam-do,KR-46
Korea (the Republic of),KOR,KR,Eastern Asia,North Gyeongsang,Gyeongsangbuk-do,KR-47
Korea (the Republic of),KOR,KR,Eastern Asia,South Gyeongsang,Gyeongsangnam-do,KR-48
Korea (the Republic of),KOR,KR,Eastern Asia,Jeju,Jeju-teukbyeoljachido,KR-49
Korea (the Republic of),KOR,KR,Eastern Asia,Sejong,Sejong,KR-50
Kuwait,KWT,KW,Asia,Ahmadi,Al Aḩmadī,KW-AH
Kuwait,KWT,KW,Asia,Farwaniya,Al Farwānīyah,KW-FA
Kuwait,KWT,KW,Asia,Hawalli,Ḩawallī,KW-HA
Kuwait,KWT,KW,Asia,Jahra,Al Jahrā’,KW-JA
Kuwait,KWT,KW,Asia,Capital,Al ‘Āşimah,KW-KU
Kuwait,KWT,KW,Asia,Mubarak Al-Kabeer,Mubārak al Kabīr,KW-MU
Kazakhstan,KAZ,KZ,Central Asia,Abai,Abayoblysy,KZ-10
Kazakhstan,KAZ,KZ,Central Asia,Akmola,Aqmola oblysy,KZ-11
Kazakhstan,KAZ,KZ,Central Asia,Aktobe,Aqtöbe oblysy,KZ-15
Kazakhstan,KAZ,KZ,Central Asia,Almaty,Almatyoblysy,KZ-19
Kazakhstan,KAZ,KZ,Central Asia,Atyrau,Atyraūoblysy,KZ-23
Kazakhstan,KAZ,KZ,Central Asia,West Kazakhstan,Batys Qazaqstan oblysy,KZ-27
Kazakhstan,KAZ,KZ,Central Asia,Jambyl,Zhambyl oblysy,KZ-31
Kazakhstan,KAZ,KZ,Central Asia,Jetisu,Zhetisū oblysy,KZ-33
Kazakhstan,KAZ,KZ,Central Asia,Karaganda,Qaraghandy oblysy,KZ-35
Kazakhstan,KAZ,KZ,Central Asia,Kostanay,Qostanay oblysy,KZ-39
Kazakhstan,KAZ,KZ,Central Asia,Kyzylorda,Qyzylorda oblysy,KZ-43
Kazakhstan,KAZ,KZ,Central Asia,Mangystau,Mangghystaū oblysy,KZ-47
Kazakhstan,KAZ,KZ,Central Asia,Pavlodar,Pavlodar oblysy,KZ-55
Kazakhstan,KAZ,KZ,Central Asia,North Kazakhstan,Soltüstik Qazaqstan oblysy,KZ-59
Kazakhstan,KAZ,KZ,Central Asia,Turkistan,Türkistan oblysy,KZ-61
Kazakhstan,KAZ,KZ,Central Asia,Ulytau,Ulytaūoblysy,KZ-62
Kazakhstan,KAZ,KZ,Central Asia,East Kazakhstan,Shyghys Qazaqstan oblysy,KZ-63
Kazakhstan,KAZ,KZ,Central Asia,Astana,Astana,KZ-71
Kazakhstan,KAZ,KZ,Central Asia,Almaty City,Almaty,KZ-75
Kazakhstan,KAZ,KZ,Central Asia,Shymkent,Shymkent,KZ-79
Lao People's Democratic Republic,LAO,LA,South-Eastern Asia,Attapu,Attapu,LA-AT
Lao People's Democratic Republic,LAO,LA,South-Eastern Asia,Bokèo,Bokèo,LA-BK
Lao People's Democratic Republic,LAO,LA,South-Eastern Asia,Bolikhamxai,Bolikhamxai,LA-BL
Lao People's Democratic Republic,LAO,LA,South-Eastern Asia,Champasak,Champasak,LA-CH
Lao People's Democratic Republic,LAO,LA,South-Eastern Asia,Houaphan,Houaphan,LA-HO
Lao People's Democratic Republic,LAO,LA,South-Eastern Asia,Khammouan,Khammouan,LA-KH
Lao People's Democratic Republic,LAO,LA,South-Eastern Asia,Louang Namtha,Louang Namtha,LA-LM
Lao People's Democratic Republic,LAO,LA,South-Eastern Asia,Louangphabang,Louangphabang,LA-LP
Lao People's Democratic Republic,LAO,LA,South-Eastern Asia,Oudômxai,Oudômxai,LA-OU
Lao People's Democratic Republic,LAO,LA,South-Eastern Asia,Phôngsali,Phôngsali,LA-PH
Lao People's Democratic Republic,LAO,LA,South-Eastern Asia,Salavan,Salavan,LA-SL
Lao People's Democratic Republic,LAO,LA,South-Eastern Asia,Savannakhét,Savannakhét,LA-SV
Lao People's Democratic Republic,LAO,LA,South-Eastern Asia,Viangchan,Viangchan,LA-VI
Lao People's Democratic Republic,LAO,LA,South-Eastern Asia,Viangchan,Viangchan,LA-VT
Lao People's Democratic Republic,LAO,LA,South-Eastern Asia,Xaignabouli,Xaignabouli,LA-XA
Lao People's Democratic Republic,LAO,LA,South-Eastern Asia,Xékong,Xékong,LA-XE
Lao People's Democratic Republic,LAO,LA,South-Eastern Asia,Xiangkhouang,Xiangkhouang,LA-XI
Lao People's Democratic Republic,LAO,LA,South-Eastern Asia,Xaisômboun,Xaisômboun,LA-XS
Lebanon,LBN,LB,Asia,Akkar,Aakkâr,LB-AK
Lebanon,LBN,LB,Asia,North Lebanon,Liban-Nord,LB-AS
Lebanon,LBN,LB,Asia,Beirut,Beyrouth,LB-BA
Lebanon,LBN,LB,Asia,Baalbek-Hermel,Baalbek-Hermel,LB-BH
Lebanon,LBN,LB,Asia,Beqaa,Béqaa,LB-BI
Lebanon,LBN,LB,Asia,South Lebanon,Liban-Sud,LB-JA
Lebanon,LBN,LB,Asia,Mount Lebanon,Mont-Liban,LB-JL
Lebanon,LBN,LB,Asia,Nabatieh,Nabatîyé,LB-NA
Saint Lucia,LCA,LC,Central America,Anse la Raye,Anse la Raye,LC-01
Saint Lucia,LCA,LC,Central America,Castries,Castries,LC-02
Saint Lucia,LCA,LC,Central America,Choiseul,Choiseul,LC-03
Saint Lucia,LCA,LC,Central America,Dennery,Dennery,LC-05
Saint Lucia,LCA,LC,Central America,Gros Islet,Gros Islet,LC-06
Saint Lucia,LCA,LC,Central America,Laborie,Laborie,LC-07
Saint Lucia,LCA,LC,Central America,Micoud,Micoud,LC-08
Saint Lucia,LCA,LC,Central America,Soufrière,Soufrière,LC-10
Saint Lucia,LCA,LC,Central America,Vieux Fort,Vieux Fort,LC-11
Saint Lucia,LCA,LC,Central America,Canaries,Canaries,LC-12
Liechtenstein,LIE,LI,Western Europe,Balzers,Balzers,LI-01
Liechtenstein,LIE,LI,Western Europe,Eschen,Eschen,LI-02
Liechtenstein,LIE,LI,Western Europe,Gamprin,Gamprin,LI-03
Liechtenstein,LIE,LI,Western Europe,Mauren,Mauren,LI-04
Liechtenstein,LIE,LI,Western Europe,Planken,Planken,LI-05
Liechtenstein,LIE,LI,Western Europe,Ruggell,Ruggell,LI-06
Liechtenstein,LIE,LI,Western Europe,Schaan,Schaan,LI-07
Liechtenstein,LIE,LI,Western Europe,Schellenberg,Schellenberg,LI-08
Liechtenstein,LIE,LI,Western Europe,Triesen,Triesen,LI-09
Liechtenstein,LIE,LI,Western Europe,Triesenberg,Triesenberg,LI-10
Liechtenstein,LIE,LI,Western Europe,Vaduz,Vaduz,LI-11
Sri Lanka,LKA,LK,South Asia,Colombo,Kŏḷamba,LK-11
Sri Lanka,LKA,LK,South Asia,Gampaha,Gampaha,LK-12
Sri Lanka,LKA,LK,South Asia,Kalutara,Kalutara,LK-13
Sri Lanka,LKA,LK,South Asia,Kandy,Mahanuvara,LK-21
Sri Lanka,LKA,LK,South Asia,Matale,Mātale,LK-22
Sri Lanka,LKA,LK,South Asia,Nuwara Eliya,Nuvara Ĕliya,LK-23
Sri Lanka,LKA,LK,South Asia,Galle,Gālla,LK-31
Sri Lanka,LKA,LK,South Asia,Matara,Mātara,LK-32
Sri Lanka,LKA,LK,South Asia,Hambantota,Hambantŏṭa,LK-33
Sri Lanka,LKA,LK,South Asia,Jaffna,Yāpanaya,LK-41
Sri Lanka,LKA,LK,South Asia,Kilinochchi,Kilinŏchchi,LK-42
Sri Lanka,LKA,LK,South Asia,Mannar,Mannārama,LK-43
Sri Lanka,LKA,LK,South Asia,Vavuniya,Vavuniyāva,LK-44
Sri Lanka,LKA,LK,South Asia,Mullaittivu,Mulativ,LK-45
Sri Lanka,LKA,LK,South Asia,Batticaloa,Maḍakalapuva,LK-51
Sri Lanka,LKA,LK,South Asia,Ampara,Ampāra,LK-52
Sri Lanka,LKA,LK,South Asia,Trincomalee,Trikuṇāmalaya,LK-53
Sri Lanka,LKA,LK,South Asia,Kurunegala,Kuruṇægala,LK-61
Sri Lanka,LKA,LK,South Asia,Puttalam,Puttalama,LK-62
Sri Lanka,LKA,LK,South Asia,Anuradhapura,Anurādhapura,LK-71
Sri Lanka,LKA,LK,South Asia,Polonnaruwa,Pŏḷŏnnaruva,LK-72
Sri Lanka,LKA,LK,South Asia,Badulla,Badulla,LK-81
Sri Lanka,LKA,LK,South Asia,Monaragala,Mŏṇarāgala,LK-82
Sri Lanka,LKA,LK,South Asia,Ratnapura,Ratnapura,LK-91
Sri Lanka,LKA,LK,South Asia,Kegalla,Kægalla,LK-92
Liberia,LBR,LR,Western Africa,Bong,Bong,LR-BG
Liberia,LBR,LR,Western Africa,Bomi,Bomi,LR-BM
Liberia,LBR,LR,Western Africa,Grand Cape Mount,Grand Cape Mount,LR-CM
Liberia,LBR,LR,Western Africa,Grand Bassa,Grand Bassa,LR-GB
Liberia,LBR,LR,Western Africa,Grand Gedeh,Grand Gedeh,LR-GG
Liberia,LBR,LR,Western Africa,Grand Kru,Grand Kru,LR-GK
Liberia,LBR,LR,Western Africa,Gbarpolu,Gbarpolu,LR-GP
Liberia,LBR,LR,Western Africa,Lofa,Lofa,LR-LO
Liberia,LBR,LR,Western Africa,Margibi,Margibi,LR-MG
Liberia,LBR,LR,Western Africa,Montserrado,Montserrado,LR-MO
Liberia,LBR,LR,Western Africa,Maryland,Maryland,LR-MY
Liberia,LBR,LR,Western Africa,Nimba,Nimba,LR-NI
Liberia,LBR,LR,Western Africa,River Gee,River Gee,LR-RG
Liberia,LBR,LR,Western Africa,River Cess(Local variant: Rivercess),River Cess(Local variant: Rivercess),LR-RI
Liberia,LBR,LR,Western Africa,Sinoe,Sinoe,LR-SI
Lesotho,LSO,LS,Southern Africa,Maseru,Maseru,LS-A
Lesotho,LSO,LS,Southern Africa,Botha-Bothe,Botha-Bothe,LS-B
Lesotho,LSO,LS,Southern Africa,Leribe,Leribe,LS-C
Lesotho,LSO,LS,Southern Africa,Berea,Berea,LS-D
Lesotho,LSO,LS,Southern Africa,Mafeteng,Mafeteng,LS-E
Lesotho,LSO,LS,Southern Africa,Mohale's Hoek,Mohale's Hoek,LS-F
Lesotho,LSO,LS,Southern Africa,Quthing,Quthing,LS-G
Lesotho,LSO,LS,Southern Africa,Qacha's Nek,Qacha's Nek,LS-H
Lesotho,LSO,LS,Southern Africa,Mokhotlong,Mokhotlong,LS-J
Lesotho,LSO,LS,Southern Africa,Thaba-Tseka,Thaba-Tseka,LS-K
Lithuania,LTU,LT,Eastern Europe,Akmenė,Akmenė,LT-01
Lithuania,LTU,LT,Eastern Europe,Alytaus miestas,Alytaus miestas,LT-02
Lithuania,LTU,LT,Eastern Europe,Alytus,Alytus,LT-03
Lithuania,LTU,LT,Eastern Europe,Anykščiai,Anykščiai,LT-04
Lithuania,LTU,LT,Eastern Europe,Birštonas,Birštonas,LT-05
Lithuania,LTU,LT,Eastern Europe,Biržai,Biržai,LT-06
Lithuania,LTU,LT,Eastern Europe,Druskininkai,Druskininkai,LT-07
Lithuania,LTU,LT,Eastern Europe,Elektrėnai,Elektrėnai,LT-08
Lithuania,LTU,LT,Eastern Europe,Ignalina,Ignalina,LT-09
Lithuania,LTU,LT,Eastern Europe,Jonava,Jonava,LT-10
Lithuania,LTU,LT,Eastern Europe,Joniškis,Joniškis,LT-11
Lithuania,LTU,LT,Eastern Europe,Jurbarkas,Jurbarkas,LT-12
Lithuania,LTU,LT,Eastern Europe,Kaišiadorys,Kaišiadorys,LT-13
Lithuania,LTU,LT,Eastern Europe,Kalvarija,Kalvarija,LT-14
Lithuania,LTU,LT,Eastern Europe,Kauno miestas,Kauno miestas,LT-15
Lithuania,LTU,LT,Eastern Europe,Kaunas,Kaunas,LT-16
Lithuania,LTU,LT,Eastern Europe,Kazlų Rūdos,Kazlų Rūdos,LT-17
Lithuania,LTU,LT,Eastern Europe,Kėdainiai,Kėdainiai,LT-18
Lithuania,LTU,LT,Eastern Europe,Kelmė,Kelmė,LT-19
Lithuania,LTU,LT,Eastern Europe,Klaipėdos miestas,Klaipėdos miestas,LT-20
Lithuania,LTU,LT,Eastern Europe,Klaipėda,Klaipėda,LT-21
Lithuania,LTU,LT,Eastern Europe,Kretinga,Kretinga,LT-22
Lithuania,LTU,LT,Eastern Europe,Kupiškis,Kupiškis,LT-23
Lithuania,LTU,LT,Eastern Europe,Lazdijai,Lazdijai,LT-24
Lithuania,LTU,LT,Eastern Europe,Marijampolė,Marijampolė,LT-25
Lithuania,LTU,LT,Eastern Europe,Mažeikiai,Mažeikiai,LT-26
Lithuania,LTU,LT,Eastern Europe,Molėtai,Molėtai,LT-27
Lithuania,LTU,LT,Eastern Europe,Neringa,Neringa,LT-28
Lithuania,LTU,LT,Eastern Europe,Pagėgiai,Pagėgiai,LT-29
Lithuania,LTU,LT,Eastern Europe,Pakruojis,Pakruojis,LT-30
Lithuania,LTU,LT,Eastern Europe,Palangos miestas,Palangos miestas,LT-31
Lithuania,LTU,LT,Eastern Europe,Panevėžio miestas,Panevėžio miestas,LT-32
Lithuania,LTU,LT,Eastern Europe,Panevėžys,Panevėžys,LT-33
Lithuania,LTU,LT,Eastern Europe,Pasvalys,Pasvalys,LT-34
Lithuania,LTU,LT,Eastern Europe,Plungė,Plungė,LT-35
Lithuania,LTU,LT,Eastern Europe,Prienai,Prienai,LT-36
Lithuania,LTU,LT,Eastern Europe,Radviliškis,Radviliškis,LT-37
Lithuania,LTU,LT,Eastern Europe,Raseiniai,Raseiniai,LT-38
Lithuania,LTU,LT,Eastern Europe,Rietavas,Rietavas,LT-39
Lithuania,LTU,LT,Eastern Europe,Rokiškis,Rokiškis,LT-40
Lithuania,LTU,LT,Eastern Europe,Šakiai,Šakiai,LT-41
Lithuania,LTU,LT,Eastern Europe,Šalčininkai,Šalčininkai,LT-42
Lithuania,LTU,LT,Eastern Europe,Šiaulių miestas,Šiaulių miestas,LT-43
Lithuania,LTU,LT,Eastern Europe,Šiauliai,Šiauliai,LT-44
Lithuania,LTU,LT,Eastern Europe,Šilalė,Šilalė,LT-45
Lithuania,LTU,LT,Eastern Europe,Šilutė,Šilutė,LT-46
Lithuania,LTU,LT,Eastern Europe,Širvintos,Širvintos,LT-47
Lithuania,LTU,LT,Eastern Europe,Skuodas,Skuodas,LT-48
Lithuania,LTU,LT,Eastern Europe,Švenčionys,Švenčionys,LT-49
Lithuania,LTU,LT,Eastern Europe,Tauragė,Tauragė,LT-50
Lithuania,LTU,LT,Eastern Europe,Telšiai,Telšiai,LT-51
Lithuania,LTU,LT,Eastern Europe,Trakai,Trakai,LT-52
Lithuania,LTU,LT,Eastern Europe,Ukmergė,Ukmergė,LT-53
Lithuania,LTU,LT,Eastern Europe,Utena,Utena,LT-54
Lithuania,LTU,LT,Eastern Europe,Varėna,Varėna,LT-55
Lithuania,LTU,LT,Eastern Europe,Vilkaviškis,Vilkaviškis,LT-56
Lithuania,LTU,LT,Eastern Europe,Vilniaus miestas,Vilniaus miestas,LT-57
Lithuania,LTU,LT,Eastern Europe,Vilnius,Vilnius,LT-58
Lithuania,LTU,LT,Eastern Europe,Visaginas,Visaginas,LT-59
Lithuania,LTU,LT,Eastern Europe,Zarasai,Zarasai,LT-60
Luxembourg,LUX,LU,Western Europe,Capellen,Capellen,LU-CA
Luxembourg,LUX,LU,Western Europe,Clervaux,Clervaux,LU-CL
Luxembourg,LUX,LU,Western Europe,Diekirch,Diekirch,LU-DI
Luxembourg,LUX,LU,Western Europe,Echternach,Echternach,LU-EC
Luxembourg,LUX,LU,Western Europe,Esch-sur-Alzette,Esch-sur-Alzette,LU-ES
Luxembourg,LUX,LU,Western Europe,Grevenmacher,Grevenmacher,LU-GR
Luxembourg,LUX,LU,Western Europe,Luxembourg,Luxembourg,LU-LU
Luxembourg,LUX,LU,Western Europe,Mersch,Mersch,LU-ME
Luxembourg,LUX,LU,Western Europe,Redange,Redange,LU-RD
Luxembourg,LUX,LU,Western Europe,Remich,Remich,LU-RM
Luxembourg,LUX,LU,Western Europe,Vianden,Vianden,LU-VD
Luxembourg,LUX,LU,Western Europe,Wiltz,Wiltz,LU-WI
Latvia,LVA,LV,Eastern Europe,Aizkraukles novads,Aizkraukles novads,LV-002
Latvia,LVA,LV,Eastern Europe,Alūksnes novads,Alūksnes novads,LV-007
Latvia,LVA,LV,Eastern Europe,Ādažu novads,Ādažu novads,LV-011
Latvia,LVA,LV,Eastern Europe,Balvu novads,Balvu novads,LV-015
Latvia,LVA,LV,Eastern Europe,Bauskas novads,Bauskas novads,LV-016
Latvia,LVA,LV,Eastern Europe,Cēsu novads,Cēsu novads,LV-022
Latvia,LVA,LV,Eastern Europe,Dobeles novads,Dobeles novads,LV-026
Latvia,LVA,LV,Eastern Europe,Gulbenes novads,Gulbenes novads,LV-033
Latvia,LVA,LV,Eastern Europe,Jelgavas novads,Jelgavas novads,LV-041
Latvia,LVA,LV,Eastern Europe,Jēkabpils novads,Jēkabpils novads,LV-042
Latvia,LVA,LV,Eastern Europe,Krāslavas novads,Krāslavas novads,LV-047
Latvia,LVA,LV,Eastern Europe,Kuldīgas novads,Kuldīgas novads,LV-050
Latvia,LVA,LV,Eastern Europe,Ķekavas novads,Ķekavas novads,LV-052
Latvia,LVA,LV,Eastern Europe,Limbažu novads,Limbažu novads,LV-054
Latvia,LVA,LV,Eastern Europe,Līvānu novads,Līvānu novads,LV-056
Latvia,LVA,LV,Eastern Europe,Ludzas novads,Ludzas novads,LV-058
Latvia,LVA,LV,Eastern Europe,Madonas novads,Madonas novads,LV-059
Latvia,LVA,LV,Eastern Europe,Mārupes novads,Mārupes novads,LV-062
Latvia,LVA,LV,Eastern Europe,Ogres novads,Ogres novads,LV-067
Latvia,LVA,LV,Eastern Europe,Olaines novads,Olaines novads,LV-068
Latvia,LVA,LV,Eastern Europe,Preiļu novads,Preiļu novads,LV-073
Latvia,LVA,LV,Eastern Europe,Rēzeknes novads,Rēzeknes novads,LV-077
Latvia,LVA,LV,Eastern Europe,Ropažu novads,Ropažu novads,LV-080
Latvia,LVA,LV,Eastern Europe,Salaspils novads,Salaspils novads,LV-087
Latvia,LVA,LV,Eastern Europe,Saldus novads,Saldus novads,LV-088
Latvia,LVA,LV,Eastern Europe,Saulkrastu novads,Saulkrastu novads,LV-089
Latvia,LVA,LV,Eastern Europe,Siguldas novads,Siguldas novads,LV-091
Latvia,LVA,LV,Eastern Europe,Smiltenes novads,Smiltenes novads,LV-094
Latvia,LVA,LV,Eastern Europe,Talsu novads,Talsu novads,LV-097
Latvia,LVA,LV,Eastern Europe,Tukuma novads,Tukuma novads,LV-099
Latvia,LVA,LV,Eastern Europe,Valkas novads,Valkas novads,LV-101
Latvia,LVA,LV,Eastern Europe,Varakļānu novads,Varakļānu novads,LV-102
Latvia,LVA,LV,Eastern Europe,Ventspils novads,Ventspils novads,LV-106
Latvia,LVA,LV,Eastern Europe,Augšdaugavas novads,Augšdaugavas novads,LV-111
Latvia,LVA,LV,Eastern Europe,Dienvidkurzemes Novads,Dienvidkurzemes Novads,LV-112
Latvia,LVA,LV,Eastern Europe,Valmieras Novads,Valmieras Novads,LV-113
Latvia,LVA,LV,Eastern Europe,Daugavpils,Daugavpils,LV-DGV
Latvia,LVA,LV,Eastern Europe,Jelgava,Jelgava,LV-JEL
Latvia,LVA,LV,Eastern Europe,Jūrmala,Jūrmala,LV-JUR
Latvia,LVA,LV,Eastern Europe,Liepāja,Liepāja,LV-LPX
Latvia,LVA,LV,Eastern Europe,Rēzekne,Rēzekne,LV-REZ
Latvia,LVA,LV,Eastern Europe,Rīga,Rīga,LV-RIX
Latvia,LVA,LV,Eastern Europe,Ventspils,Ventspils,LV-VEN
Libya,LBY,LY,Northern Africa,Benghazi,Banghāzī,LY-BA
Libya,LBY,LY,Northern Africa,Butnan,Al Buţnān,LY-BU
Libya,LBY,LY,Northern Africa,Derna,Darnah,LY-DR
Libya,LBY,LY,Northern Africa,Ghat,Ghāt,LY-GT
Libya,LBY,LY,Northern Africa,Green Mountain,Al Jabal al Akhḑar,LY-JA
Libya,LBY,LY,Northern Africa,Western Mountain,Al Jabal al Gharbī,LY-JG
Libya,LBY,LY,Northern Africa,Jafara,Al Jafārah,LY-JI
Libya,LBY,LY,Northern Africa,Jufra,Al Jufrah,LY-JU
Libya,LBY,LY,Northern Africa,Kufra,Al Kufrah,LY-KF
Libya,LBY,LY,Northern Africa,Murqub,Al Marqab,LY-MB
Libya,LBY,LY,Northern Africa,Misrata,Mişrātah,LY-MI
Libya,LBY,LY,Northern Africa,Meadows,Al Marj,LY-MJ
Libya,LBY,LY,Northern Africa,Murzuq,Murzuq,LY-MQ
Libya,LBY,LY,Northern Africa,Nalut,Nālūt,LY-NL
Libya,LBY,LY,Northern Africa,Nuqat al Khams,An Nuqāţ al Khams,LY-NQ
Libya,LBY,LY,Northern Africa,Sabha,Sabhā,LY-SB
Libya,LBY,LY,Northern Africa,Sirte,Surt,LY-SR
Libya,LBY,LY,Northern Africa,Tripoli,Ţarābulus,LY-TB
Libya,LBY,LY,Northern Africa,Oases,Al Wāḩāt,LY-WA
Libya,LBY,LY,Northern Africa,Wadi al Hayaa,Wādī al Ḩayāt,LY-WD
Libya,LBY,LY,Northern Africa,Wadi ash Shati,Wādī ash Shāţi’,LY-WS
Libya,LBY,LY,Northern Africa,Zawiya,Az Zāwiyah,LY-ZA
Morocco,MAR,MA,Northern Africa,Agadir-Ida-Ou-Tanane,Agadir-Ida-Ou-Tanane,MA-AGD
Morocco,MAR,MA,Northern Africa,Aousserd (EH),Aousserd (EH),MA-AOU
Morocco,MAR,MA,Northern Africa,Assa-Zag (EH-partial),Assa-Zag (EH-partial),MA-ASZ
Morocco,MAR,MA,Northern Africa,Azilal,Azilal,MA-AZI
Morocco,MAR,MA,Northern Africa,Béni Mellal,Béni Mellal,MA-BEM
Morocco,MAR,MA,Northern Africa,Berkane,Berkane,MA-BER
Morocco,MAR,MA,Northern Africa,Benslimane,Benslimane,MA-BES
Morocco,MAR,MA,Northern Africa,Boujdour (EH),Boujdour (EH),MA-BOD
Morocco,MAR,MA,Northern Africa,Boulemane,Boulemane,MA-BOM
Morocco,MAR,MA,Northern Africa,Berrechid,Berrechid,MA-BRR
Morocco,MAR,MA,Northern Africa,Casablanca(Local variant: Dar el Beïda),Casablanca(Local variant: Dar el Beïda),MA-CAS
Morocco,MAR,MA,Northern Africa,Chefchaouen,Chefchaouen,MA-CHE
Morocco,MAR,MA,Northern Africa,Chichaoua,Chichaoua,MA-CHI
Morocco,MAR,MA,Northern Africa,Chtouka-Ait Baha,Chtouka-Ait Baha,MA-CHT
Morocco,MAR,MA,Northern Africa,Driouch,Driouch,MA-DRI
Morocco,MAR,MA,Northern Africa,Errachidia,Errachidia,MA-ERR
Morocco,MAR,MA,Northern Africa,Essaouira,Essaouira,MA-ESI
Morocco,MAR,MA,Northern Africa,Es-Semara (EH-partial),Es-Semara (EH-partial),MA-ESM
Morocco,MAR,MA,Northern Africa,Fahs-Anjra,Fahs-Anjra,MA-FAH
Morocco,MAR,MA,Northern Africa,Fès,Fès,MA-FES
Morocco,MAR,MA,Northern Africa,Figuig,Figuig,MA-FIG
Morocco,MAR,MA,Northern Africa,Fquih Ben Salah,Fquih Ben Salah,MA-FQH
Morocco,MAR,MA,Northern Africa,Guelmim,Guelmim,MA-GUE
Morocco,MAR,MA,Northern Africa,Guercif,Guercif,MA-GUF
Morocco,MAR,MA,Northern Africa,El Hajeb,El Hajeb,MA-HAJ
Morocco,MAR,MA,Northern Africa,Al Haouz,Al Haouz,MA-HAO
Morocco,MAR,MA,Northern Africa,Al Hoceïma,Al Hoceïma,MA-HOC
Morocco,MAR,MA,Northern Africa,Ifrane,Ifrane,MA-IFR
Morocco,MAR,MA,Northern Africa,Inezgane-Ait Melloul,Inezgane-Ait Melloul,MA-INE
Morocco,MAR,MA,Northern Africa,El Jadida,El Jadida,MA-JDI
Morocco,MAR,MA,Northern Africa,Jerada,Jerada,MA-JRA
Morocco,MAR,MA,Northern Africa,Kénitra,Kénitra,MA-KEN
Morocco,MAR,MA,Northern Africa,El Kelâa des Sraghna,El Kelâa des Sraghna,MA-KES
Morocco,MAR,MA,Northern Africa,Khémisset,Khémisset,MA-KHE
Morocco,MAR,MA,Northern Africa,Khénifra,Khénifra,MA-KHN
Morocco,MAR,MA,Northern Africa,Khouribga,Khouribga,MA-KHO
Morocco,MAR,MA,Northern Africa,Laâyoune (EH),Laâyoune (EH),MA-LAA
Morocco,MAR,MA,Northern Africa,Larache,Larache,MA-LAR
Morocco,MAR,MA,Northern Africa,Marrakech,Marrakech,MA-MAR
Morocco,MAR,MA,Northern Africa,M’diq-Fnideq,M’diq-Fnideq,MA-MDF
Morocco,MAR,MA,Northern Africa,Médiouna,Médiouna,MA-MED
Morocco,MAR,MA,Northern Africa,Meknès,Meknès,MA-MEK
Morocco,MAR,MA,Northern Africa,Midelt,Midelt,MA-MID
Morocco,MAR,MA,Northern Africa,Mohammadia,Mohammadia,MA-MOH
Morocco,MAR,MA,Northern Africa,Moulay Yacoub,Moulay Yacoub,MA-MOU
Morocco,MAR,MA,Northern Africa,Nador,Nador,MA-NAD
Morocco,MAR,MA,Northern Africa,Nouaceur,Nouaceur,MA-NOU
Morocco,MAR,MA,Northern Africa,Ouarzazate,Ouarzazate,MA-OUA
Morocco,MAR,MA,Northern Africa,Oued Ed-Dahab (EH),Oued Ed-Dahab (EH),MA-OUD
Morocco,MAR,MA,Northern Africa,Oujda-Angad,Oujda-Angad,MA-OUJ
Morocco,MAR,MA,Northern Africa,Ouezzane,Ouezzane,MA-OUZ
Morocco,MAR,MA,Northern Africa,Rabat,Rabat,MA-RAB
Morocco,MAR,MA,Northern Africa,Rehamna,Rehamna,MA-REH
Morocco,MAR,MA,Northern Africa,Safi,Safi,MA-SAF
Morocco,MAR,MA,Northern Africa,Salé,Salé,MA-SAL
Morocco,MAR,MA,Northern Africa,Sefrou,Sefrou,MA-SEF
Morocco,MAR,MA,Northern Africa,Settat,Settat,MA-SET
Morocco,MAR,MA,Northern Africa,Sidi Bennour,Sidi Bennour,MA-SIB
Morocco,MAR,MA,Northern Africa,Sidi Ifni,Sidi Ifni,MA-SIF
Morocco,MAR,MA,Northern Africa,Sidi Kacem,Sidi Kacem,MA-SIK
Morocco,MAR,MA,Northern Africa,Sidi Slimane,Sidi Slimane,MA-SIL
Morocco,MAR,MA,Northern Africa,Skhirate-Témara,Skhirate-Témara,MA-SKH
Morocco,MAR,MA,Northern Africa,Tarfaya (EH-partial),Tarfaya (EH-partial),MA-TAF
Morocco,MAR,MA,Northern Africa,Taourirt,Taourirt,MA-TAI
Morocco,MAR,MA,Northern Africa,Taounate,Taounate,MA-TAO
Morocco,MAR,MA,Northern Africa,Taroudannt,Taroudannt,MA-TAR
Morocco,MAR,MA,Northern Africa,Tata,Tata,MA-TAT
Morocco,MAR,MA,Northern Africa,Taza,Taza,MA-TAZ
Morocco,MAR,MA,Northern Africa,Tétouan,Tétouan,MA-TET
Morocco,MAR,MA,Northern Africa,Tinghir,Tinghir,MA-TIN
Morocco,MAR,MA,Northern Africa,Tiznit,Tiznit,MA-TIZ
Morocco,MAR,MA,Northern Africa,Tanger-Assilah,Tanger-Assilah,MA-TNG
Morocco,MAR,MA,Northern Africa,Tan-Tan (EH-partial),Tan-Tan (EH-partial),MA-TNT
Morocco,MAR,MA,Northern Africa,Youssoufia,Youssoufia,MA-YUS
Morocco,MAR,MA,Northern Africa,Zagora,Zagora,MA-ZAG
Monaco,MCO,MC,Western Europe,La Colle,La Colle,MC-CL
Monaco,MCO,MC,Western Europe,La Condamine,La Condamine,MC-CO
Monaco,MCO,MC,Western Europe,Fontvieille,Fontvieille,MC-FO
Monaco,MCO,MC,Western Europe,La Gare,La Gare,MC-GA
Monaco,MCO,MC,Western Europe,Jardin Exotique,Jardin Exotique,MC-JE
Monaco,MCO,MC,Western Europe,Larvotto,Larvotto,MC-LA
Monaco,MCO,MC,Western Europe,Malbousquet,Malbousquet,MC-MA
Monaco,MCO,MC,Western Europe,Monte-Carlo,Monte-Carlo,MC-MC
Monaco,MCO,MC,Western Europe,Moneghetti,Moneghetti,MC-MG
Monaco,MCO,MC,Western Europe,Monaco-Ville,Monaco-Ville,MC-MO
Monaco,MCO,MC,Western Europe,Moulins,Moulins,MC-MU
Monaco,MCO,MC,Western Europe,Port-Hercule,Port-Hercule,MC-PH
Monaco,MCO,MC,Western Europe,Sainte-Dévote,Sainte-Dévote,MC-SD
Monaco,MCO,MC,Western Europe,La Source,La Source,MC-SO
Monaco,MCO,MC,Western Europe,Spélugues,Spélugues,MC-SP
Monaco,MCO,MC,Western Europe,Saint-Roman,Saint-Roman,MC-SR
Monaco,MCO,MC,Western Europe,Vallon de la Rousse,Vallon de la Rousse,MC-VR
"Moldova, Republic of",MDA,MD,Eastern Europe,Anenii Noi,Anenii Noi,MD-ANE
"Moldova, Republic of",MDA,MD,Eastern Europe,Bălţi,Bălţi,MD-BAL
"Moldova, Republic of",MDA,MD,Eastern Europe,Basarabeasca,Basarabeasca,MD-BAS
"Moldova, Republic of",MDA,MD,Eastern Europe,Brinceni,Brinceni,MD-BRI
"Moldova, Republic of",MDA,MD,Eastern Europe,Cahul,Cahul,MD-CAH
"Moldova, Republic of",MDA,MD,Eastern Europe,Căinari,Căinari,MD-CAI
"Moldova, Republic of",MDA,MD,Eastern Europe,Călăraşi,Călăraşi,MD-CAL
"Moldova, Republic of",MDA,MD,Eastern Europe,Camenca,Camenca,MD-CAM
"Moldova, Republic of",MDA,MD,Eastern Europe,Cantemir,Cantemir,MD-CAN
"Moldova, Republic of",MDA,MD,Eastern Europe,Căuşeni,Căuşeni,MD-CAS
"Moldova, Republic of",MDA,MD,Eastern Europe,Chişinău,Chişinău,MD-CHI
"Moldova, Republic of",MDA,MD,Eastern Europe,Cahul,Cahul,MD-CHL
"Moldova, Republic of",MDA,MD,Eastern Europe,Ciadîr-Lunga,Ciadîr-Lunga,MD-CIA
"Moldova, Republic of",MDA,MD,Eastern Europe,Cimișlia,Cimișlia,MD-CIM
"Moldova, Republic of",MDA,MD,Eastern Europe,Comrat,Comrat,MD-COM
"Moldova, Republic of",MDA,MD,Eastern Europe,Criuleni,Criuleni,MD-CRI
"Moldova, Republic of",MDA,MD,Eastern Europe,Dubăsari,Dubăsari,MD-DBI
"Moldova, Republic of",MDA,MD,Eastern Europe,Dondușeni,Dondușeni,MD-DON
"Moldova, Republic of",MDA,MD,Eastern Europe,Drochia,Drochia,MD-DRO
"Moldova, Republic of",MDA,MD,Eastern Europe,Dubăsari,Dubăsari,MD-DUB
"Moldova, Republic of",MDA,MD,Eastern Europe,Edineț,Edineț,MD-EDI
"Moldova, Republic of",MDA,MD,Eastern Europe,Făleşti,Făleşti,MD-FAL
"Moldova, Republic of",MDA,MD,Eastern Europe,Florești,Florești,MD-FLO
"Moldova, Republic of",MDA,MD,Eastern Europe,Glodeni,Glodeni,MD-GLO
"Moldova, Republic of",MDA,MD,Eastern Europe,Grigoriopol,Grigoriopol,MD-GRI
"Moldova, Republic of",MDA,MD,Eastern Europe,Hîncești,Hîncești,MD-HIN
"Moldova, Republic of",MDA,MD,Eastern Europe,Ialoveni,Ialoveni,MD-IAL
"Moldova, Republic of",MDA,MD,Eastern Europe,Leova,Leova,MD-LEO
"Moldova, Republic of",MDA,MD,Eastern Europe,Nisporeni,Nisporeni,MD-NIS
"Moldova, Republic of",MDA,MD,Eastern Europe,Ocnița,Ocnița,MD-OCN
"Moldova, Republic of",MDA,MD,Eastern Europe,Orhei,Orhei,MD-OHI
"Moldova, Republic of",MDA,MD,Eastern Europe,Orhei,Orhei,MD-ORH
"Moldova, Republic of",MDA,MD,Eastern Europe,Rezina,Rezina,MD-REZ
"Moldova, Republic of",MDA,MD,Eastern Europe,Rîbnița,Rîbnița,MD-RIB
"Moldova, Republic of",MDA,MD,Eastern Europe,Rîșcani,Rîșcani,MD-RIS
"Moldova, Republic of",MDA,MD,Eastern Europe,Rîbnița,Rîbnița,MD-RIT
"Moldova, Republic of",MDA,MD,Eastern Europe,Sîngerei,Sîngerei,MD-SIN
"Moldova, Republic of",MDA,MD,Eastern Europe,Slobozia,Slobozia,MD-SLO
"Moldova, Republic of",MDA,MD,Eastern Europe,Soroca,Soroca,MD-SOA
"Moldova, Republic of",MDA,MD,Eastern Europe,Soroca,Soroca,MD-SOC
"Moldova, Republic of",MDA,MD,Eastern Europe,Şoldăneşti,Şoldăneşti,MD-SOL
"Moldova, Republic of",MDA,MD,Eastern Europe,Ştefan Vodă,Ştefan Vodă,MD-STE
"Moldova, Republic of",MDA,MD,Eastern Europe,Strășeni,Strășeni,MD-STR
"Moldova, Republic of",MDA,MD,Eastern Europe,Taraclia,Taraclia,MD-TAR
"Moldova, Republic of",MDA,MD,Eastern Europe,Telenești,Telenești,MD-TEL
"Moldova, Republic of",MDA,MD,Eastern Europe,Tighina,Tighina,MD-TIG
"Moldova, Republic of",MDA,MD,Eastern Europe,Tiraspol,Tiraspol,MD-TIR
"Moldova, Republic of",MDA,MD,Eastern Europe,Ungheni,Ungheni,MD-UGI
"Moldova, Republic of",MDA,MD,Eastern Europe,Ungheni,Ungheni,MD-UNG
"Moldova, Republic of",MDA,MD,Eastern Europe,Vulcănești,Vulcănești,MD-VUL
Montenegro,MNE,ME,Eastern Europe,Andrijevica,Andrijevica,ME-01
Montenegro,MNE,ME,Eastern Europe,Bar,Bar,ME-02
Montenegro,MNE,ME,Eastern Europe,Berane,Berane,ME-03
Montenegro,MNE,ME,Eastern Europe,Bijelo Polje,Bijelo Polje,ME-04
Montenegro,MNE,ME,Eastern Europe,Budva,Budva,ME-05
Montenegro,MNE,ME,Eastern Europe,Cetinje,Cetinje,ME-06
Montenegro,MNE,ME,Eastern Europe,Danilovgrad,Danilovgrad,ME-07
Montenegro,MNE,ME,Eastern Europe,Herceg-Novi,Herceg-Novi,ME-08
Montenegro,MNE,ME,Eastern Europe,Kolašin,Kolašin,ME-09
Montenegro,MNE,ME,Eastern Europe,Kotor,Kotor,ME-10
Montenegro,MNE,ME,Eastern Europe,Mojkovac,Mojkovac,ME-11
Montenegro,MNE,ME,Eastern Europe,Nikšić,Nikšić,ME-12
Montenegro,MNE,ME,Eastern Europe,Plav,Plav,ME-13
Montenegro,MNE,ME,Eastern Europe,Pljevlja,Pljevlja,ME-14
Montenegro,MNE,ME,Eastern Europe,Plužine,Plužine,ME-15
Montenegro,MNE,ME,Eastern Europe,Podgorica,Podgorica,ME-16
Montenegro,MNE,ME,Eastern Europe,Rožaje,Rožaje,ME-17
Montenegro,MNE,ME,Eastern Europe,Šavnik,Šavnik,ME-18
Montenegro,MNE,ME,Eastern Europe,Tivat,Tivat,ME-19
Montenegro,MNE,ME,Eastern Europe,Ulcinj,Ulcinj,ME-20
Montenegro,MNE,ME,Eastern Europe,Žabljak,Žabljak,ME-21
Montenegro,MNE,ME,Eastern Europe,Gusinje,Gusinje,ME-22
Montenegro,MNE,ME,Eastern Europe,Petnjica,Petnjica,ME-23
Montenegro,MNE,ME,Eastern Europe,Tuzi,Tuzi,ME-24
Montenegro,MNE,ME,Eastern Europe,Zeta,Zeta,ME-25
Madagascar,MDG,MG,Indian Ocean,Toamasina,Toamasina,MG-A
Madagascar,MDG,MG,Indian Ocean,Antsiranana,Antsiranana,MG-D
Madagascar,MDG,MG,Indian Ocean,Fianarantsoa,Fianarantsoa,MG-F
Madagascar,MDG,MG,Indian Ocean,Mahajanga,Mahajanga,MG-M
Madagascar,MDG,MG,Indian Ocean,Antananarivo,Antananarivo,MG-T
Madagascar,MDG,MG,Indian Ocean,Toliara,Toliara,MG-U
Marshall Islands,MHL,MH,Oceania,Ailuk,Ailuk,MH-ALK
Marshall Islands,MHL,MH,Oceania,Ailinglaplap,Ailinglaplap,MH-ALL
Marshall Islands,MHL,MH,Oceania,Arno,Arno,MH-ARN
Marshall Islands,MHL,MH,Oceania,Aur,Aur,MH-AUR
Marshall Islands,MHL,MH,Oceania,Ebon,Ebon,MH-EBO
Marshall Islands,MHL,MH,Oceania,Enewetak & Ujelang,Enewetak & Ujelang,MH-ENI
Marshall Islands,MHL,MH,Oceania,Jabat,Jabat,MH-JAB
Marshall Islands,MHL,MH,Oceania,Jaluit,Jaluit,MH-JAL
Marshall Islands,MHL,MH,Oceania,Bikini & Kili,Bikini & Kili,MH-KIL
Marshall Islands,MHL,MH,Oceania,Kwajalein,Kwajalein,MH-KWA
Marshall Islands,MHL,MH,Oceania,Lae,Lae,MH-LAE
Marshall Islands,MHL,MH,Oceania,Lib,Lib,MH-LIB
Marshall Islands,MHL,MH,Oceania,Likiep,Likiep,MH-LIK
Marshall Islands,MHL,MH,Oceania,Majuro,Majuro,MH-MAJ
Marshall Islands,MHL,MH,Oceania,Maloelap,Maloelap,MH-MAL
Marshall Islands,MHL,MH,Oceania,Mejit,Mejit,MH-MEJ
Marshall Islands,MHL,MH,Oceania,Mili,Mili,MH-MIL
Marshall Islands,MHL,MH,Oceania,Namdrik,Namdrik,MH-NMK
Marshall Islands,MHL,MH,Oceania,Namu,Namu,MH-NMU
Marshall Islands,MHL,MH,Oceania,Rongelap,Rongelap,MH-RON
Marshall Islands,MHL,MH,Oceania,Ujae,Ujae,MH-UJA
Marshall Islands,MHL,MH,Oceania,Utrik,Utrik,MH-UTI
Marshall Islands,MHL,MH,Oceania,Wotho,Wotho,MH-WTH
Marshall Islands,MHL,MH,Oceania,Wotje,Wotje,MH-WTJ
North Macedonia,MKD,MK,Eastern Europe,Veles,Veles,MK-101
North Macedonia,MKD,MK,Eastern Europe,Gradsko,Gradsko,MK-102
North Macedonia,MKD,MK,Eastern Europe,Demir Kapija,Demir Kapija,MK-103
North Macedonia,MKD,MK,Eastern Europe,Kavadarci,Kavadarci,MK-104
North Macedonia,MKD,MK,Eastern Europe,Lozovo,Lozovo,MK-105
North Macedonia,MKD,MK,Eastern Europe,Negotino,Negotino,MK-106
North Macedonia,MKD,MK,Eastern Europe,Rosoman,Rosoman,MK-107
North Macedonia,MKD,MK,Eastern Europe,Sveti Nikole,Sveti Nikole,MK-108
North Macedonia,MKD,MK,Eastern Europe,Čaška,Čaška,MK-109
North Macedonia,MKD,MK,Eastern Europe,Berovo,Berovo,MK-201
North Macedonia,MKD,MK,Eastern Europe,Vinica,Vinica,MK-202
North Macedonia,MKD,MK,Eastern Europe,Delčevo,Delčevo,MK-203
North Macedonia,MKD,MK,Eastern Europe,Zrnovci,Zrnovci,MK-204
North Macedonia,MKD,MK,Eastern Europe,Karbinci,Karbinci,MK-205
North Macedonia,MKD,MK,Eastern Europe,Kočani,Kočani,MK-206
North Macedonia,MKD,MK,Eastern Europe,Makedonska Kamenica,Makedonska Kamenica,MK-207
North Macedonia,MKD,MK,Eastern Europe,Pehčevo,Pehčevo,MK-208
North Macedonia,MKD,MK,Eastern Europe,Probištip,Probištip,MK-209
North Macedonia,MKD,MK,Eastern Europe,Češinovo-Obleševo,Češinovo-Obleševo,MK-210
North Macedonia,MKD,MK,Eastern Europe,Štip,Štip,MK-211
North Macedonia,MKD,MK,Eastern Europe,Vevčani,Vevčani,MK-301
North Macedonia,MKD,MK,Eastern Europe,Debar,Debar,MK-303
North Macedonia,MKD,MK,Eastern Europe,Debrca,Debrca,MK-304
North Macedonia,MKD,MK,Eastern Europe,Kičevo,Kičevo,MK-307
North Macedonia,MKD,MK,Eastern Europe,Makedonski Brod,Makedonski Brod,MK-308
North Macedonia,MKD,MK,Eastern Europe,Ohrid,Ohrid,MK-310
North Macedonia,MKD,MK,Eastern Europe,Plasnica,Plasnica,MK-311
North Macedonia,MKD,MK,Eastern Europe,Struga,Struga,MK-312
North Macedonia,MKD,MK,Eastern Europe,Centar Župa,Centar Župa,MK-313
North Macedonia,MKD,MK,Eastern Europe,Bogdanci,Bogdanci,MK-401
North Macedonia,MKD,MK,Eastern Europe,Bosilovo,Bosilovo,MK-402
North Macedonia,MKD,MK,Eastern Europe,Valandovo,Valandovo,MK-403
North Macedonia,MKD,MK,Eastern Europe,Vasilevo,Vasilevo,MK-404
North Macedonia,MKD,MK,Eastern Europe,Gevgelija,Gevgelija,MK-405
North Macedonia,MKD,MK,Eastern Europe,Dojran,Dojran,MK-406
North Macedonia,MKD,MK,Eastern Europe,Konče,Konče,MK-407
North Macedonia,MKD,MK,Eastern Europe,Novo Selo,Novo Selo,MK-408
North Macedonia,MKD,MK,Eastern Europe,Radoviš,Radoviš,MK-409
North Macedonia,MKD,MK,Eastern Europe,Strumica,Strumica,MK-410
North Macedonia,MKD,MK,Eastern Europe,Bitola,Bitola,MK-501
North Macedonia,MKD,MK,Eastern Europe,Demir Hisar,Demir Hisar,MK-502
North Macedonia,MKD,MK,Eastern Europe,Dolneni,Dolneni,MK-503
North Macedonia,MKD,MK,Eastern Europe,Krivogaštani,Krivogaštani,MK-504
North Macedonia,MKD,MK,Eastern Europe,Kruševo,Kruševo,MK-505
North Macedonia,MKD,MK,Eastern Europe,Mogila,Mogila,MK-506
North Macedonia,MKD,MK,Eastern Europe,Novaci,Novaci,MK-507
North Macedonia,MKD,MK,Eastern Europe,Prilep,Prilep,MK-508
North Macedonia,MKD,MK,Eastern Europe,Resen,Resen,MK-509
North Macedonia,MKD,MK,Eastern Europe,Bogovinje,Bogovinje,MK-601
North Macedonia,MKD,MK,Eastern Europe,Brvenica,Brvenica,MK-602
North Macedonia,MKD,MK,Eastern Europe,Vrapčište,Vrapčište,MK-603
North Macedonia,MKD,MK,Eastern Europe,Gostivar,Gostivar,MK-604
North Macedonia,MKD,MK,Eastern Europe,Želino,Želino,MK-605
North Macedonia,MKD,MK,Eastern Europe,Jegunovce,Jegunovce,MK-606
North Macedonia,MKD,MK,Eastern Europe,Mavrovo i Rostuše,Mavrovo i Rostuše,MK-607
North Macedonia,MKD,MK,Eastern Europe,Tearce,Tearce,MK-608
North Macedonia,MKD,MK,Eastern Europe,Tetovo,Tetovo,MK-609
North Macedonia,MKD,MK,Eastern Europe,Kratovo,Kratovo,MK-701
North Macedonia,MKD,MK,Eastern Europe,Kriva Palanka,Kriva Palanka,MK-702
North Macedonia,MKD,MK,Eastern Europe,Kumanovo,Kumanovo,MK-703
North Macedonia,MKD,MK,Eastern Europe,Lipkovo,Lipkovo,MK-704
North Macedonia,MKD,MK,Eastern Europe,Rankovce,Rankovce,MK-705
North Macedonia,MKD,MK,Eastern Europe,Staro Nagoričane,Staro Nagoričane,MK-706
North Macedonia,MKD,MK,Eastern Europe,Aerodrom,Aerodrom,MK-801
North Macedonia,MKD,MK,Eastern Europe,Aračinovo,Aračinovo,MK-802
North Macedonia,MKD,MK,Eastern Europe,Butel,Butel,MK-803
North Macedonia,MKD,MK,Eastern Europe,Gazi Baba,Gazi Baba,MK-804
North Macedonia,MKD,MK,Eastern Europe,Gjorče Petrov,Gjorče Petrov,MK-805
North Macedonia,MKD,MK,Eastern Europe,Zelenikovo,Zelenikovo,MK-806
North Macedonia,MKD,MK,Eastern Europe,Ilinden,Ilinden,MK-807
North Macedonia,MKD,MK,Eastern Europe,Karpoš,Karpoš,MK-808
North Macedonia,MKD,MK,Eastern Europe,Kisela Voda,Kisela Voda,MK-809
North Macedonia,MKD,MK,Eastern Europe,Petrovec,Petrovec,MK-810
North Macedonia,MKD,MK,Eastern Europe,Saraj,Saraj,MK-811
North Macedonia,MKD,MK,Eastern Europe,Sopište,Sopište,MK-812
North Macedonia,MKD,MK,Eastern Europe,Studeničani,Studeničani,MK-813
North Macedonia,MKD,MK,Eastern Europe,Centar,Centar,MK-814
North Macedonia,MKD,MK,Eastern Europe,Čair,Čair,MK-815
North Macedonia,MKD,MK,Eastern Europe,Čučer-Sandevo,Čučer-Sandevo,MK-816
North Macedonia,MKD,MK,Eastern Europe,Šuto Orizari,Šuto Orizari,MK-817
Mali,MLI,ML,Western Africa,Kayes,Kayes,ML-1
Mali,MLI,ML,Western Africa,"Taoudénit(local variants are Taoudenni, Taoudéni)","Taoudénit(local variants are Taoudenni, Taoudéni)",ML-10
Mali,MLI,ML,Western Africa,Koulikoro,Koulikoro,ML-2
Mali,MLI,ML,Western Africa,Sikasso,Sikasso,ML-3
Mali,MLI,ML,Western Africa,Ségou,Ségou,ML-4
Mali,MLI,ML,Western Africa,Mopti,Mopti,ML-5
Mali,MLI,ML,Western Africa,Tombouctou,Tombouctou,ML-6
Mali,MLI,ML,Western Africa,Gao,Gao,ML-7
Mali,MLI,ML,Western Africa,Kidal,Kidal,ML-8
Mali,MLI,ML,Western Africa,Ménaka,Ménaka,ML-9
Mali,MLI,ML,Western Africa,Bamako,Bamako,ML-BKO
Myanmar,MMR,MM,South-Eastern Asia,Sagaing,Sagaing,MM-01
Myanmar,MMR,MM,South-Eastern Asia,Bago,Bago,MM-02
Myanmar,MMR,MM,South-Eastern Asia,Magway,Magway,MM-03
Myanmar,MMR,MM,South-Eastern Asia,Mandalay,Mandalay,MM-04
Myanmar,MMR,MM,South-Eastern Asia,Tanintharyi,Tanintharyi,MM-05
Myanmar,MMR,MM,South-Eastern Asia,Yangon,Yangon,MM-06
Myanmar,MMR,MM,South-Eastern Asia,Ayeyarwady,Ayeyarwady,MM-07
Myanmar,MMR,MM,South-Eastern Asia,Kachin,Kachin,MM-11
Myanmar,MMR,MM,South-Eastern Asia,Kayah,Kayah,MM-12
Myanmar,MMR,MM,South-Eastern Asia,Kayin,Kayin,MM-13
Myanmar,MMR,MM,South-Eastern Asia,Chin,Chin,MM-14
Myanmar,MMR,MM,South-Eastern Asia,Mon,Mon,MM-15
Myanmar,MMR,MM,South-Eastern Asia,Rakhine,Rakhine,MM-16
Myanmar,MMR,MM,South-Eastern Asia,Shan,Shan,MM-17
Myanmar,MMR,MM,South-Eastern Asia,Nay Pyi Taw,Nay Pyi Taw,MM-18
Mongolia,MNG,MN,Eastern Asia,Orhon,Orhon,MN-035
Mongolia,MNG,MN,Eastern Asia,Darhan uul,Darhan uul,MN-037
Mongolia,MNG,MN,Eastern Asia,Hentiy,Hentiy,MN-039
Mongolia,MNG,MN,Eastern Asia,Hövsgöl,Hövsgöl,MN-041
Mongolia,MNG,MN,Eastern Asia,Hovd,Hovd,MN-043
Mongolia,MNG,MN,Eastern Asia,Uvs,Uvs,MN-046
Mongolia,MNG,MN,Eastern Asia,Töv,Töv,MN-047
Mongolia,MNG,MN,Eastern Asia,Selenge,Selenge,MN-049
Mongolia,MNG,MN,Eastern Asia,Sühbaatar,Sühbaatar,MN-051
Mongolia,MNG,MN,Eastern Asia,Ömnögovĭ,Ömnögovĭ,MN-053
Mongolia,MNG,MN,Eastern Asia,Övörhangay,Övörhangay,MN-055
Mongolia,MNG,MN,Eastern Asia,Dzavhan,Dzavhan,MN-057
Mongolia,MNG,MN,Eastern Asia,Dundgovĭ,Dundgovĭ,MN-059
Mongolia,MNG,MN,Eastern Asia,Dornod,Dornod,MN-061
Mongolia,MNG,MN,Eastern Asia,Dornogovĭ,Dornogovĭ,MN-063
Mongolia,MNG,MN,Eastern Asia,Govĭ-Sümber,Govĭ-Sümber,MN-064
Mongolia,MNG,MN,Eastern Asia,Govĭ-Altay,Govĭ-Altay,MN-065
Mongolia,MNG,MN,Eastern Asia,Bulgan,Bulgan,MN-067
Mongolia,MNG,MN,Eastern Asia,Bayanhongor,Bayanhongor,MN-069
Mongolia,MNG,MN,Eastern Asia,Bayan-Ölgiy,Bayan-Ölgiy,MN-071
Mongolia,MNG,MN,Eastern Asia,Arhangay,Arhangay,MN-073
Mongolia,MNG,MN,Eastern Asia,Ulaanbaatar,Ulaanbaatar,MN-1
Mauritania,MRT,MR,Western Africa,Eastern Basin,Hodh ech Chargui,MR-01
Mauritania,MRT,MR,Western Africa,Western Basin,Hodh el Gharbi,MR-02
Mauritania,MRT,MR,Western Africa,Assaba,Assaba,MR-03
Mauritania,MRT,MR,Western Africa,Gorgol,Gorgol,MR-04
Mauritania,MRT,MR,Western Africa,Brakna,Brakna,MR-05
Mauritania,MRT,MR,Western Africa,Trarza,Trarza,MR-06
Mauritania,MRT,MR,Western Africa,Adrar,Adrar,MR-07
Mauritania,MRT,MR,Western Africa,Nouadhibou Peninsula,Dakhlet Nouâdhibou,MR-08
Mauritania,MRT,MR,Western Africa,Tagant,Tagant,MR-09
Mauritania,MRT,MR,Western Africa,Guidimaka,Guidimaka,MR-10
Mauritania,MRT,MR,Western Africa,Tiris Zemmour,Tiris Zemmour,MR-11
Mauritania,MRT,MR,Western Africa,Inchiri,Inchiri,MR-12
Mauritania,MRT,MR,Western Africa,West Nouakchott,Nuwākshūţ al Gharbīyah,MR-13
Mauritania,MRT,MR,Western Africa,North Nouakchott,Nuwākshūţ ash Shamālīyah,MR-14
Mauritania,MRT,MR,Western Africa,South Nouakchott,Nuwākshūţ al Janūbīyah,MR-15
Malta,MLT,MT,Mediterranean,Attard,Attard,MT-01
Malta,MLT,MT,Mediterranean,Balzan,Balzan,MT-02
Malta,MLT,MT,Mediterranean,Birgu,Birgu,MT-03
Malta,MLT,MT,Mediterranean,Birkirkara,Birkirkara,MT-04
Malta,MLT,MT,Mediterranean,Birżebbuġa,Birżebbuġa,MT-05
Malta,MLT,MT,Mediterranean,Bormla,Bormla,MT-06
Malta,MLT,MT,Mediterranean,Dingli,Dingli,MT-07
Malta,MLT,MT,Mediterranean,Fgura,Fgura,MT-08
Malta,MLT,MT,Mediterranean,Floriana,Floriana,MT-09
Malta,MLT,MT,Mediterranean,Fontana,Fontana,MT-10
Malta,MLT,MT,Mediterranean,Gudja,Gudja,MT-11
Malta,MLT,MT,Mediterranean,Gżira,Gżira,MT-12
Malta,MLT,MT,Mediterranean,Għajnsielem,Għajnsielem,MT-13
Malta,MLT,MT,Mediterranean,Għarb,Għarb,MT-14
Malta,MLT,MT,Mediterranean,Għargħur,Għargħur,MT-15
Malta,MLT,MT,Mediterranean,Għasri,Għasri,MT-16
Malta,MLT,MT,Mediterranean,Għaxaq,Għaxaq,MT-17
Malta,MLT,MT,Mediterranean,Ħamrun,Ħamrun,MT-18
Malta,MLT,MT,Mediterranean,Iklin,Iklin,MT-19
Malta,MLT,MT,Mediterranean,Isla,Isla,MT-20
Malta,MLT,MT,Mediterranean,Kalkara,Kalkara,MT-21
Malta,MLT,MT,Mediterranean,Kerċem,Kerċem,MT-22
Malta,MLT,MT,Mediterranean,Kirkop,Kirkop,MT-23
Malta,MLT,MT,Mediterranean,Lija,Lija,MT-24
Malta,MLT,MT,Mediterranean,Luqa,Luqa,MT-25
Malta,MLT,MT,Mediterranean,Marsa,Marsa,MT-26
Malta,MLT,MT,Mediterranean,Marsaskala,Marsaskala,MT-27
Malta,MLT,MT,Mediterranean,Marsaxlokk,Marsaxlokk,MT-28
Malta,MLT,MT,Mediterranean,Mdina,Mdina,MT-29
Malta,MLT,MT,Mediterranean,Mellieħa,Mellieħa,MT-30
Malta,MLT,MT,Mediterranean,Mġarr,Mġarr,MT-31
Malta,MLT,MT,Mediterranean,Mosta,Mosta,MT-32
Malta,MLT,MT,Mediterranean,Mqabba,Mqabba,MT-33
Malta,MLT,MT,Mediterranean,Msida,Msida,MT-34
Malta,MLT,MT,Mediterranean,Mtarfa,Mtarfa,MT-35
Malta,MLT,MT,Mediterranean,Munxar,Munxar,MT-36
Malta,MLT,MT,Mediterranean,Nadur,Nadur,MT-37
Malta,MLT,MT,Mediterranean,Naxxar,Naxxar,MT-38
Malta,MLT,MT,Mediterranean,Paola,Paola,MT-39
Malta,MLT,MT,Mediterranean,Pembroke,Pembroke,MT-40
Malta,MLT,MT,Mediterranean,Pietà,Pietà,MT-41
Malta,MLT,MT,Mediterranean,Qala,Qala,MT-42
Malta,MLT,MT,Mediterranean,Qormi,Qormi,MT-43
Malta,MLT,MT,Mediterranean,Qrendi,Qrendi,MT-44
Malta,MLT,MT,Mediterranean,Rabat Gozo,Rabat Għawdex,MT-45
Malta,MLT,MT,Mediterranean,Rabat Malta,Rabat Malta,MT-46
Malta,MLT,MT,Mediterranean,Safi,Safi,MT-47
Malta,MLT,MT,Mediterranean,Saint Julian's,San Ġiljan,MT-48
Malta,MLT,MT,Mediterranean,Saint John,San Ġwann,MT-49
Malta,MLT,MT,Mediterranean,Saint Lawrence,San Lawrenz,MT-50
Malta,MLT,MT,Mediterranean,Saint Paul's Bay,San Pawl il-Baħar,MT-51
Malta,MLT,MT,Mediterranean,Sannat,Sannat,MT-52
Malta,MLT,MT,Mediterranean,Saint Lucia's,Santa Luċija,MT-53
Malta,MLT,MT,Mediterranean,Santa Venera,Santa Venera,MT-54
Malta,MLT,MT,Mediterranean,Siġġiewi,Siġġiewi,MT-55
Malta,MLT,MT,Mediterranean,Sliema,Sliema,MT-56
Malta,MLT,MT,Mediterranean,Swieqi,Swieqi,MT-57
Malta,MLT,MT,Mediterranean,Ta' Xbiex,Ta' Xbiex,MT-58
Malta,MLT,MT,Mediterranean,Tarxien,Tarxien,MT-59
Malta,MLT,MT,Mediterranean,Valletta,Valletta,MT-60
Malta,MLT,MT,Mediterranean,Xagħra,Xagħra,MT-61
Malta,MLT,MT,Mediterranean,Xewkija,Xewkija,MT-62
Malta,MLT,MT,Mediterranean,Xgħajra,Xgħajra,MT-63
Malta,MLT,MT,Mediterranean,Żabbar,Żabbar,MT-64
Malta,MLT,MT,Mediterranean,Żebbuġ Gozo,Żebbuġ Għawdex,MT-65
Malta,MLT,MT,Mediterranean,Żebbuġ Malta,Żebbuġ Malta,MT-66
Malta,MLT,MT,Mediterranean,Żejtun,Żejtun,MT-67
Malta,MLT,MT,Mediterranean,Żurrieq,Żurrieq,MT-68
Mauritius,MUS,MU,Southern Africa,Agalega Islands,Agalega Islands,MU-AG
Mauritius,MUS,MU,Southern Africa,Black River,Black River,MU-BL
Mauritius,MUS,MU,Southern Africa,Cargados Carajos Shoals(local variant: Saint Brandon Islands),Cargados Carajos Shoals(local variant: Saint Brandon Islands),MU-CC
Mauritius,MUS,MU,Southern Africa,Flacq,Flacq,MU-FL
Mauritius,MUS,MU,Southern Africa,Grand Port,Grand Port,MU-GP
Mauritius,MUS,MU,Southern Africa,Moka,Moka,MU-MO
Mauritius,MUS,MU,Southern Africa,Pamplemousses,Pamplemousses,MU-PA
Mauritius,MUS,MU,Southern Africa,Port Louis,Port Louis,MU-PL
Mauritius,MUS,MU,Southern Africa,Plaines Wilhems,Plaines Wilhems,MU-PW
Mauritius,MUS,MU,Southern Africa,Rodrigues Island,Rodrigues Island,MU-RO
Mauritius,MUS,MU,Southern Africa,Rivière du Rempart,Rivière du Rempart,MU-RR
Mauritius,MUS,MU,Southern Africa,Savanne,Savanne,MU-SA
Maldives,MDV,MV,Indian Ocean,South Ari Atoll,Ariatholhu Dhekunuburi,MV-00
Maldives,MDV,MV,Indian Ocean,Addu City,Addu,MV-01
Maldives,MDV,MV,Indian Ocean,North Ari Atoll,Ariatholhu Uthuruburi,MV-02
Maldives,MDV,MV,Indian Ocean,Faadhippolhu,Faadhippolhu,MV-03
Maldives,MDV,MV,Indian Ocean,Felidhu Atoll,Felidheatholhu,MV-04
Maldives,MDV,MV,Indian Ocean,Hahdhunmathi,Hahdhunmathi,MV-05
Maldives,MDV,MV,Indian Ocean,North Thiladhunmathi,Thiladhunmathee Uthuruburi,MV-07
Maldives,MDV,MV,Indian Ocean,Kolhumadulu,Kolhumadulu,MV-08
Maldives,MDV,MV,Indian Ocean,Mulaku Atoll,Mulakatholhu,MV-12
Maldives,MDV,MV,Indian Ocean,North Maalhosmadulu,Maalhosmadulu Uthuruburi,MV-13
Maldives,MDV,MV,Indian Ocean,North Nilandhe Atoll,Nilandheatholhu Uthuruburi,MV-14
Maldives,MDV,MV,Indian Ocean,South Nilandhe Atoll,Nilandheatholhu Dhekunuburi,MV-17
Maldives,MDV,MV,Indian Ocean,South Maalhosmadulu,Maalhosmadulu Dhekunuburi,MV-20
Maldives,MDV,MV,Indian Ocean,South Thiladhunmathi,Thiladhunmathee Dhekunuburi,MV-23
Maldives,MDV,MV,Indian Ocean,North Miladhunmadulu,Miladhunmadulu Uthuruburi,MV-24
Maldives,MDV,MV,Indian Ocean,South Miladhunmadulu,Miladhunmadulu Dhekunuburi,MV-25
Maldives,MDV,MV,Indian Ocean,Male Atoll,Maaleatholhu,MV-26
Maldives,MDV,MV,Indian Ocean,North Huvadhu Atoll,Huvadhuatholhu Uthuruburi,MV-27
Maldives,MDV,MV,Indian Ocean,South Huvadhu Atoll,Huvadhuatholhu Dhekunuburi,MV-28
Maldives,MDV,MV,Indian Ocean,Fuvammulah,Fuvammulah,MV-29
Maldives,MDV,MV,Indian Ocean,Male,Maale,MV-MLE
Malawi,MWI,MW,Southern Africa,Balaka,Balaka,MW-BA
Malawi,MWI,MW,Southern Africa,Blantyre,Blantyre,MW-BL
Malawi,MWI,MW,Southern Africa,Chikwawa,Chikwawa,MW-CK
Malawi,MWI,MW,Southern Africa,Chiradzulu,Chiradzulu,MW-CR
Malawi,MWI,MW,Southern Africa,Chitipa,Chitipa,MW-CT
Malawi,MWI,MW,Southern Africa,Dedza,Dedza,MW-DE
Malawi,MWI,MW,Southern Africa,Dowa,Dowa,MW-DO
Malawi,MWI,MW,Southern Africa,Karonga,Karonga,MW-KR
Malawi,MWI,MW,Southern Africa,Kasungu,Kasungu,MW-KS
Malawi,MWI,MW,Southern Africa,Lilongwe,Lilongwe,MW-LI
Malawi,MWI,MW,Southern Africa,Likoma,Likoma,MW-LK
Malawi,MWI,MW,Southern Africa,Mchinji,Mchinji,MW-MC
Malawi,MWI,MW,Southern Africa,Mangochi,Mangochi,MW-MG
Malawi,MWI,MW,Southern Africa,Machinga,Machinga,MW-MH
Malawi,MWI,MW,Southern Africa,Mulanje,Mulanje,MW-MU
Malawi,MWI,MW,Southern Africa,Mwanza,Mwanza,MW-MW
Malawi,MWI,MW,Southern Africa,Mzimba,Mzimba,MW-MZ
Malawi,MWI,MW,Southern Africa,Nkhata Bay,Nkhata Bay,MW-NB
Malawi,MWI,MW,Southern Africa,Neno,Neno,MW-NE
Malawi,MWI,MW,Southern Africa,Ntchisi,Ntchisi,MW-NI
Malawi,MWI,MW,Southern Africa,Nkhotakota,Nkhotakota,MW-NK
Malawi,MWI,MW,Southern Africa,Nsanje,Nsanje,MW-NS
Malawi,MWI,MW,Southern Africa,Ntcheu,Ntcheu,MW-NU
Malawi,MWI,MW,Southern Africa,Phalombe,Phalombe,MW-PH
Malawi,MWI,MW,Southern Africa,Rumphi,Rumphi,MW-RU
Malawi,MWI,MW,Southern Africa,Salima,Salima,MW-SA
Malawi,MWI,MW,Southern Africa,Thyolo,Thyolo,MW-TH
Malawi,MWI,MW,Southern Africa,Zomba,Zomba,MW-ZO
Mexico,MEX,MX,Central America,Aguascalientes,Aguascalientes,MX-AGU
Mexico,MEX,MX,Central America,Baja California,Baja California,MX-BCN
Mexico,MEX,MX,Central America,Baja California Sur,Baja California Sur,MX-BCS
Mexico,MEX,MX,Central America,Campeche,Campeche,MX-CAM
Mexico,MEX,MX,Central America,Chihuahua,Chihuahua,MX-CHH
Mexico,MEX,MX,Central America,Chiapas,Chiapas,MX-CHP
Mexico,MEX,MX,Central America,Ciudad de México,Ciudad de México,MX-CMX
Mexico,MEX,MX,Central America,Coahuila de Zaragoza,Coahuila de Zaragoza,MX-COA
Mexico,MEX,MX,Central America,Colima,Colima,MX-COL
Mexico,MEX,MX,Central America,Durango,Durango,MX-DUR
Mexico,MEX,MX,Central America,Guerrero,Guerrero,MX-GRO
Mexico,MEX,MX,Central America,Guanajuato,Guanajuato,MX-GUA
Mexico,MEX,MX,Central America,Hidalgo,Hidalgo,MX-HID
Mexico,MEX,MX,Central America,Jalisco,Jalisco,MX-JAL
Mexico,MEX,MX,Central America,México,México,MX-MEX
Mexico,MEX,MX,Central America,Michoacán de Ocampo,Michoacán de Ocampo,MX-MIC
Mexico,MEX,MX,Central America,Morelos,Morelos,MX-MOR
Mexico,MEX,MX,Central America,Nayarit,Nayarit,MX-NAY
Mexico,MEX,MX,Central America,Nuevo León,Nuevo León,MX-NLE
Mexico,MEX,MX,Central America,Oaxaca,Oaxaca,MX-OAX
Mexico,MEX,MX,Central America,Puebla,Puebla,MX-PUE
Mexico,MEX,MX,Central America,Querétaro,Querétaro,MX-QUE
Mexico,MEX,MX,Central America,Quintana Roo,Quintana Roo,MX-ROO
Mexico,MEX,MX,Central America,Sinaloa,Sinaloa,MX-SIN
Mexico,MEX,MX,Central America,San Luis Potosí,San Luis Potosí,MX-SLP
Mexico,MEX,MX,Central America,Sonora,Sonora,MX-SON
Mexico,MEX,MX,Central America,Tabasco,Tabasco,MX-TAB
Mexico,MEX,MX,Central America,Tamaulipas,Tamaulipas,MX-TAM
Mexico,MEX,MX,Central America,Tlaxcala,Tlaxcala,MX-TLA
Mexico,MEX,MX,Central America,Veracruz de Ignacio de la Llave,Veracruz de Ignacio de la Llave,MX-VER
Mexico,MEX,MX,Central America,Yucatán,Yucatán,MX-YUC
Mexico,MEX,MX,Central America,Zacatecas,Zacatecas,MX-ZAC
Malaysia,MYS,MY,South-Eastern Asia,Johor,Johor,MY-01
Malaysia,MYS,MY,South-Eastern Asia,Kedah,Kedah,MY-02
Malaysia,MYS,MY,South-Eastern Asia,Kelantan,Kelantan,MY-03
Malaysia,MYS,MY,South-Eastern Asia,Melaka,Melaka,MY-04
Malaysia,MYS,MY,South-Eastern Asia,Negeri Sembilan,Negeri Sembilan,MY-05
Malaysia,MYS,MY,South-Eastern Asia,Pahang,Pahang,MY-06
Malaysia,MYS,MY,South-Eastern Asia,Pulau Pinang,Pulau Pinang,MY-07
Malaysia,MYS,MY,South-Eastern Asia,Perak,Perak,MY-08
Malaysia,MYS,MY,South-Eastern Asia,Perlis,Perlis,MY-09
Malaysia,MYS,MY,South-Eastern Asia,Selangor,Selangor,MY-10
Malaysia,MYS,MY,South-Eastern Asia,Terengganu,Terengganu,MY-11
Malaysia,MYS,MY,South-Eastern Asia,Sabah,Sabah,MY-12
Malaysia,MYS,MY,South-Eastern Asia,Sarawak,Sarawak,MY-13
Malaysia,MYS,MY,South-Eastern Asia,Wilayah Persekutuan Kuala Lumpur,Wilayah Persekutuan Kuala Lumpur,MY-14
Malaysia,MYS,MY,South-Eastern Asia,Wilayah Persekutuan Labuan,Wilayah Persekutuan Labuan,MY-15
Malaysia,MYS,MY,South-Eastern Asia,Wilayah Persekutuan Putrajaya,Wilayah Persekutuan Putrajaya,MY-16
Mozambique,MOZ,MZ,Southern Africa,Niassa,Niassa,MZ-A
Mozambique,MOZ,MZ,Southern Africa,Manica,Manica,MZ-B
Mozambique,MOZ,MZ,Southern Africa,Gaza,Gaza,MZ-G
Mozambique,MOZ,MZ,Southern Africa,Inhambane,Inhambane,MZ-I
Mozambique,MOZ,MZ,Southern Africa,Maputo,Maputo,MZ-L
Mozambique,MOZ,MZ,Southern Africa,Maputo,Maputo,MZ-MPM
Mozambique,MOZ,MZ,Southern Africa,Nampula,Nampula,MZ-N
Mozambique,MOZ,MZ,Southern Africa,Cabo Delgado,Cabo Delgado,MZ-P
Mozambique,MOZ,MZ,Southern Africa,Zambézia,Zambézia,MZ-Q
Mozambique,MOZ,MZ,Southern Africa,Sofala,Sofala,MZ-S
Mozambique,MOZ,MZ,Southern Africa,Tete,Tete,MZ-T
Namibia,NAM,NA,Southern Africa,Zambezi,Zambezi,NA-CA
Namibia,NAM,NA,Southern Africa,Erongo,Erongo,NA-ER
Namibia,NAM,NA,Southern Africa,Hardap,Hardap,NA-HA
Namibia,NAM,NA,Southern Africa,//Karas,//Karas,NA-KA
Namibia,NAM,NA,Southern Africa,Kavango East,Kavango East,NA-KE
Namibia,NAM,NA,Southern Africa,Khomas,Khomas,NA-KH
Namibia,NAM,NA,Southern Africa,Kunene,Kunene,NA-KU
Namibia,NAM,NA,Southern Africa,Kavango West,Kavango West,NA-KW
Namibia,NAM,NA,Southern Africa,Otjozondjupa,Otjozondjupa,NA-OD
Namibia,NAM,NA,Southern Africa,Omaheke,Omaheke,NA-OH
Namibia,NAM,NA,Southern Africa,Oshana,Oshana,NA-ON
Namibia,NAM,NA,Southern Africa,Omusati,Omusati,NA-OS
Namibia,NAM,NA,Southern Africa,Oshikoto,Oshikoto,NA-OT
Namibia,NAM,NA,Southern Africa,Ohangwena,Ohangwena,NA-OW
Niger,NER,NE,Central Africa,Agadez,Agadez,NE-1
Niger,NER,NE,Central Africa,Diffa,Diffa,NE-2
Niger,NER,NE,Central Africa,Dosso,Dosso,NE-3
Niger,NER,NE,Central Africa,Maradi,Maradi,NE-4
Niger,NER,NE,Central Africa,Tahoua,Tahoua,NE-5
Niger,NER,NE,Central Africa,Tillabéri,Tillabéri,NE-6
Niger,NER,NE,Central Africa,Zinder,Zinder,NE-7
Niger,NER,NE,Central Africa,Niamey,Niamey,NE-8
Nigeria,NGA,NG,Central Africa,Abia,Abia,NG-AB
Nigeria,NGA,NG,Central Africa,Adamawa,Adamawa,NG-AD
Nigeria,NGA,NG,Central Africa,Akwa Ibom,Akwa Ibom,NG-AK
Nigeria,NGA,NG,Central Africa,Anambra,Anambra,NG-AN
Nigeria,NGA,NG,Central Africa,Bauchi,Bauchi,NG-BA
Nigeria,NGA,NG,Central Africa,Benue,Benue,NG-BE
Nigeria,NGA,NG,Central Africa,Borno,Borno,NG-BO
Nigeria,NGA,NG,Central Africa,Bayelsa,Bayelsa,NG-BY
Nigeria,NGA,NG,Central Africa,Cross River,Cross River,NG-CR
Nigeria,NGA,NG,Central Africa,Delta,Delta,NG-DE
Nigeria,NGA,NG,Central Africa,Ebonyi,Ebonyi,NG-EB
Nigeria,NGA,NG,Central Africa,Edo,Edo,NG-ED
Nigeria,NGA,NG,Central Africa,Ekiti,Ekiti,NG-EK
Nigeria,NGA,NG,Central Africa,Enugu,Enugu,NG-EN
Nigeria,NGA,NG,Central Africa,Abuja Federal Capital Territory,Abuja Federal Capital Territory,NG-FC
Nigeria,NGA,NG,Central Africa,Gombe,Gombe,NG-GO
Nigeria,NGA,NG,Central Africa,Imo,Imo,NG-IM
Nigeria,NGA,NG,Central Africa,Jigawa,Jigawa,NG-JI
Nigeria,NGA,NG,Central Africa,Kaduna,Kaduna,NG-KD
Nigeria,NGA,NG,Central Africa,Kebbi,Kebbi,NG-KE
Nigeria,NGA,NG,Central Africa,Kano,Kano,NG-KN
Nigeria,NGA,NG,Central Africa,Kogi,Kogi,NG-KO
Nigeria,NGA,NG,Central Africa,Katsina,Katsina,NG-KT
Nigeria,NGA,NG,Central Africa,Kwara,Kwara,NG-KW
Nigeria,NGA,NG,Central Africa,Lagos,Lagos,NG-LA
Nigeria,NGA,NG,Central Africa,Nasarawa,Nasarawa,NG-NA
Nigeria,NGA,NG,Central Africa,Niger,Niger,NG-NI
Nigeria,NGA,NG,Central Africa,Ogun,Ogun,NG-OG
Nigeria,NGA,NG,Central Africa,Ondo,Ondo,NG-ON
Nigeria,NGA,NG,Central Africa,Osun,Osun,NG-OS
Nigeria,NGA,NG,Central Africa,Oyo,Oyo,NG-OY
Nigeria,NGA,NG,Central Africa,Plateau,Plateau,NG-PL
Nigeria,NGA,NG,Central Africa,Rivers,Rivers,NG-RI
Nigeria,NGA,NG,Central Africa,Sokoto,Sokoto,NG-SO
Nigeria,NGA,NG,Central Africa,Taraba,Taraba,NG-TA
Nigeria,NGA,NG,Central Africa,Yobe,Yobe,NG-YO
Nigeria,NGA,NG,Central Africa,Zamfara,Zamfara,NG-ZA
Nicaragua,NIC,NI,Central America,North Caribbean Coast,Costa Caribe Norte,NI-AN
Nicaragua,NIC,NI,Central America,South Caribbean Coast,Costa Caribe Sur,NI-AS
Nicaragua,NIC,NI,Central America,Boaco,Boaco,NI-BO
Nicaragua,NIC,NI,Central America,Carazo,Carazo,NI-CA
Nicaragua,NIC,NI,Central America,Chinandega,Chinandega,NI-CI
Nicaragua,NIC,NI,Central America,Chontales,Chontales,NI-CO
Nicaragua,NIC,NI,Central America,Estelí,Estelí,NI-ES
Nicaragua,NIC,NI,Central America,Granada,Granada,NI-GR
Nicaragua,NIC,NI,Central America,Jinotega,Jinotega,NI-JI
Nicaragua,NIC,NI,Central America,León,León,NI-LE
Nicaragua,NIC,NI,Central America,Madriz,Madriz,NI-MD
Nicaragua,NIC,NI,Central America,Managua,Managua,NI-MN
Nicaragua,NIC,NI,Central America,Masaya,Masaya,NI-MS
Nicaragua,NIC,NI,Central America,Matagalpa,Matagalpa,NI-MT
Nicaragua,NIC,NI,Central America,New Segovia,Nueva Segovia,NI-NS
Nicaragua,NIC,NI,Central America,Rivas,Rivas,NI-RI
Nicaragua,NIC,NI,Central America,Saint John River,Río San Juan,NI-SJ
Netherlands,NLD,NL,Western Europe,Drenthe,Drenthe,NL-DR
Netherlands,NLD,NL,Western Europe,Flevoland,Flevoland,NL-FL
Netherlands,NLD,NL,Western Europe,Friesland,Fryslân (fy),NL-FR
Netherlands,NLD,NL,Western Europe,Gelderland,Gelderland,NL-GE
Netherlands,NLD,NL,Western Europe,Groningen,Groningen,NL-GR
Netherlands,NLD,NL,Western Europe,Limburg,Limburg,NL-LI
Netherlands,NLD,NL,Western Europe,North Brabant,Noord-Brabant,NL-NB
Netherlands,NLD,NL,Western Europe,North Holland,Noord-Holland,NL-NH
Netherlands,NLD,NL,Western Europe,Overijssel,Overijssel,NL-OV
Netherlands,NLD,NL,Western Europe,Utrecht,Utrecht,NL-UT
Netherlands,NLD,NL,Western Europe,Zeeland,Zeeland,NL-ZE
Netherlands,NLD,NL,Western Europe,South Holland,Zuid-Holland,NL-ZH
Norway,NOR,NO,Northern Europe,Oslo,Oslo,NO-03
Norway,NOR,NO,Northern Europe,Rogaland,Rogaland,NO-11
Norway,NOR,NO,Northern Europe,More and Romsdal,Møre og Romsdal,NO-15
Norway,NOR,NO,Northern Europe,Northland,Nordland,NO-18
Norway,NOR,NO,Northern Europe,Svalbard,Svalbard,NO-21
Norway,NOR,NO,Northern Europe,Jan Mayen,Jan Mayen,NO-22
Norway,NOR,NO,Northern Europe,Viken,Viken,NO-30
Norway,NOR,NO,Northern Europe,Inland,Innlandet,NO-34
Norway,NOR,NO,Northern Europe,Vestfold and Telemark,Vestfold og Telemark,NO-38
Norway,NOR,NO,Northern Europe,Agder,Agder,NO-42
Norway,NOR,NO,Northern Europe,Westland,Vestland,NO-46
Norway,NOR,NO,Northern Europe,Trondelag,TrøndelagTrööndelage (sma),NO-50
Norway,NOR,NO,Northern Europe,Troms and Finnmark,Troms og FinnmarkRomsa ja Finnmárku (se)Tromssan ja Finmarkun (fkv),NO-54
Nepal,NPL,NP,South Asia,कोशी,Pradesh 1,NP-P1
Nepal,NPL,NP,South Asia,मधेश,Pradesh 2,NP-P2
Nepal,NPL,NP,South Asia,बागमती,Pradesh 3,NP-P3
Nepal,NPL,NP,South Asia,गण्डकी,Pradesh 4,NP-P4
Nepal,NPL,NP,South Asia,कोशी,Pradesh 5,NP-P5
Nepal,NPL,NP,South Asia,कर्णाली,Pradesh 6,NP-P6
Nepal,NPL,NP,South Asia,सुदूर-पश्चिम,Sudūr Pashchim; Pradesh 7,NP-P7
Nauru,NRU,NR,Oceania,Aiwo,Aiwo,NR-01
Nauru,NRU,NR,Oceania,Anabar,Anabar,NR-02
Nauru,NRU,NR,Oceania,Anetan,Anetan,NR-03
Nauru,NRU,NR,Oceania,Anibare,Anibare,NR-04
Nauru,NRU,NR,Oceania,Baitsi (local variant is Baiti),Baitsi (local variant is Baiti),NR-05
Nauru,NRU,NR,Oceania,Boe,Boe,NR-06
Nauru,NRU,NR,Oceania,Buada,Buada,NR-07
Nauru,NRU,NR,Oceania,Denigomodu,Denigomodu,NR-08
Nauru,NRU,NR,Oceania,Ewa,Ewa,NR-09
Nauru,NRU,NR,Oceania,Ijuw,Ijuw,NR-10
Nauru,NRU,NR,Oceania,Meneng,Meneng,NR-11
Nauru,NRU,NR,Oceania,Nibok,Nibok,NR-12
Nauru,NRU,NR,Oceania,Uaboe,Uaboe,NR-13
Nauru,NRU,NR,Oceania,Yaren,Yaren,NR-14
New Zealand,NZL,NZ,Oceania,Auckland,Auckland,NZ-AUK
New Zealand,NZL,NZ,Oceania,Bay of Plenty,Bay of Plenty,NZ-BOP
New Zealand,NZL,NZ,Oceania,Canterbury,Canterbury,NZ-CAN
New Zealand,NZL,NZ,Oceania,Chatham Islands Territory,Chatham Islands Territory,NZ-CIT
New Zealand,NZL,NZ,Oceania,Gisborne,Gisborne,NZ-GIS
New Zealand,NZL,NZ,Oceania,Hawke's Bay,Hawke's Bay,NZ-HKB
New Zealand,NZL,NZ,Oceania,Marlborough,Marlborough,NZ-MBH
New Zealand,NZL,NZ,Oceania,Manawatū-Whanganui,Manawatū-Whanganui,NZ-MWT
New Zealand,NZL,NZ,Oceania,Nelson,Nelson,NZ-NSN
New Zealand,NZL,NZ,Oceania,Northland,Northland,NZ-NTL
New Zealand,NZL,NZ,Oceania,Otago,Otago,NZ-OTA
New Zealand,NZL,NZ,Oceania,Southland,Southland,NZ-STL
New Zealand,NZL,NZ,Oceania,Tasman,Tasman,NZ-TAS
New Zealand,NZL,NZ,Oceania,Taranaki,Taranaki,NZ-TKI
New Zealand,NZL,NZ,Oceania,Greater Wellington,Greater Wellington,NZ-WGN
New Zealand,NZL,NZ,Oceania,Waikato,Waikato,NZ-WKO
New Zealand,NZL,NZ,Oceania,West Coast,West Coast,NZ-WTC
Oman,OMN,OM,Asia,South Batina,Janūb al Bāţinah,OM-BJ
Oman,OMN,OM,Asia,North Batina,Shamāl al Bāţinah,OM-BS
Oman,OMN,OM,Asia,Buraymi,Al Buraymī,OM-BU
Oman,OMN,OM,Asia,Interior,Ad Dākhilīyah,OM-DA
Oman,OMN,OM,Asia,Muscat,Masqaţ,OM-MA
Oman,OMN,OM,Asia,Musandam,Musandam,OM-MU
Oman,OMN,OM,Asia,Southeastern,Janūb ash Sharqīyah,OM-SJ
Oman,OMN,OM,Asia,Northeastern,Shamāl ash Sharqīyah,OM-SS
Oman,OMN,OM,Asia,Central,Al Wusţá,OM-WU
Oman,OMN,OM,Asia,Dhahira,Az̧ Z̧āhirah,OM-ZA
Oman,OMN,OM,Asia,Dhofar,Z̧ufār,OM-ZU
Panama,PAN,PA,Central America,Bocas del Toro,Bocas del Toro,PA-1
Panama,PAN,PA,Central America,West Panama,Panamá Oeste,PA-10
Panama,PAN,PA,Central America,Cocle,Coclé,PA-2
Panama,PAN,PA,Central America,Colon,Colón,PA-3
Panama,PAN,PA,Central America,Chiriqui,Chiriquí,PA-4
Panama,PAN,PA,Central America,Darien,Darién,PA-5
Panama,PAN,PA,Central America,Herrera,Herrera,PA-6
Panama,PAN,PA,Central America,Los Santos,Los Santos,PA-7
Panama,PAN,PA,Central America,Panama,Panamá,PA-8
Panama,PAN,PA,Central America,Veraguas,Veraguas,PA-9
Panama,PAN,PA,Central America,Embera,Emberá,PA-EM
Panama,PAN,PA,Central America,Guna Yala,Guna Yala(local variant: Kuna Yala),PA-KY
Panama,PAN,PA,Central America,Ngabe-Bugle,Ngäbe-Buglé,PA-NB
Panama,PAN,PA,Central America,Naso Tjer Di,Naso Tjër Di,PA-NT
Peru,PER,PE,South America,Amazonas,Amazonas,PE-AMA
Peru,PER,PE,South America,Ancash,Ancash,PE-ANC
Peru,PER,PE,South America,Apurímac,Apurímac,PE-APU
Peru,PER,PE,South America,Arequipa,Arequipa,PE-ARE
Peru,PER,PE,South America,Ayacucho,Ayacucho,PE-AYA
Peru,PER,PE,South America,Cajamarca,Cajamarca,PE-CAJ
Peru,PER,PE,South America,El Callao,El Callao,PE-CAL
Peru,PER,PE,South America,Cusco (local variant: Cuzco),Cusco (local variant: Cuzco),PE-CUS
Peru,PER,PE,South America,Huánuco,Huánuco,PE-HUC
Peru,PER,PE,South America,Huancavelica,Huancavelica,PE-HUV
Peru,PER,PE,South America,Ica,Ica,PE-ICA
Peru,PER,PE,South America,Junín,Junín,PE-JUN
Peru,PER,PE,South America,La Libertad,La Libertad,PE-LAL
Peru,PER,PE,South America,Lambayeque,Lambayeque,PE-LAM
Peru,PER,PE,South America,Lima,Lima,PE-LIM
Peru,PER,PE,South America,Municipalidad Metropolitana de Lima,Municipalidad Metropolitana de Lima,PE-LMA
Peru,PER,PE,South America,Loreto,Loreto,PE-LOR
Peru,PER,PE,South America,Madre de Dios,Madre de Dios,PE-MDD
Peru,PER,PE,South America,Moquegua,Moquegua,PE-MOQ
Peru,PER,PE,South America,Pasco,Pasco,PE-PAS
Peru,PER,PE,South America,Piura,Piura,PE-PIU
Peru,PER,PE,South America,Puno,Puno,PE-PUN
Peru,PER,PE,South America,San Martín,San Martín,PE-SAM
Peru,PER,PE,South America,Tacna,Tacna,PE-TAC
Peru,PER,PE,South America,Tumbes,Tumbes,PE-TUM
Peru,PER,PE,South America,Ucayali,Ucayali,PE-UCA
Papua New Guinea,PNG,PG,Oceania,Chimbu,Chimbu,PG-CPK
Papua New Guinea,PNG,PG,Oceania,Central,Central,PG-CPM
Papua New Guinea,PNG,PG,Oceania,East New Britain,East New Britain,PG-EBR
Papua New Guinea,PNG,PG,Oceania,Eastern Highlands,Eastern Highlands,PG-EHG
Papua New Guinea,PNG,PG,Oceania,Enga,Enga,PG-EPW
Papua New Guinea,PNG,PG,Oceania,East Sepik,East Sepik,PG-ESW
Papua New Guinea,PNG,PG,Oceania,Gulf,Gulf,PG-GPK
Papua New Guinea,PNG,PG,Oceania,Hela,Hela,PG-HLA
Papua New Guinea,PNG,PG,Oceania,Jiwaka,Jiwaka,PG-JWK
Papua New Guinea,PNG,PG,Oceania,Milne Bay,Milne Bay,PG-MBA
Papua New Guinea,PNG,PG,Oceania,Morobe,Morobe,PG-MPL
Papua New Guinea,PNG,PG,Oceania,Madang,Madang,PG-MPM
Papua New Guinea,PNG,PG,Oceania,Manus,Manus,PG-MRL
Papua New Guinea,PNG,PG,Oceania,National Capital District (Port Moresby),National Capital District (Port Moresby),PG-NCD
Papua New Guinea,PNG,PG,Oceania,New Ireland,New Ireland,PG-NIK
Papua New Guinea,PNG,PG,Oceania,Northern,Northern,PG-NPP
Papua New Guinea,PNG,PG,Oceania,Bougainville,Bougainville,PG-NSB
Papua New Guinea,PNG,PG,Oceania,West Sepik,West Sepik,PG-SAN
Papua New Guinea,PNG,PG,Oceania,Southern Highlands,Southern Highlands,PG-SHM
Papua New Guinea,PNG,PG,Oceania,West New Britain,West New Britain,PG-WBK
Papua New Guinea,PNG,PG,Oceania,Western Highlands,Western Highlands,PG-WHM
Papua New Guinea,PNG,PG,Oceania,Western,Western,PG-WPD
Philippines,PHL,PH,South-Eastern Asia,Abra,Abra,PH-ABR
Philippines,PHL,PH,South-Eastern Asia,Agusan del Norte,Agusan del Norte,PH-AGN
Philippines,PHL,PH,South-Eastern Asia,Agusan del Sur,Agusan del Sur,PH-AGS
Philippines,PHL,PH,South-Eastern Asia,Aklan,Aklan,PH-AKL
Philippines,PHL,PH,South-Eastern Asia,Albay,Albay,PH-ALB
Philippines,PHL,PH,South-Eastern Asia,Antique,Antique,PH-ANT
Philippines,PHL,PH,South-Eastern Asia,Apayao,Apayao,PH-APA
Philippines,PHL,PH,South-Eastern Asia,Aurora,Aurora,PH-AUR
Philippines,PHL,PH,South-Eastern Asia,Bataan,Bataan,PH-BAN
Philippines,PHL,PH,South-Eastern Asia,Basilan,Basilan,PH-BAS
Philippines,PHL,PH,South-Eastern Asia,Benguet,Benguet,PH-BEN
Philippines,PHL,PH,South-Eastern Asia,Biliran,Biliran,PH-BIL
Philippines,PHL,PH,South-Eastern Asia,Bohol,Bohol,PH-BOH
Philippines,PHL,PH,South-Eastern Asia,Batangas,Batangas,PH-BTG
Philippines,PHL,PH,South-Eastern Asia,Batanes,Batanes,PH-BTN
Philippines,PHL,PH,South-Eastern Asia,Bukidnon,Bukidnon,PH-BUK
Philippines,PHL,PH,South-Eastern Asia,Bulacan,Bulacan,PH-BUL
Philippines,PHL,PH,South-Eastern Asia,Cagayan,Cagayan,PH-CAG
Philippines,PHL,PH,South-Eastern Asia,Camiguin,Camiguin,PH-CAM
Philippines,PHL,PH,South-Eastern Asia,Camarines Norte,Camarines Norte,PH-CAN
Philippines,PHL,PH,South-Eastern Asia,Capiz,Capiz,PH-CAP
Philippines,PHL,PH,South-Eastern Asia,Camarines Sur,Camarines Sur,PH-CAS
Philippines,PHL,PH,South-Eastern Asia,Catanduanes,Catanduanes,PH-CAT
Philippines,PHL,PH,South-Eastern Asia,Cavite,Cavite,PH-CAV
Philippines,PHL,PH,South-Eastern Asia,Cebu,Cebu,PH-CEB
Philippines,PHL,PH,South-Eastern Asia,Davao de Oro,Davao de Oro,PH-COM
Philippines,PHL,PH,South-Eastern Asia,Davao Oriental,Davao Oriental,PH-DAO
Philippines,PHL,PH,South-Eastern Asia,Davao del Sur,Davao del Sur,PH-DAS
Philippines,PHL,PH,South-Eastern Asia,Davao del Norte,Davao del Norte,PH-DAV
Philippines,PHL,PH,South-Eastern Asia,Dinagat Islands,Dinagat Islands,PH-DIN
Philippines,PHL,PH,South-Eastern Asia,Davao Occidental,Davao Occidental,PH-DVO
Philippines,PHL,PH,South-Eastern Asia,Eastern Samar,Eastern Samar,PH-EAS
Philippines,PHL,PH,South-Eastern Asia,Guimaras,Guimaras,PH-GUI
Philippines,PHL,PH,South-Eastern Asia,Ifugao,Ifugao,PH-IFU
Philippines,PHL,PH,South-Eastern Asia,Iloilo,Iloilo,PH-ILI
Philippines,PHL,PH,South-Eastern Asia,Ilocos Norte,Ilocos Norte,PH-ILN
Philippines,PHL,PH,South-Eastern Asia,Ilocos Sur,Ilocos Sur,PH-ILS
Philippines,PHL,PH,South-Eastern Asia,Isabela,Isabela,PH-ISA
Philippines,PHL,PH,South-Eastern Asia,Kalinga,Kalinga,PH-KAL
Philippines,PHL,PH,South-Eastern Asia,Laguna,Laguna,PH-LAG
Philippines,PHL,PH,South-Eastern Asia,Lanao del Norte,Lanao del Norte,PH-LAN
Philippines,PHL,PH,South-Eastern Asia,Lanao del Sur,Lanao del Sur,PH-LAS
Philippines,PHL,PH,South-Eastern Asia,Leyte,Leyte,PH-LEY
Philippines,PHL,PH,South-Eastern Asia,La Union,La Union,PH-LUN
Philippines,PHL,PH,South-Eastern Asia,Marinduque,Marinduque,PH-MAD
Philippines,PHL,PH,South-Eastern Asia,Masbate,Masbate,PH-MAS
Philippines,PHL,PH,South-Eastern Asia,Mindoro Occidental,Mindoro Occidental,PH-MDC
Philippines,PHL,PH,South-Eastern Asia,Mindoro Oriental,Mindoro Oriental,PH-MDR
Philippines,PHL,PH,South-Eastern Asia,Maguindanao del Norte,Maguindanao del Norte,PH-MGN
Philippines,PHL,PH,South-Eastern Asia,Maguindanao del Sur,Maguindanao del Sur,PH-MGS
Philippines,PHL,PH,South-Eastern Asia,Mountain Province,Mountain Province,PH-MOU
Philippines,PHL,PH,South-Eastern Asia,Misamis Occidental,Misamis Occidental,PH-MSC
Philippines,PHL,PH,South-Eastern Asia,Misamis Oriental,Misamis Oriental,PH-MSR
Philippines,PHL,PH,South-Eastern Asia,Cotabato,Cotabato,PH-NCO
Philippines,PHL,PH,South-Eastern Asia,Negros Occidental,Negros Occidental,PH-NEC
Philippines,PHL,PH,South-Eastern Asia,Negros Oriental,Negros Oriental,PH-NER
Philippines,PHL,PH,South-Eastern Asia,Northern Samar,Northern Samar,PH-NSA
Philippines,PHL,PH,South-Eastern Asia,Nueva Ecija,Nueva Ecija,PH-NUE
Philippines,PHL,PH,South-Eastern Asia,Nueva Vizcaya,Nueva Vizcaya,PH-NUV
Philippines,PHL,PH,South-Eastern Asia,Pampanga,Pampanga,PH-PAM
Philippines,PHL,PH,South-Eastern Asia,Pangasinan,Pangasinan,PH-PAN
Philippines,PHL,PH,South-Eastern Asia,Palawan,Palawan,PH-PLW
Philippines,PHL,PH,South-Eastern Asia,Quezon,Quezon,PH-QUE
Philippines,PHL,PH,South-Eastern Asia,Quirino,Quirino,PH-QUI
Philippines,PHL,PH,South-Eastern Asia,Rizal,Rizal,PH-RIZ
Philippines,PHL,PH,South-Eastern Asia,Romblon,Romblon,PH-ROM
Philippines,PHL,PH,South-Eastern Asia,Sarangani,Sarangani,PH-SAR
Philippines,PHL,PH,South-Eastern Asia,South Cotabato,South Cotabato,PH-SCO
Philippines,PHL,PH,South-Eastern Asia,Siquijor,Siquijor,PH-SIG
Philippines,PHL,PH,South-Eastern Asia,Southern Leyte,Southern Leyte,PH-SLE
Philippines,PHL,PH,South-Eastern Asia,Sulu,Sulu,PH-SLU
Philippines,PHL,PH,South-Eastern Asia,Sorsogon,Sorsogon,PH-SOR
Philippines,PHL,PH,South-Eastern Asia,Sultan Kudarat,Sultan Kudarat,PH-SUK
Philippines,PHL,PH,South-Eastern Asia,Surigao del Norte,Surigao del Norte,PH-SUN
Philippines,PHL,PH,South-Eastern Asia,Surigao del Sur,Surigao del Sur,PH-SUR
Philippines,PHL,PH,South-Eastern Asia,Tarlac,Tarlac,PH-TAR
Philippines,PHL,PH,South-Eastern Asia,Tawi-Tawi,Tawi-Tawi,PH-TAW
Philippines,PHL,PH,South-Eastern Asia,Samar (local variant: Western Samar),Samar (local variant: Western Samar),PH-WSA
Philippines,PHL,PH,South-Eastern Asia,Zamboanga del Norte,Zamboanga del Norte,PH-ZAN
Philippines,PHL,PH,South-Eastern Asia,Zamboanga del Sur,Zamboanga del Sur,PH-ZAS
Philippines,PHL,PH,South-Eastern Asia,Zambales,Zambales,PH-ZMB
Philippines,PHL,PH,South-Eastern Asia,Zamboanga Sibugay,Zamboanga Sibugay,PH-ZSI
Pakistan,PAK,PK,South Asia,Balochistan,Balōchistān,PK-BA
Pakistan,PAK,PK,South Asia,Gilgit-Baltistan,Gilgit-Baltistān,PK-GB
Pakistan,PAK,PK,South Asia,Islamabad,Islāmābād,PK-IS
Pakistan,PAK,PK,South Asia,Azad Jammu and Kashmir(local variant: AJ&K),Āzād Jammūñ o Kashmīr,PK-JK
Pakistan,PAK,PK,South Asia,Khyber Pakhtunkhwa,Khaībar Pakhtūnkhwā,PK-KP
Pakistan,PAK,PK,South Asia,Punjab,Panjāb,PK-PB
Pakistan,PAK,PK,South Asia,Sindh,Sindh,PK-SD
Poland,POL,PL,Eastern Europe,Bielsko-Biała,Bielsko-Biała,PL-BB
Poland,POL,PL,Eastern Europe,Białystok,Białystok,PL-BK
Poland,POL,PL,Eastern Europe,Biała Podlaska,Biała Podlaska,PL-BP
Poland,POL,PL,Eastern Europe,Bydgoszcz,Bydgoszcz,PL-BY
Poland,POL,PL,Eastern Europe,Chełm,Chełm,PL-CH
Poland,POL,PL,Eastern Europe,Ciechanów,Ciechanów,PL-CI
Poland,POL,PL,Eastern Europe,Częstochowa,Częstochowa,PL-CZ
Poland,POL,PL,Eastern Europe,Elbląg,Elbląg,PL-EL
Poland,POL,PL,Eastern Europe,Gdańsk,Gdańsk,PL-GD
Poland,POL,PL,Eastern Europe,Gorzów,Gorzów,PL-GO
Poland,POL,PL,Eastern Europe,Jelenia Góra,Jelenia Góra,PL-JG
Poland,POL,PL,Eastern Europe,Katowice,Katowice,PL-KA
Poland,POL,PL,Eastern Europe,Kielce,Kielce,PL-KI
Poland,POL,PL,Eastern Europe,Kalisz,Kalisz,PL-KL
Poland,POL,PL,Eastern Europe,Konin,Konin,PL-KN
Poland,POL,PL,Eastern Europe,Koszalin,Koszalin,PL-KO
Poland,POL,PL,Eastern Europe,Kraków,Kraków,PL-KR
Poland,POL,PL,Eastern Europe,Krosno,Krosno,PL-KS
Poland,POL,PL,Eastern Europe,Łódź,Łódź,PL-LD
Poland,POL,PL,Eastern Europe,Leszno,Leszno,PL-LE
Poland,POL,PL,Eastern Europe,Legnica,Legnica,PL-LG
Poland,POL,PL,Eastern Europe,Łomża,Łomża,PL-LO
Poland,POL,PL,Eastern Europe,Lublin,Lublin,PL-LU
Poland,POL,PL,Eastern Europe,Nowy Sącz,Nowy Sącz,PL-NS
Poland,POL,PL,Eastern Europe,Olsztyn,Olsztyn,PL-OL
Poland,POL,PL,Eastern Europe,Opole,Opole,PL-OP
Poland,POL,PL,Eastern Europe,Ostrołęka,Ostrołęka,PL-OS
Poland,POL,PL,Eastern Europe,Piła,Piła,PL-PI
Poland,POL,PL,Eastern Europe,Płock,Płock,PL-PL
Poland,POL,PL,Eastern Europe,Poznań,Poznań,PL-PO
Poland,POL,PL,Eastern Europe,Przemyśl,Przemyśl,PL-PR
Poland,POL,PL,Eastern Europe,Piotrków,Piotrków,PL-PT
Poland,POL,PL,Eastern Europe,Radom,Radom,PL-RA
Poland,POL,PL,Eastern Europe,Rzeszów,Rzeszów,PL-RZ
Poland,POL,PL,Eastern Europe,Siedlce,Siedlce,PL-SE
Poland,POL,PL,Eastern Europe,Sieradz,Sieradz,PL-SI
Poland,POL,PL,Eastern Europe,Skierniewice,Skierniewice,PL-SK
Poland,POL,PL,Eastern Europe,Słupsk,Słupsk,PL-SL
Poland,POL,PL,Eastern Europe,Suwałki,Suwałki,PL-SU
Poland,POL,PL,Eastern Europe,Szczecin,Szczecin,PL-SZ
Poland,POL,PL,Eastern Europe,Tarnów,Tarnów,PL-TA
Poland,POL,PL,Eastern Europe,Tarnobrzeg,Tarnobrzeg,PL-TG
Poland,POL,PL,Eastern Europe,Toruń,Toruń,PL-TO
Poland,POL,PL,Eastern Europe,Warszawa,Warszawa,PL-WA
Poland,POL,PL,Eastern Europe,Wałbrzych,Wałbrzych,PL-WB
Poland,POL,PL,Eastern Europe,Włocławek,Włocławek,PL-WL
Poland,POL,PL,Eastern Europe,Wrocław,Wrocław,PL-WR
Poland,POL,PL,Eastern Europe,Zamość,Zamość,PL-ZA
Poland,POL,PL,Eastern Europe,Zielona Góra,Zielona Góra,PL-ZG
"Palestine, State of",PSE,PS,Asia,Bethlehem,Bayt Laḩm,PS-BTH
"Palestine, State of",PSE,PS,Asia,Deir El Balah,Dayr al Balaḩ,PS-DEB
"Palestine, State of",PSE,PS,Asia,Gaza,Ghazzah,PS-GZA
"Palestine, State of",PSE,PS,Asia,Hebron,Al Khalīl,PS-HBN
"Palestine, State of",PSE,PS,Asia,Jerusalem,Al Quds,PS-JEM
"Palestine, State of",PSE,PS,Asia,Jenin,Janīn,PS-JEN
"Palestine, State of",PSE,PS,Asia,Jericho and Al Aghwar,Arīḩā wal Aghwār,PS-JRH
"Palestine, State of",PSE,PS,Asia,Khan Yunis,Khān Yūnis,PS-KYS
"Palestine, State of",PSE,PS,Asia,Nablus,Nāblus,PS-NBS
"Palestine, State of",PSE,PS,Asia,North Gaza,Shamāl Ghazzah,PS-NGZ
"Palestine, State of",PSE,PS,Asia,Qalqilya,Qalqīlyah,PS-QQA
"Palestine, State of",PSE,PS,Asia,Ramallah,Rām Allāh wal Bīrah,PS-RBH
"Palestine, State of",PSE,PS,Asia,Rafah,Rafaḩ,PS-RFH
"Palestine, State of",PSE,PS,Asia,Salfit,Salfīt,PS-SLT
"Palestine, State of",PSE,PS,Asia,Tubas,Ţūbās,PS-TBS
"Palestine, State of",PSE,PS,Asia,Tulkarm,Ţūlkarm,PS-TKM
Portugal,PRT,PT,Western Europe,Aveiro,Aveiro,PT-01
Portugal,PRT,PT,Western Europe,Beja,Beja,PT-02
Portugal,PRT,PT,Western Europe,Braga,Braga,PT-03
Portugal,PRT,PT,Western Europe,Bragança,Bragança,PT-04
Portugal,PRT,PT,Western Europe,White Castle,Castelo Branco,PT-05
Portugal,PRT,PT,Western Europe,Coimbra,Coimbra,PT-06
Portugal,PRT,PT,Western Europe,Evora,Évora,PT-07
Portugal,PRT,PT,Western Europe,Faro,Faro,PT-08
Portugal,PRT,PT,Western Europe,Guarda,Guarda,PT-09
Portugal,PRT,PT,Western Europe,Leiria,Leiria,PT-10
Portugal,PRT,PT,Western Europe,Lisbon,Lisboa,PT-11
Portugal,PRT,PT,Western Europe,Portalegre,Portalegre,PT-12
Portugal,PRT,PT,Western Europe,Porto,Porto,PT-13
Portugal,PRT,PT,Western Europe,Santarém,Santarém,PT-14
Portugal,PRT,PT,Western Europe,Setúbal,Setúbal,PT-15
Portugal,PRT,PT,Western Europe,Viana do Castelo,Viana do Castelo,PT-16
Portugal,PRT,PT,Western Europe,Royal Town,Vila Real,PT-17
Portugal,PRT,PT,Western Europe,Viseu,Viseu,PT-18
Portugal,PRT,PT,Western Europe,Azores,Região Autónoma dos Açores,PT-20
Portugal,PRT,PT,Western Europe,Madeira,Região Autónoma da Madeira,PT-30
Palau,PLW,PW,Oceania,Aimeliik,Aimeliik,PW-002
Palau,PLW,PW,Oceania,Airai,Airai,PW-004
Palau,PLW,PW,Oceania,Angaur,Angaur,PW-010
Palau,PLW,PW,Oceania,Hatohobei,Hatohobei,PW-050
Palau,PLW,PW,Oceania,Kayangel,Kayangel,PW-100
Palau,PLW,PW,Oceania,Koror,Koror,PW-150
Palau,PLW,PW,Oceania,Melekeok,Melekeok,PW-212
Palau,PLW,PW,Oceania,Ngaraard,Ngaraard,PW-214
Palau,PLW,PW,Oceania,Ngarchelong,Ngarchelong,PW-218
Palau,PLW,PW,Oceania,Ngardmau,Ngardmau,PW-222
Palau,PLW,PW,Oceania,Ngatpang,Ngatpang,PW-224
Palau,PLW,PW,Oceania,Ngchesar,Ngchesar,PW-226
Palau,PLW,PW,Oceania,Ngeremlengui,Ngeremlengui,PW-227
Palau,PLW,PW,Oceania,Ngiwal,Ngiwal,PW-228
Palau,PLW,PW,Oceania,Peleliu,Peleliu,PW-350
Palau,PLW,PW,Oceania,Sonsorol,Sonsorol,PW-370
Paraguay,PRY,PY,South America,Concepcion,Concepción,PY-1
Paraguay,PRY,PY,South America,Upper Parana,Alto Paraná,PY-10
Paraguay,PRY,PY,South America,Central,Central,PY-11
Paraguay,PRY,PY,South America,Neembucu,Ñeembucú,PY-12
Paraguay,PRY,PY,South America,Amambay,Amambay,PY-13
Paraguay,PRY,PY,South America,Canindeyu,Canindeyú,PY-14
Paraguay,PRY,PY,South America,President Hayes,Presidente Hayes,PY-15
Paraguay,PRY,PY,South America,Upper Paraguay,Alto Paraguay,PY-16
Paraguay,PRY,PY,South America,Boqueron,Boquerón,PY-19
Paraguay,PRY,PY,South America,Saint Peter,San Pedro,PY-2
Paraguay,PRY,PY,South America,Cordillera,Cordillera,PY-3
Paraguay,PRY,PY,South America,Guaira,Guairá,PY-4
Paraguay,PRY,PY,South America,Caaguazu,Caaguazú,PY-5
Paraguay,PRY,PY,South America,Caazapa,Caazapá,PY-6
Paraguay,PRY,PY,South America,Itapua,Itapúa,PY-7
Paraguay,PRY,PY,South America,Misiones,Misiones,PY-8
Paraguay,PRY,PY,South America,Paraguari,Paraguarí,PY-9
Paraguay,PRY,PY,South America,Asuncion,Asunción,PY-ASU
Qatar,QAT,QA,Asia,Doha,Ad Dawḩah,QA-DA
Qatar,QAT,QA,Asia,Khor,Al Khawr wa adh Dhakhīrah,QA-KH
Qatar,QAT,QA,Asia,North,Ash Shamāl,QA-MS
Qatar,QAT,QA,Asia,Rayyan,Ar Rayyān,QA-RA
Qatar,QAT,QA,Asia,Shahaniya,Ash Shīḩānīyah,QA-SH
Qatar,QAT,QA,Asia,Umm Salal,Umm Şalāl,QA-US
Qatar,QAT,QA,Asia,Wakra,Al Wakrah,QA-WA
Qatar,QAT,QA,Asia,Daayen,Az̧ Z̧a‘āyin,QA-ZA
Romania,ROU,RO,Eastern Europe,Alba,Alba,RO-AB
Romania,ROU,RO,Eastern Europe,Argeș,Argeș,RO-AG
Romania,ROU,RO,Eastern Europe,Arad,Arad,RO-AR
Romania,ROU,RO,Eastern Europe,București,București,RO-B
Romania,ROU,RO,Eastern Europe,Bacău,Bacău,RO-BC
Romania,ROU,RO,Eastern Europe,Bihor,Bihor,RO-BH
Romania,ROU,RO,Eastern Europe,Bistrița-Năsăud,Bistrița-Năsăud,RO-BN
Romania,ROU,RO,Eastern Europe,Brăila,Brăila,RO-BR
Romania,ROU,RO,Eastern Europe,Botoșani,Botoșani,RO-BT
Romania,ROU,RO,Eastern Europe,Brașov,Brașov,RO-BV
Romania,ROU,RO,Eastern Europe,Buzău,Buzău,RO-BZ
Romania,ROU,RO,Eastern Europe,Cluj,Cluj,RO-CJ
Romania,ROU,RO,Eastern Europe,Călărași,Călărași,RO-CL
Romania,ROU,RO,Eastern Europe,Caraș-Severin,Caraș-Severin,RO-CS
Romania,ROU,RO,Eastern Europe,Constanța,Constanța,RO-CT
Romania,ROU,RO,Eastern Europe,Covasna,Covasna,RO-CV
Romania,ROU,RO,Eastern Europe,Dâmbovița,Dâmbovița,RO-DB
Romania,ROU,RO,Eastern Europe,Dolj,Dolj,RO-DJ
Romania,ROU,RO,Eastern Europe,Gorj,Gorj,RO-GJ
Romania,ROU,RO,Eastern Europe,Galați,Galați,RO-GL
Romania,ROU,RO,Eastern Europe,Giurgiu,Giurgiu,RO-GR
Romania,ROU,RO,Eastern Europe,Hunedoara,Hunedoara,RO-HD
Romania,ROU,RO,Eastern Europe,Harghita,Harghita,RO-HR
Romania,ROU,RO,Eastern Europe,Ilfov,Ilfov,RO-IF
Romania,ROU,RO,Eastern Europe,Ialomița,Ialomița,RO-IL
Romania,ROU,RO,Eastern Europe,Iași,Iași,RO-IS
Romania,ROU,RO,Eastern Europe,Mehedinți,Mehedinți,RO-MH
Romania,ROU,RO,Eastern Europe,Maramureș,Maramureș,RO-MM
Romania,ROU,RO,Eastern Europe,Mureș,Mureș,RO-MS
Romania,ROU,RO,Eastern Europe,Neamț,Neamț,RO-NT
Romania,ROU,RO,Eastern Europe,Olt,Olt,RO-OT
Romania,ROU,RO,Eastern Europe,Prahova,Prahova,RO-PH
Romania,ROU,RO,Eastern Europe,Sibiu,Sibiu,RO-SB
Romania,ROU,RO,Eastern Europe,Sălaj,Sălaj,RO-SJ
Romania,ROU,RO,Eastern Europe,Satu Mare,Satu Mare,RO-SM
Romania,ROU,RO,Eastern Europe,Suceava,Suceava,RO-SV
Romania,ROU,RO,Eastern Europe,Tulcea,Tulcea,RO-TL
Romania,ROU,RO,Eastern Europe,Timiș,Timiș,RO-TM
Romania,ROU,RO,Eastern Europe,Teleorman,Teleorman,RO-TR
Romania,ROU,RO,Eastern Europe,Vâlcea,Vâlcea,RO-VL
Romania,ROU,RO,Eastern Europe,Vrancea,Vrancea,RO-VN
Romania,ROU,RO,Eastern Europe,Vaslui,Vaslui,RO-VS
Serbia,SRB,RS,Eastern Europe,Belgrade,Beograd,RS-00
Serbia,SRB,RS,Eastern Europe,North Bačka,Severnobački okrug,RS-01
Serbia,SRB,RS,Eastern Europe,Central Banat,Srednjebanatski okrug,RS-02
Serbia,SRB,RS,Eastern Europe,North Banat,Severnobanatski okrug,RS-03
Serbia,SRB,RS,Eastern Europe,South Banat,Južnobanatski okrug,RS-04
Serbia,SRB,RS,Eastern Europe,West Bačka,Zapadnobački okrug,RS-05
Serbia,SRB,RS,Eastern Europe,South Bačka,Južnobački okrug,RS-06
Serbia,SRB,RS,Eastern Europe,Srem,Sremski okrug,RS-07
Serbia,SRB,RS,Eastern Europe,Mačva,Mačvanski okrug,RS-08
Serbia,SRB,RS,Eastern Europe,Kolubara,Kolubarski okrug,RS-09
Serbia,SRB,RS,Eastern Europe,Podunavlje,Podunavski okrug,RS-10
Serbia,SRB,RS,Eastern Europe,Braničevo,Braničevski okrug,RS-11
Serbia,SRB,RS,Eastern Europe,Šumadija,Šumadijski okrug,RS-12
Serbia,SRB,RS,Eastern Europe,Pomoravlje,Pomoravski okrug,RS-13
Serbia,SRB,RS,Eastern Europe,Bor,Borski okrug,RS-14
Serbia,SRB,RS,Eastern Europe,Zaječar,Zaječarski okrug,RS-15
Serbia,SRB,RS,Eastern Europe,Zlatibor,Zlatiborski okrug,RS-16
Serbia,SRB,RS,Eastern Europe,Moravica,Moravički okrug,RS-17
Serbia,SRB,RS,Eastern Europe,Raška,Raški okrug,RS-18
Serbia,SRB,RS,Eastern Europe,Rasina,Rasinski okrug,RS-19
Serbia,SRB,RS,Eastern Europe,Nišava,Nišavski okrug,RS-20
Serbia,SRB,RS,Eastern Europe,Toplica,Toplički okrug,RS-21
Serbia,SRB,RS,Eastern Europe,Pirot,Pirotski okrug,RS-22
Serbia,SRB,RS,Eastern Europe,Jablanica,Jablanički okrug,RS-23
Serbia,SRB,RS,Eastern Europe,Pčinja,Pčinjski okrug,RS-24
Serbia,SRB,RS,Eastern Europe,Kosovo,Kosovski okrug,RS-25
Serbia,SRB,RS,Eastern Europe,Peć,Pećki okrug,RS-26
Serbia,SRB,RS,Eastern Europe,Prizren,Prizrenski okrug,RS-27
Serbia,SRB,RS,Eastern Europe,Kosovo-Mitrovica,Kosovsko-Mitrovački okrug,RS-28
Serbia,SRB,RS,Eastern Europe,Kosovo-Pomoravlje,Kosovsko-Pomoravski okrug,RS-29
Russian Federation,RUS,RU,Russia,Adygea,"Adygeya, Respublika",RU-AD
Russian Federation,RUS,RU,Russia,Gorno-Altai,"Altay, Respublika",RU-AL
Russian Federation,RUS,RU,Russia,Altai,Altayskiy kray,RU-ALT
Russian Federation,RUS,RU,Russia,Amur,Amurskaya oblast',RU-AMU
Russian Federation,RUS,RU,Russia,Arkhangelsk,Arkhangel'skaya oblast',RU-ARK
Russian Federation,RUS,RU,Russia,Astrakhan,Astrakhanskaya oblast',RU-AST
Russian Federation,RUS,RU,Russia,Bashkortostan,"Bashkortostan, Respublika",RU-BA
Russian Federation,RUS,RU,Russia,Belgorod,Belgorodskaya oblast',RU-BEL
Russian Federation,RUS,RU,Russia,Bryansk,Bryanskaya oblast',RU-BRY
Russian Federation,RUS,RU,Russia,Buryatia,"Buryatiya, Respublika",RU-BU
Russian Federation,RUS,RU,Russia,Chechnya,Chechenskaya Respublika,RU-CE
Russian Federation,RUS,RU,Russia,Chelyabinsk,Chelyabinskaya oblast',RU-CHE
Russian Federation,RUS,RU,Russia,Chukotka,Chukotskiy avtonomnyy okrug,RU-CHU
Russian Federation,RUS,RU,Russia,Chuvashia,Chuvashskaya Respublika,RU-CU
Russian Federation,RUS,RU,Russia,Dagestan,"Dagestan, Respublika",RU-DA
Russian Federation,RUS,RU,Russia,Ingushetia,"Ingushetiya, Respublika",RU-IN
Russian Federation,RUS,RU,Russia,Irkutsk,Irkutskaya oblast',RU-IRK
Russian Federation,RUS,RU,Russia,Ivanovo,Ivanovskaya oblast',RU-IVA
Russian Federation,RUS,RU,Russia,Kamchatka,Kamchatskiy kray,RU-KAM
Russian Federation,RUS,RU,Russia,Kabardino-Balkaria,Kabardino-BalkarskayaRespublika,RU-KB
Russian Federation,RUS,RU,Russia,Karachay-Cherkessia,Karachayevo-CherkesskayaRespublika,RU-KC
Russian Federation,RUS,RU,Russia,Krasnodar,Krasnodarskiy kray,RU-KDA
Russian Federation,RUS,RU,Russia,Kemerovo,Kemerovskaya oblast',RU-KEM
Russian Federation,RUS,RU,Russia,Kaliningrad,Kaliningradskaya oblast',RU-KGD
Russian Federation,RUS,RU,Russia,Kurgan,Kurganskaya oblast',RU-KGN
Russian Federation,RUS,RU,Russia,Khabarovsk,Khabarovskiy kray,RU-KHA
Russian Federation,RUS,RU,Russia,Yugoria,Khanty-Mansiyskiyavtonomnyy okrug(local variant: Yugra),RU-KHM
Russian Federation,RUS,RU,Russia,Kirov,Kirovskaya oblast',RU-KIR
Russian Federation,RUS,RU,Russia,Khakassia,"Khakasiya, Respublika",RU-KK
Russian Federation,RUS,RU,Russia,Kalmykia,"Kalmykiya, Respublika",RU-KL
Russian Federation,RUS,RU,Russia,Kaluga,Kaluzhskaya oblast',RU-KLU
Russian Federation,RUS,RU,Russia,Komi,"Komi, Respublika",RU-KO
Russian Federation,RUS,RU,Russia,Kostroma,Kostromskaya oblast',RU-KOS
Russian Federation,RUS,RU,Russia,Karelia,"Kareliya, Respublika",RU-KR
Russian Federation,RUS,RU,Russia,Kursk,Kurskaya oblast',RU-KRS
Russian Federation,RUS,RU,Russia,Krasnoyarsk,Krasnoyarskiy kray,RU-KYA
Russian Federation,RUS,RU,Russia,Leningrad,Leningradskayaoblast',RU-LEN
Russian Federation,RUS,RU,Russia,Lipetsk,Lipetskaya oblast',RU-LIP
Russian Federation,RUS,RU,Russia,Magadan,Magadanskaya oblast',RU-MAG
Russian Federation,RUS,RU,Russia,Mari El,"Mariy El, Respublika",RU-ME
Russian Federation,RUS,RU,Russia,Mordovia,"Mordoviya, Respublika",RU-MO
Russian Federation,RUS,RU,Russia,Moscow,Moskovskaya oblast',RU-MOS
Russian Federation,RUS,RU,Russia,Moscow City,Moskva,RU-MOW
Russian Federation,RUS,RU,Russia,Murmansk,Murmanskaya oblast',RU-MUR
Russian Federation,RUS,RU,Russia,Nenetsia,Nenetskiyavtonomnyy okrug,RU-NEN
Russian Federation,RUS,RU,Russia,Novgorod,Novgorodskaya oblast',RU-NGR
Russian Federation,RUS,RU,Russia,Nizhny Novgorod,Nizhegorodskaya oblast',RU-NIZ
Russian Federation,RUS,RU,Russia,Novosibirsk,Novosibirskayaoblast',RU-NVS
Russian Federation,RUS,RU,Russia,Omsk,Omskaya oblast',RU-OMS
Russian Federation,RUS,RU,Russia,Orenburg,Orenburgskaya oblast',RU-ORE
Russian Federation,RUS,RU,Russia,Oryol,Orlovskaya oblast',RU-ORL
Russian Federation,RUS,RU,Russia,Perm,Permskiy kray,RU-PER
Russian Federation,RUS,RU,Russia,Penza,Penzenskaya oblast',RU-PNZ
Russian Federation,RUS,RU,Russia,Primorye,Primorskiy kray,RU-PRI
Russian Federation,RUS,RU,Russia,Pskov,Pskovskaya oblast',RU-PSK
Russian Federation,RUS,RU,Russia,Rostov,Rostovskaya oblast',RU-ROS
Russian Federation,RUS,RU,Russia,Ryazan,Ryazanskaya oblast',RU-RYA
Russian Federation,RUS,RU,Russia,Yakutia,"Saha, Respublika(local variant: Jakutija)",RU-SA
Russian Federation,RUS,RU,Russia,Sakhalin,Sakhalinskaya oblast',RU-SAK
Russian Federation,RUS,RU,Russia,Samara,Samarskaya oblast',RU-SAM
Russian Federation,RUS,RU,Russia,Saratov,Saratovskaya oblast',RU-SAR
Russian Federation,RUS,RU,Russia,North Ossetia,"Severnaya Osetiya, Respublika(local variant: Alaniya [Respublika Severnaya Osetiya – Alaniya])",RU-SE
Russian Federation,RUS,RU,Russia,Smolensk,Smolenskaya oblast',RU-SMO
Russian Federation,RUS,RU,Russia,Saint Petersburg,Sankt-Peterburg,RU-SPE
Russian Federation,RUS,RU,Russia,Stavropol,Stavropol'skiy kray,RU-STA
Russian Federation,RUS,RU,Russia,Sverdlovsk,Sverdlovskaya oblast',RU-SVE
Russian Federation,RUS,RU,Russia,Tatarstan,"Tatarstan, Respublika",RU-TA
Russian Federation,RUS,RU,Russia,Tambov,Tambovskaya oblast',RU-TAM
Russian Federation,RUS,RU,Russia,Tomsk,Tomskaya oblast',RU-TOM
Russian Federation,RUS,RU,Russia,Tula,Tul'skaya oblast',RU-TUL
Russian Federation,RUS,RU,Russia,Tver,Tverskaya oblast',RU-TVE
Russian Federation,RUS,RU,Russia,Tuva,"Tyva, Respublika(local variant: Tuva)",RU-TY
Russian Federation,RUS,RU,Russia,Tyumen,Tyumenskaya oblast',RU-TYU
Russian Federation,RUS,RU,Russia,Udmurtia,Udmurtskaya Respublika,RU-UD
Russian Federation,RUS,RU,Russia,Ulyanovsk,Ul'yanovskaya oblast',RU-ULY
Russian Federation,RUS,RU,Russia,Volgograd,Volgogradskayaoblast',RU-VGG
Russian Federation,RUS,RU,Russia,Vladimir,Vladimirskayaoblast',RU-VLA
Russian Federation,RUS,RU,Russia,Vologda,Vologodskaya oblast',RU-VLG
Russian Federation,RUS,RU,Russia,Voronezh,Voronezhskaya oblast',RU-VOR
Russian Federation,RUS,RU,Russia,Yamalia,Yamalo-Nenetskiyavtonomnyy okrug,RU-YAN
Russian Federation,RUS,RU,Russia,Yaroslavl,Yaroslavskaya oblast',RU-YAR
Russian Federation,RUS,RU,Russia,Jewish Autonomous Oblast,Yevreyskaya avtonomnaya oblast',RU-YEV
Russian Federation,RUS,RU,Russia,Transbaikalia,Zabaykal'skiy kray,RU-ZAB
Rwanda,RWA,RW,Central Africa,City of Kigali,City of Kigali,RW-01
Rwanda,RWA,RW,Central Africa,Eastern,Eastern,RW-02
Rwanda,RWA,RW,Central Africa,Northern,Northern,RW-03
Rwanda,RWA,RW,Central Africa,Western,Western,RW-04
Rwanda,RWA,RW,Central Africa,Southern,Southern,RW-05
Saudi Arabia,SAU,SA,Asia,Riyadh,Ar Riyāḑ,SA-01
Saudi Arabia,SAU,SA,Asia,Mecca,Makkah al Mukarramah,SA-02
Saudi Arabia,SAU,SA,Asia,Medina,Al Madīnah al Munawwarah,SA-03
Saudi Arabia,SAU,SA,Asia,Eastern,Ash Sharqīyah,SA-04
Saudi Arabia,SAU,SA,Asia,Qassim,Al Qaşīm,SA-05
Saudi Arabia,SAU,SA,Asia,Ha’il,Ḩā'il,SA-06
Saudi Arabia,SAU,SA,Asia,Tabuk,Tabūk,SA-07
Saudi Arabia,SAU,SA,Asia,Northern Borders,Al Ḩudūd ash Shamālīyah,SA-08
Saudi Arabia,SAU,SA,Asia,Jizan,Jāzān,SA-09
Saudi Arabia,SAU,SA,Asia,Najran,Najrān,SA-10
Saudi Arabia,SAU,SA,Asia,Baha,Al Bāḩah,SA-11
Saudi Arabia,SAU,SA,Asia,Jouf,Al Jawf,SA-12
Saudi Arabia,SAU,SA,Asia,Asir,'Asīr,SA-14
Solomon Islands,SLB,SB,Oceania,Central,Central,SB-CE
Solomon Islands,SLB,SB,Oceania,Choiseul,Choiseul,SB-CH
Solomon Islands,SLB,SB,Oceania,Capital Territory (Honiara),Capital Territory (Honiara),SB-CT
Solomon Islands,SLB,SB,Oceania,Guadalcanal,Guadalcanal,SB-GU
Solomon Islands,SLB,SB,Oceania,Isabel,Isabel,SB-IS
Solomon Islands,SLB,SB,Oceania,Makira-Ulawa,Makira-Ulawa,SB-MK
Solomon Islands,SLB,SB,Oceania,Malaita,Malaita,SB-ML
Solomon Islands,SLB,SB,Oceania,Rennell and Bellona,Rennell and Bellona,SB-RB
Solomon Islands,SLB,SB,Oceania,Temotu,Temotu,SB-TE
Solomon Islands,SLB,SB,Oceania,Western,Western,SB-WE
Seychelles,SYC,SC,Indian Ocean,Anse aux Pins,Anse aux Pins,SC-01
Seychelles,SYC,SC,Indian Ocean,Anse Boileau,Anse Boileau,SC-02
Seychelles,SYC,SC,Indian Ocean,Anse Etoile,Anse Etoile,SC-03
Seychelles,SYC,SC,Indian Ocean,Au Cap,Au Cap,SC-04
Seychelles,SYC,SC,Indian Ocean,Anse Royale,Anse Royale,SC-05
Seychelles,SYC,SC,Indian Ocean,Baie Lazare,Baie Lazare,SC-06
Seychelles,SYC,SC,Indian Ocean,Baie Sainte Anne,Baie Sainte Anne,SC-07
Seychelles,SYC,SC,Indian Ocean,Beau Vallon,Beau Vallon,SC-08
Seychelles,SYC,SC,Indian Ocean,Bel Air,Bel Air,SC-09
Seychelles,SYC,SC,Indian Ocean,Bel Ombre,Bel Ombre,SC-10
Seychelles,SYC,SC,Indian Ocean,Cascade,Cascade,SC-11
Seychelles,SYC,SC,Indian Ocean,Glacis,Glacis,SC-12
Seychelles,SYC,SC,Indian Ocean,Grand Anse Mahe,Grand Anse Mahe,SC-13
Seychelles,SYC,SC,Indian Ocean,Grand Anse Praslin,Grand Anse Praslin,SC-14
Seychelles,SYC,SC,Indian Ocean,La Digue,La Digue,SC-15
Seychelles,SYC,SC,Indian Ocean,English River,English River,SC-16
Seychelles,SYC,SC,Indian Ocean,Mont Buxton,Mont Buxton,SC-17
Seychelles,SYC,SC,Indian Ocean,Mont Fleuri,Mont Fleuri,SC-18
Seychelles,SYC,SC,Indian Ocean,Plaisance,Plaisance,SC-19
Seychelles,SYC,SC,Indian Ocean,Pointe Larue,Pointe Larue,SC-20
Seychelles,SYC,SC,Indian Ocean,Port Glaud,Port Glaud,SC-21
Seychelles,SYC,SC,Indian Ocean,Saint Louis,Saint Louis,SC-22
Seychelles,SYC,SC,Indian Ocean,Takamaka,Takamaka,SC-23
Seychelles,SYC,SC,Indian Ocean,Les Mamelles,Les Mamelles,SC-24
Seychelles,SYC,SC,Indian Ocean,Roche Caiman,Roche Caiman,SC-25
Seychelles,SYC,SC,Indian Ocean,Ile Perseverance I,Ile Perseverance I,SC-26
Seychelles,SYC,SC,Indian Ocean,Ile Perseverance II,Ile Perseverance II,SC-27
Sudan,SDN,SD,Eastern Africa,Central Darfur(local variant: Zalingei),Wasaţ Dārfūr(local variant: Zālinjay),SD-DC
Sudan,SDN,SD,Eastern Africa,East Darfur,Sharq Dārfūr,SD-DE
Sudan,SDN,SD,Eastern Africa,North Darfur,Shamāl Dārfūr,SD-DN
Sudan,SDN,SD,Eastern Africa,South Darfur,Janūb Dārfūr,SD-DS
Sudan,SDN,SD,Eastern Africa,West Darfur,Gharb Dārfūr,SD-DW
Sudan,SDN,SD,Eastern Africa,Gedaref,Al Qaḑārif,SD-GD
Sudan,SDN,SD,Eastern Africa,West Kordofan,Gharb Kurdufān,SD-GK
Sudan,SDN,SD,Eastern Africa,Gezira,Al Jazīrah,SD-GZ
Sudan,SDN,SD,Eastern Africa,Kassala,Kassalā,SD-KA
Sudan,SDN,SD,Eastern Africa,Khartoum,Al Kharţūm,SD-KH
Sudan,SDN,SD,Eastern Africa,North Kordofan,Shamāl Kurdufān,SD-KN
Sudan,SDN,SD,Eastern Africa,South Kordofan,Janūb Kurdufān,SD-KS
Sudan,SDN,SD,Eastern Africa,Blue Nile,An Nīl al Azraq,SD-NB
Sudan,SDN,SD,Eastern Africa,Northern,Ash Shamālīyah,SD-NO
Sudan,SDN,SD,Eastern Africa,River Nile,Nahr an Nīl,SD-NR
Sudan,SDN,SD,Eastern Africa,White Nile,An Nīl al Abyaḑ,SD-NW
Sudan,SDN,SD,Eastern Africa,Red Sea,Al Baḩr al Aḩmar,SD-RS
Sudan,SDN,SD,Eastern Africa,Sennar,Sinnār,SD-SI
Sweden,SWE,SE,Northern Europe,Stockholm,Stockholms län,SE-AB
Sweden,SWE,SE,Northern Europe,Västerbotten,Västerbottens län,SE-AC
Sweden,SWE,SE,Northern Europe,Norrbotten,Norrbottens län,SE-BD
Sweden,SWE,SE,Northern Europe,Uppsala,Uppsala län,SE-C
Sweden,SWE,SE,Northern Europe,Södermanland,Södermanlands län,SE-D
Sweden,SWE,SE,Northern Europe,Östergötland,Östergötlands län,SE-E
Sweden,SWE,SE,Northern Europe,Jönköping,Jönköpings län,SE-F
Sweden,SWE,SE,Northern Europe,Kronoberg,Kronobergs län,SE-G
Sweden,SWE,SE,Northern Europe,Kalmar,Kalmar län,SE-H
Sweden,SWE,SE,Northern Europe,Gotland,Gotlands län,SE-I
Sweden,SWE,SE,Northern Europe,Blekinge,Blekinge län,SE-K
Sweden,SWE,SE,Northern Europe,Scania,Skåne län,SE-M
Sweden,SWE,SE,Northern Europe,Halland,Hallands län,SE-N
Sweden,SWE,SE,Northern Europe,Västra Götaland,Västra Götalands län,SE-O
Sweden,SWE,SE,Northern Europe,Värmland,Värmlands län,SE-S
Sweden,SWE,SE,Northern Europe,Örebro,Örebro län,SE-T
Sweden,SWE,SE,Northern Europe,Västmanland,Västmanlands län,SE-U
Sweden,SWE,SE,Northern Europe,Dalarna,Dalarnas län,SE-W
Sweden,SWE,SE,Northern Europe,Gävleborg,Gävleborgs län,SE-X
Sweden,SWE,SE,Northern Europe,Western Northland,Västernorrlands län,SE-Y
Sweden,SWE,SE,Northern Europe,Jämtland,Jämtlands län,SE-Z
Singapore,SGP,SG,South-Eastern Asia,Central Singapore,Central Singapore,SG-01
Singapore,SGP,SG,South-Eastern Asia,North East,North East,SG-02
Singapore,SGP,SG,South-Eastern Asia,North West,North West,SG-03
Singapore,SGP,SG,South-Eastern Asia,South East,South East,SG-04
Singapore,SGP,SG,South-Eastern Asia,South West,South West,SG-05
"Saint Helena, Ascension and Tristan da Cunha",SHN,SH,Western Africa,Ascension,Ascension,SH-AC
"Saint Helena, Ascension and Tristan da Cunha",SHN,SH,Western Africa,Saint Helena,Saint Helena,SH-HL
"Saint Helena, Ascension and Tristan da Cunha",SHN,SH,Western Africa,Tristan da Cunha,Tristan da Cunha,SH-TA
Slovenia,SVN,SI,Eastern Europe,Ajdovščina,Ajdovščina,SI-001
Slovenia,SVN,SI,Eastern Europe,Beltinci,Beltinci,SI-002
Slovenia,SVN,SI,Eastern Europe,Bled,Bled,SI-003
Slovenia,SVN,SI,Eastern Europe,Bohinj,Bohinj,SI-004
Slovenia,SVN,SI,Eastern Europe,Borovnica,Borovnica,SI-005
Slovenia,SVN,SI,Eastern Europe,Bovec,Bovec,SI-006
Slovenia,SVN,SI,Eastern Europe,Brda,Brda,SI-007
Slovenia,SVN,SI,Eastern Europe,Brezovica,Brezovica,SI-008
Slovenia,SVN,SI,Eastern Europe,Brežice,Brežice,SI-009
Slovenia,SVN,SI,Eastern Europe,Tišina,Tišina,SI-010
Slovenia,SVN,SI,Eastern Europe,Celje,Celje,SI-011
Slovenia,SVN,SI,Eastern Europe,Cerklje na Gorenjskem,Cerklje na Gorenjskem,SI-012
Slovenia,SVN,SI,Eastern Europe,Cerknica,Cerknica,SI-013
Slovenia,SVN,SI,Eastern Europe,Cerkno,Cerkno,SI-014
Slovenia,SVN,SI,Eastern Europe,Črenšovci,Črenšovci,SI-015
Slovenia,SVN,SI,Eastern Europe,Črna na Koroškem,Črna na Koroškem,SI-016
Slovenia,SVN,SI,Eastern Europe,Črnomelj,Črnomelj,SI-017
Slovenia,SVN,SI,Eastern Europe,Destrnik,Destrnik,SI-018
Slovenia,SVN,SI,Eastern Europe,Divača,Divača,SI-019
Slovenia,SVN,SI,Eastern Europe,Dobrepolje,Dobrepolje,SI-020
Slovenia,SVN,SI,Eastern Europe,Dobrova-Polhov Gradec,Dobrova-Polhov Gradec,SI-021
Slovenia,SVN,SI,Eastern Europe,Dol pri Ljubljani,Dol pri Ljubljani,SI-022
Slovenia,SVN,SI,Eastern Europe,Domžale,Domžale,SI-023
Slovenia,SVN,SI,Eastern Europe,Dornava,Dornava,SI-024
Slovenia,SVN,SI,Eastern Europe,Dravograd,Dravograd,SI-025
Slovenia,SVN,SI,Eastern Europe,Duplek,Duplek,SI-026
Slovenia,SVN,SI,Eastern Europe,Gorenja vas-Poljane,Gorenja vas-Poljane,SI-027
Slovenia,SVN,SI,Eastern Europe,Gorišnica,Gorišnica,SI-028
Slovenia,SVN,SI,Eastern Europe,Gornja Radgona,Gornja Radgona,SI-029
Slovenia,SVN,SI,Eastern Europe,Gornji Grad,Gornji Grad,SI-030
Slovenia,SVN,SI,Eastern Europe,Gornji Petrovci,Gornji Petrovci,SI-031
Slovenia,SVN,SI,Eastern Europe,Grosuplje,Grosuplje,SI-032
Slovenia,SVN,SI,Eastern Europe,Šalovci,Šalovci,SI-033
Slovenia,SVN,SI,Eastern Europe,Hrastnik,Hrastnik,SI-034
Slovenia,SVN,SI,Eastern Europe,Hrpelje-Kozina,Hrpelje-Kozina,SI-035
Slovenia,SVN,SI,Eastern Europe,Idrija,Idrija,SI-036
Slovenia,SVN,SI,Eastern Europe,Ig,Ig,SI-037
Slovenia,SVN,SI,Eastern Europe,Ilirska Bistrica,Ilirska Bistrica,SI-038
Slovenia,SVN,SI,Eastern Europe,Ivančna Gorica,Ivančna Gorica,SI-039
Slovenia,SVN,SI,Eastern Europe,Izola,Izola,SI-040
Slovenia,SVN,SI,Eastern Europe,Jesenice,Jesenice,SI-041
Slovenia,SVN,SI,Eastern Europe,Juršinci,Juršinci,SI-042
Slovenia,SVN,SI,Eastern Europe,Kamnik,Kamnik,SI-043
Slovenia,SVN,SI,Eastern Europe,Kanal ob Soči,Kanal ob Soči,SI-044
Slovenia,SVN,SI,Eastern Europe,Kidričevo,Kidričevo,SI-045
Slovenia,SVN,SI,Eastern Europe,Kobarid,Kobarid,SI-046
Slovenia,SVN,SI,Eastern Europe,Kobilje,Kobilje,SI-047
Slovenia,SVN,SI,Eastern Europe,Kočevje,Kočevje,SI-048
Slovenia,SVN,SI,Eastern Europe,Komen,Komen,SI-049
Slovenia,SVN,SI,Eastern Europe,Koper,Koper,SI-050
Slovenia,SVN,SI,Eastern Europe,Kozje,Kozje,SI-051
Slovenia,SVN,SI,Eastern Europe,Kranj,Kranj,SI-052
Slovenia,SVN,SI,Eastern Europe,Kranjska Gora,Kranjska Gora,SI-053
Slovenia,SVN,SI,Eastern Europe,Krško,Krško,SI-054
Slovenia,SVN,SI,Eastern Europe,Kungota,Kungota,SI-055
Slovenia,SVN,SI,Eastern Europe,Kuzma,Kuzma,SI-056
Slovenia,SVN,SI,Eastern Europe,Laško,Laško,SI-057
Slovenia,SVN,SI,Eastern Europe,Lenart,Lenart,SI-058
Slovenia,SVN,SI,Eastern Europe,Lendava,Lendava,SI-059
Slovenia,SVN,SI,Eastern Europe,Litija,Litija,SI-060
Slovenia,SVN,SI,Eastern Europe,Ljubljana,Ljubljana,SI-061
Slovenia,SVN,SI,Eastern Europe,Ljubno,Ljubno,SI-062
Slovenia,SVN,SI,Eastern Europe,Ljutomer,Ljutomer,SI-063
Slovenia,SVN,SI,Eastern Europe,Logatec,Logatec,SI-064
Slovenia,SVN,SI,Eastern Europe,Loška dolina,Loška dolina,SI-065
Slovenia,SVN,SI,Eastern Europe,Loški Potok,Loški Potok,SI-066
Slovenia,SVN,SI,Eastern Europe,Luče,Luče,SI-067
Slovenia,SVN,SI,Eastern Europe,Lukovica,Lukovica,SI-068
Slovenia,SVN,SI,Eastern Europe,Majšperk,Majšperk,SI-069
Slovenia,SVN,SI,Eastern Europe,Maribor,Maribor,SI-070
Slovenia,SVN,SI,Eastern Europe,Medvode,Medvode,SI-071
Slovenia,SVN,SI,Eastern Europe,Mengeš,Mengeš,SI-072
Slovenia,SVN,SI,Eastern Europe,Metlika,Metlika,SI-073
Slovenia,SVN,SI,Eastern Europe,Mežica,Mežica,SI-074
Slovenia,SVN,SI,Eastern Europe,Miren-Kostanjevica,Miren-Kostanjevica,SI-075
Slovenia,SVN,SI,Eastern Europe,Mislinja,Mislinja,SI-076
Slovenia,SVN,SI,Eastern Europe,Moravče,Moravče,SI-077
Slovenia,SVN,SI,Eastern Europe,Moravske Toplice,Moravske Toplice,SI-078
Slovenia,SVN,SI,Eastern Europe,Mozirje,Mozirje,SI-079
Slovenia,SVN,SI,Eastern Europe,Murska Sobota,Murska Sobota,SI-080
Slovenia,SVN,SI,Eastern Europe,Muta,Muta,SI-081
Slovenia,SVN,SI,Eastern Europe,Naklo,Naklo,SI-082
Slovenia,SVN,SI,Eastern Europe,Nazarje,Nazarje,SI-083
Slovenia,SVN,SI,Eastern Europe,Nova Gorica,Nova Gorica,SI-084
Slovenia,SVN,SI,Eastern Europe,Novo Mesto,Novo Mesto,SI-085
Slovenia,SVN,SI,Eastern Europe,Odranci,Odranci,SI-086
Slovenia,SVN,SI,Eastern Europe,Ormož,Ormož,SI-087
Slovenia,SVN,SI,Eastern Europe,Osilnica,Osilnica,SI-088
Slovenia,SVN,SI,Eastern Europe,Pesnica,Pesnica,SI-089
Slovenia,SVN,SI,Eastern Europe,Piran,Piran,SI-090
Slovenia,SVN,SI,Eastern Europe,Pivka,Pivka,SI-091
Slovenia,SVN,SI,Eastern Europe,Podčetrtek,Podčetrtek,SI-092
Slovenia,SVN,SI,Eastern Europe,Podvelka,Podvelka,SI-093
Slovenia,SVN,SI,Eastern Europe,Postojna,Postojna,SI-094
Slovenia,SVN,SI,Eastern Europe,Preddvor,Preddvor,SI-095
Slovenia,SVN,SI,Eastern Europe,Ptuj,Ptuj,SI-096
Slovenia,SVN,SI,Eastern Europe,Puconci,Puconci,SI-097
Slovenia,SVN,SI,Eastern Europe,Rače-Fram,Rače-Fram,SI-098
Slovenia,SVN,SI,Eastern Europe,Radeče,Radeče,SI-099
Slovenia,SVN,SI,Eastern Europe,Radenci,Radenci,SI-100
Slovenia,SVN,SI,Eastern Europe,Radlje ob Dravi,Radlje ob Dravi,SI-101
Slovenia,SVN,SI,Eastern Europe,Radovljica,Radovljica,SI-102
Slovenia,SVN,SI,Eastern Europe,Ravne na Koroškem,Ravne na Koroškem,SI-103
Slovenia,SVN,SI,Eastern Europe,Ribnica,Ribnica,SI-104
Slovenia,SVN,SI,Eastern Europe,Rogašovci,Rogašovci,SI-105
Slovenia,SVN,SI,Eastern Europe,Rogaška Slatina,Rogaška Slatina,SI-106
Slovenia,SVN,SI,Eastern Europe,Rogatec,Rogatec,SI-107
Slovenia,SVN,SI,Eastern Europe,Ruše,Ruše,SI-108
Slovenia,SVN,SI,Eastern Europe,Semič,Semič,SI-109
Slovenia,SVN,SI,Eastern Europe,Sevnica,Sevnica,SI-110
Slovenia,SVN,SI,Eastern Europe,Sežana,Sežana,SI-111
Slovenia,SVN,SI,Eastern Europe,Slovenj Gradec,Slovenj Gradec,SI-112
Slovenia,SVN,SI,Eastern Europe,Slovenska Bistrica,Slovenska Bistrica,SI-113
Slovenia,SVN,SI,Eastern Europe,Slovenske Konjice,Slovenske Konjice,SI-114
Slovenia,SVN,SI,Eastern Europe,Starše,Starše,SI-115
Slovenia,SVN,SI,Eastern Europe,Sveti Jurij ob Ščavnici,Sveti Jurij ob Ščavnici,SI-116
Slovenia,SVN,SI,Eastern Europe,Šenčur,Šenčur,SI-117
Slovenia,SVN,SI,Eastern Europe,Šentilj,Šentilj,SI-118
Slovenia,SVN,SI,Eastern Europe,Šentjernej,Šentjernej,SI-119
Slovenia,SVN,SI,Eastern Europe,Šentjur,Šentjur,SI-120
Slovenia,SVN,SI,Eastern Europe,Škocjan,Škocjan,SI-121
Slovenia,SVN,SI,Eastern Europe,Škofja Loka,Škofja Loka,SI-122
Slovenia,SVN,SI,Eastern Europe,Škofljica,Škofljica,SI-123
Slovenia,SVN,SI,Eastern Europe,Šmarje pri Jelšah,Šmarje pri Jelšah,SI-124
Slovenia,SVN,SI,Eastern Europe,Šmartno ob Paki,Šmartno ob Paki,SI-125
Slovenia,SVN,SI,Eastern Europe,Šoštanj,Šoštanj,SI-126
Slovenia,SVN,SI,Eastern Europe,Štore,Štore,SI-127
Slovenia,SVN,SI,Eastern Europe,Tolmin,Tolmin,SI-128
Slovenia,SVN,SI,Eastern Europe,Trbovlje,Trbovlje,SI-129
Slovenia,SVN,SI,Eastern Europe,Trebnje,Trebnje,SI-130
Slovenia,SVN,SI,Eastern Europe,Tržič,Tržič,SI-131
Slovenia,SVN,SI,Eastern Europe,Turnišče,Turnišče,SI-132
Slovenia,SVN,SI,Eastern Europe,Velenje,Velenje,SI-133
Slovenia,SVN,SI,Eastern Europe,Velike Lašče,Velike Lašče,SI-134
Slovenia,SVN,SI,Eastern Europe,Videm,Videm,SI-135
Slovenia,SVN,SI,Eastern Europe,Vipava,Vipava,SI-136
Slovenia,SVN,SI,Eastern Europe,Vitanje,Vitanje,SI-137
Slovenia,SVN,SI,Eastern Europe,Vodice,Vodice,SI-138
Slovenia,SVN,SI,Eastern Europe,Vojnik,Vojnik,SI-139
Slovenia,SVN,SI,Eastern Europe,Vrhnika,Vrhnika,SI-140
Slovenia,SVN,SI,Eastern Europe,Vuzenica,Vuzenica,SI-141
Slovenia,SVN,SI,Eastern Europe,Zagorje ob Savi,Zagorje ob Savi,SI-142
Slovenia,SVN,SI,Eastern Europe,Zavrč,Zavrč,SI-143
Slovenia,SVN,SI,Eastern Europe,Zreče,Zreče,SI-144
Slovenia,SVN,SI,Eastern Europe,Železniki,Železniki,SI-146
Slovenia,SVN,SI,Eastern Europe,Žiri,Žiri,SI-147
Slovenia,SVN,SI,Eastern Europe,Benedikt,Benedikt,SI-148
Slovenia,SVN,SI,Eastern Europe,Bistrica ob Sotli,Bistrica ob Sotli,SI-149
Slovenia,SVN,SI,Eastern Europe,Bloke,Bloke,SI-150
Slovenia,SVN,SI,Eastern Europe,Braslovče,Braslovče,SI-151
Slovenia,SVN,SI,Eastern Europe,Cankova,Cankova,SI-152
Slovenia,SVN,SI,Eastern Europe,Cerkvenjak,Cerkvenjak,SI-153
Slovenia,SVN,SI,Eastern Europe,Dobje,Dobje,SI-154
Slovenia,SVN,SI,Eastern Europe,Dobrna,Dobrna,SI-155
Slovenia,SVN,SI,Eastern Europe,Dobrovnik,Dobrovnik,SI-156
Slovenia,SVN,SI,Eastern Europe,Dolenjske Toplice,Dolenjske Toplice,SI-157
Slovenia,SVN,SI,Eastern Europe,Grad,Grad,SI-158
Slovenia,SVN,SI,Eastern Europe,Hajdina,Hajdina,SI-159
Slovenia,SVN,SI,Eastern Europe,Hoče-Slivnica,Hoče-Slivnica,SI-160
Slovenia,SVN,SI,Eastern Europe,Hodoš,Hodoš,SI-161
Slovenia,SVN,SI,Eastern Europe,Horjul,Horjul,SI-162
Slovenia,SVN,SI,Eastern Europe,Jezersko,Jezersko,SI-163
Slovenia,SVN,SI,Eastern Europe,Komenda,Komenda,SI-164
Slovenia,SVN,SI,Eastern Europe,Kostel,Kostel,SI-165
Slovenia,SVN,SI,Eastern Europe,Križevci,Križevci,SI-166
Slovenia,SVN,SI,Eastern Europe,Lovrenc na Pohorju,Lovrenc na Pohorju,SI-167
Slovenia,SVN,SI,Eastern Europe,Markovci,Markovci,SI-168
Slovenia,SVN,SI,Eastern Europe,Miklavž na Dravskem polju,Miklavž na Dravskem polju,SI-169
Slovenia,SVN,SI,Eastern Europe,Mirna Peč,Mirna Peč,SI-170
Slovenia,SVN,SI,Eastern Europe,Oplotnica,Oplotnica,SI-171
Slovenia,SVN,SI,Eastern Europe,Podlehnik,Podlehnik,SI-172
Slovenia,SVN,SI,Eastern Europe,Polzela,Polzela,SI-173
Slovenia,SVN,SI,Eastern Europe,Prebold,Prebold,SI-174
Slovenia,SVN,SI,Eastern Europe,Prevalje,Prevalje,SI-175
Slovenia,SVN,SI,Eastern Europe,Razkrižje,Razkrižje,SI-176
Slovenia,SVN,SI,Eastern Europe,Ribnica na Pohorju,Ribnica na Pohorju,SI-177
Slovenia,SVN,SI,Eastern Europe,Selnica ob Dravi,Selnica ob Dravi,SI-178
Slovenia,SVN,SI,Eastern Europe,Sodražica,Sodražica,SI-179
Slovenia,SVN,SI,Eastern Europe,Solčava,Solčava,SI-180
Slovenia,SVN,SI,Eastern Europe,Sveta Ana,Sveta Ana,SI-181
Slovenia,SVN,SI,Eastern Europe,Sveti Andraž v Slovenskih goricah,Sveti Andraž v Slovenskih goricah,SI-182
Slovenia,SVN,SI,Eastern Europe,Šempeter-Vrtojba,Šempeter-Vrtojba,SI-183
Slovenia,SVN,SI,Eastern Europe,Tabor,Tabor,SI-184
Slovenia,SVN,SI,Eastern Europe,Trnovska Vas,Trnovska Vas,SI-185
Slovenia,SVN,SI,Eastern Europe,Trzin,Trzin,SI-186
Slovenia,SVN,SI,Eastern Europe,Velika Polana,Velika Polana,SI-187
Slovenia,SVN,SI,Eastern Europe,Veržej,Veržej,SI-188
Slovenia,SVN,SI,Eastern Europe,Vransko,Vransko,SI-189
Slovenia,SVN,SI,Eastern Europe,Žalec,Žalec,SI-190
Slovenia,SVN,SI,Eastern Europe,Žetale,Žetale,SI-191
Slovenia,SVN,SI,Eastern Europe,Žirovnica,Žirovnica,SI-192
Slovenia,SVN,SI,Eastern Europe,Žužemberk,Žužemberk,SI-193
Slovenia,SVN,SI,Eastern Europe,Šmartno pri Litiji,Šmartno pri Litiji,SI-194
Slovenia,SVN,SI,Eastern Europe,Apače,Apače,SI-195
Slovenia,SVN,SI,Eastern Europe,Cirkulane,Cirkulane,SI-196
Slovenia,SVN,SI,Eastern Europe,Kostanjevica na Krki,Kostanjevica na Krki,SI-197
Slovenia,SVN,SI,Eastern Europe,Makole,Makole,SI-198
Slovenia,SVN,SI,Eastern Europe,Mokronog-Trebelno,Mokronog-Trebelno,SI-199
Slovenia,SVN,SI,Eastern Europe,Poljčane,Poljčane,SI-200
Slovenia,SVN,SI,Eastern Europe,Renče-Vogrsko,Renče-Vogrsko,SI-201
Slovenia,SVN,SI,Eastern Europe,Središče ob Dravi,Središče ob Dravi,SI-202
Slovenia,SVN,SI,Eastern Europe,Straža,Straža,SI-203
Slovenia,SVN,SI,Eastern Europe,Sveta Trojica v Slovenskih goricah,Sveta Trojica v Slovenskih goricah,SI-204
Slovenia,SVN,SI,Eastern Europe,Sveti Tomaž,Sveti Tomaž,SI-205
Slovenia,SVN,SI,Eastern Europe,Šmarješke Toplice,Šmarješke Toplice,SI-206
Slovenia,SVN,SI,Eastern Europe,Gorje,Gorje,SI-207
Slovenia,SVN,SI,Eastern Europe,Log-Dragomer,Log-Dragomer,SI-208
Slovenia,SVN,SI,Eastern Europe,Rečica ob Savinji,Rečica ob Savinji,SI-209
Slovenia,SVN,SI,Eastern Europe,Sveti Jurij v Slovenskih goricah,Sveti Jurij v Slovenskih goricah,SI-210
Slovenia,SVN,SI,Eastern Europe,Šentrupert,Šentrupert,SI-211
Slovenia,SVN,SI,Eastern Europe,Mirna,Mirna,SI-212
Slovenia,SVN,SI,Eastern Europe,Ankaran,Ankaran,SI-213
Slovakia,SVK,SK,Eastern Europe,Banská Bystrica,Banskobystrický kraj,SK-BC
Slovakia,SVK,SK,Eastern Europe,Bratislava,Bratislavský kraj,SK-BL
Slovakia,SVK,SK,Eastern Europe,Košice,Košický kraj,SK-KI
Slovakia,SVK,SK,Eastern Europe,Nitra,Nitriansky kraj,SK-NI
Slovakia,SVK,SK,Eastern Europe,Prešov,Prešovský kraj,SK-PV
Slovakia,SVK,SK,Eastern Europe,Trnava,Trnavský kraj,SK-TA
Slovakia,SVK,SK,Eastern Europe,Trenčín,Trenčiansky kraj,SK-TC
Slovakia,SVK,SK,Eastern Europe,Žilina,Žilinský kraj,SK-ZI
Sierra Leone,SLE,SL,Western Africa,Eastern,Eastern,SL-E
Sierra Leone,SLE,SL,Western Africa,Northern,Northern,SL-N
Sierra Leone,SLE,SL,Western Africa,North Western,North Western,SL-NW
Sierra Leone,SLE,SL,Western Africa,Southern,Southern,SL-S
Sierra Leone,SLE,SL,Western Africa,Western Area (Freetown),Western Area (Freetown),SL-W
Senegal,SEN,SN,Western Africa,Diourbel,Diourbel,SN-DB
Senegal,SEN,SN,Western Africa,Dakar,Dakar,SN-DK
Senegal,SEN,SN,Western Africa,Fatick,Fatick,SN-FK
Senegal,SEN,SN,Western Africa,Kaffrine,Kaffrine,SN-KA
Senegal,SEN,SN,Western Africa,Kolda,Kolda,SN-KD
Senegal,SEN,SN,Western Africa,Kédougou,Kédougou,SN-KE
Senegal,SEN,SN,Western Africa,Kaolack,Kaolack,SN-KL
Senegal,SEN,SN,Western Africa,Louga,Louga,SN-LG
Senegal,SEN,SN,Western Africa,Matam,Matam,SN-MT
Senegal,SEN,SN,Western Africa,Sédhiou,Sédhiou,SN-SE
Senegal,SEN,SN,Western Africa,Saint-Louis,Saint-Louis,SN-SL
Senegal,SEN,SN,Western Africa,Tambacounda,Tambacounda,SN-TC
Senegal,SEN,SN,Western Africa,Thiès,Thiès,SN-TH
Senegal,SEN,SN,Western Africa,Ziguinchor,Ziguinchor,SN-ZG
Somalia,SOM,SO,Eastern Africa,Awdal,Awdal,SO-AW
Somalia,SOM,SO,Eastern Africa,Bakool,Bakool,SO-BK
Somalia,SOM,SO,Eastern Africa,Banaadir,Banaadir,SO-BN
Somalia,SOM,SO,Eastern Africa,Bari,Bari,SO-BR
Somalia,SOM,SO,Eastern Africa,Bay,Bay,SO-BY
Somalia,SOM,SO,Eastern Africa,Galguduud,Galguduud,SO-GA
Somalia,SOM,SO,Eastern Africa,Gedo,Gedo,SO-GE
Somalia,SOM,SO,Eastern Africa,Hiiraan,Hiiraan,SO-HI
Somalia,SOM,SO,Eastern Africa,Middle Juba,Jubbada Dhexe,SO-JD
Somalia,SOM,SO,Eastern Africa,Lower Juba,Jubbada Hoose,SO-JH
Somalia,SOM,SO,Eastern Africa,Mudug,Mudug,SO-MU
Somalia,SOM,SO,Eastern Africa,Nugaal,Nugaal,SO-NU
Somalia,SOM,SO,Eastern Africa,Sanaag,Sanaag,SO-SA
Somalia,SOM,SO,Eastern Africa,Middle Shabelle,Shabeellaha Dhexe,SO-SD
Somalia,SOM,SO,Eastern Africa,Lower Shabelle,Shabeellaha Hoose,SO-SH
Somalia,SOM,SO,Eastern Africa,Sool,Sool,SO-SO
Somalia,SOM,SO,Eastern Africa,Togdheer,Togdheer,SO-TO
Somalia,SOM,SO,Eastern Africa,Northwest,Woqooyi Galbeed,SO-WO
Suriname,SUR,SR,South America,Brokopondo,Brokopondo,SR-BR
Suriname,SUR,SR,South America,Commewijne,Commewijne,SR-CM
Suriname,SUR,SR,South America,Coronie,Coronie,SR-CR
Suriname,SUR,SR,South America,Marowijne,Marowijne,SR-MA
Suriname,SUR,SR,South America,Nickerie,Nickerie,SR-NI
Suriname,SUR,SR,South America,Paramaribo,Paramaribo,SR-PM
Suriname,SUR,SR,South America,Para,Para,SR-PR
Suriname,SUR,SR,South America,Saramacca,Saramacca,SR-SA
Suriname,SUR,SR,South America,Sipaliwini,Sipaliwini,SR-SI
Suriname,SUR,SR,South America,Wanica,Wanica,SR-WA
South Sudan,SSD,SS,Eastern Africa,Northern Bahr el Ghazal,Northern Bahr el Ghazal,SS-BN
South Sudan,SSD,SS,Eastern Africa,Western Bahr el Ghazal,Western Bahr el Ghazal,SS-BW
South Sudan,SSD,SS,Eastern Africa,Central Equatoria,Central Equatoria,SS-EC
South Sudan,SSD,SS,Eastern Africa,Eastern Equatoria,Eastern Equatoria,SS-EE
South Sudan,SSD,SS,Eastern Africa,Western Equatoria,Western Equatoria,SS-EW
South Sudan,SSD,SS,Eastern Africa,Jonglei,Jonglei,SS-JG
South Sudan,SSD,SS,Eastern Africa,Lakes,Lakes,SS-LK
South Sudan,SSD,SS,Eastern Africa,Upper Nile,Upper Nile,SS-NU
South Sudan,SSD,SS,Eastern Africa,Unity,Unity,SS-UY
South Sudan,SSD,SS,Eastern Africa,Warrap,Warrap,SS-WR
Sao Tome and Principe,STP,ST,Central Africa,Água Grande,Água Grande,ST-01
Sao Tome and Principe,STP,ST,Central Africa,Cantagalo,Cantagalo,ST-02
Sao Tome and Principe,STP,ST,Central Africa,Caué,Caué,ST-03
Sao Tome and Principe,STP,ST,Central Africa,Lembá,Lembá,ST-04
Sao Tome and Principe,STP,ST,Central Africa,Lobata,Lobata,ST-05
Sao Tome and Principe,STP,ST,Central Africa,Mé-Zóchi,Mé-Zóchi,ST-06
Sao Tome and Principe,STP,ST,Central Africa,Príncipe,Príncipe,ST-P
El Salvador,SLV,SV,Central America,Ahuachapán,Ahuachapán,SV-AH
El Salvador,SLV,SV,Central America,Cabañas,Cabañas,SV-CA
El Salvador,SLV,SV,Central America,Chalatenango,Chalatenango,SV-CH
El Salvador,SLV,SV,Central America,Cuscatlán,Cuscatlán,SV-CU
El Salvador,SLV,SV,Central America,La Libertad,La Libertad,SV-LI
El Salvador,SLV,SV,Central America,Morazán,Morazán,SV-MO
El Salvador,SLV,SV,Central America,La Paz,La Paz,SV-PA
El Salvador,SLV,SV,Central America,Santa Ana,Santa Ana,SV-SA
El Salvador,SLV,SV,Central America,San Miguel,San Miguel,SV-SM
El Salvador,SLV,SV,Central America,Sonsonate,Sonsonate,SV-SO
El Salvador,SLV,SV,Central America,San Salvador,San Salvador,SV-SS
El Salvador,SLV,SV,Central America,San Vicente,San Vicente,SV-SV
El Salvador,SLV,SV,Central America,La Unión,La Unión,SV-UN
El Salvador,SLV,SV,Central America,Usulután,Usulután,SV-US
Syrian Arab Republic,SYR,SY,Asia,Damascus,Dimashq,SY-DI
Syrian Arab Republic,SYR,SY,Asia,Daraa,Dar'ā,SY-DR
Syrian Arab Republic,SYR,SY,Asia,Deir Ezzor,Dayr az Zawr,SY-DY
Syrian Arab Republic,SYR,SY,Asia,Hasaka,Al Ḩasakah,SY-HA
Syrian Arab Republic,SYR,SY,Asia,Homs,Ḩimş,SY-HI
Syrian Arab Republic,SYR,SY,Asia,Aleppo,Ḩalab,SY-HL
Syrian Arab Republic,SYR,SY,Asia,Hama,Ḩamāh,SY-HM
Syrian Arab Republic,SYR,SY,Asia,Idlib,Idlib,SY-ID
Syrian Arab Republic,SYR,SY,Asia,Latakia,Al Lādhiqīyah,SY-LA
Syrian Arab Republic,SYR,SY,Asia,Quneitra,Al Qunayţirah,SY-QU
Syrian Arab Republic,SYR,SY,Asia,Raqqa,Ar Raqqah,SY-RA
Syrian Arab Republic,SYR,SY,Asia,Damascus Countryside,Rīf Dimashq,SY-RD
Syrian Arab Republic,SYR,SY,Asia,Suwayda,As Suwaydā',SY-SU
Syrian Arab Republic,SYR,SY,Asia,Tartus,Ţarţūs,SY-TA
Eswatini,SWZ,SZ,Southern Africa,Hhohho,Hhohho,SZ-HH
Eswatini,SWZ,SZ,Southern Africa,Lubombo,Lubombo,SZ-LU
Eswatini,SWZ,SZ,Southern Africa,Manzini,Manzini,SZ-MA
Eswatini,SWZ,SZ,Southern Africa,Shiselweni,Shiselweni,SZ-SH
Chad,TCD,TD,Central Africa,Batha,Al Baţḩā’,TD-BA
Chad,TCD,TD,Central Africa,Bahr El Gazal,Baḩr al Ghazāl,TD-BG
Chad,TCD,TD,Central Africa,Borkou,Būrkū,TD-BO
Chad,TCD,TD,Central Africa,Chari-Baguirmi,Shārī Bāqirmī,TD-CB
Chad,TCD,TD,Central Africa,East Ennedi,Inīdī ash Sharqī,TD-EE
Chad,TCD,TD,Central Africa,West Ennedi,Inīdī al Gharbī,TD-EO
Chad,TCD,TD,Central Africa,Guera,Qīrā,TD-GR
Chad,TCD,TD,Central Africa,Hadjer Lamis,Ḩajjar Lamīs,TD-HL
Chad,TCD,TD,Central Africa,Kanem,Kānim,TD-KA
Chad,TCD,TD,Central Africa,Lake,Al Buḩayrah,TD-LC
Chad,TCD,TD,Central Africa,Western Logone,Lūghūn al Gharbī,TD-LO
Chad,TCD,TD,Central Africa,Eastern Logone,Lūghūn ash Sharqī,TD-LR
Chad,TCD,TD,Central Africa,Mandoul,Māndūl,TD-MA
Chad,TCD,TD,Central Africa,Middle Chari,Shārī al Awsaţ,TD-MC
Chad,TCD,TD,Central Africa,East Mayo-Kebbi,Māyū Kībbī ash Sharqī,TD-ME
Chad,TCD,TD,Central Africa,West Mayo-Kebbi,Māyū Kībbī al Gharbī,TD-MO
Chad,TCD,TD,Central Africa,N'Djamena City,Madīnat Injamīnā,TD-ND
Chad,TCD,TD,Central Africa,Wadai,Waddāy,TD-OD
Chad,TCD,TD,Central Africa,Salamat,Salāmāt,TD-SA
Chad,TCD,TD,Central Africa,Sila,Sīlā,TD-SI
Chad,TCD,TD,Central Africa,Tandjile,Tānjīlī,TD-TA
Chad,TCD,TD,Central Africa,Tibesti,Tibastī,TD-TI
Chad,TCD,TD,Central Africa,Wadi Fira,Wādī Fīrā’,TD-WF
Togo,TGO,TG,Western Africa,Central,Centrale,TG-C
Togo,TGO,TG,Western Africa,Kara,Kara,TG-K
Togo,TGO,TG,Western Africa,Maritime,Maritime (Région),TG-M
Togo,TGO,TG,Western Africa,Plateaus,Plateaux,TG-P
Togo,TGO,TG,Western Africa,Savannahs,Savanes,TG-S
Thailand,THA,TH,South-Eastern Asia,Krung Thep Maha Nakhon(local variant: Bangkok),Krung Thep Maha Nakhon(local variant: Bangkok),TH-10
Thailand,THA,TH,South-Eastern Asia,Samut Prakan,Samut Prakan,TH-11
Thailand,THA,TH,South-Eastern Asia,Nonthaburi,Nonthaburi,TH-12
Thailand,THA,TH,South-Eastern Asia,Pathum Thani,Pathum Thani,TH-13
Thailand,THA,TH,South-Eastern Asia,Phra Nakhon Si Ayutthaya,Phra Nakhon Si Ayutthaya,TH-14
Thailand,THA,TH,South-Eastern Asia,Ang Thong,Ang Thong,TH-15
Thailand,THA,TH,South-Eastern Asia,Lop Buri,Lop Buri,TH-16
Thailand,THA,TH,South-Eastern Asia,Sing Buri,Sing Buri,TH-17
Thailand,THA,TH,South-Eastern Asia,Chai Nat,Chai Nat,TH-18
Thailand,THA,TH,South-Eastern Asia,Saraburi,Saraburi,TH-19
Thailand,THA,TH,South-Eastern Asia,Chon Buri,Chon Buri,TH-20
Thailand,THA,TH,South-Eastern Asia,Rayong,Rayong,TH-21
Thailand,THA,TH,South-Eastern Asia,Chanthaburi,Chanthaburi,TH-22
Thailand,THA,TH,South-Eastern Asia,Trat,Trat,TH-23
Thailand,THA,TH,South-Eastern Asia,Chachoengsao,Chachoengsao,TH-24
Thailand,THA,TH,South-Eastern Asia,Prachin Buri,Prachin Buri,TH-25
Thailand,THA,TH,South-Eastern Asia,Nakhon Nayok,Nakhon Nayok,TH-26
Thailand,THA,TH,South-Eastern Asia,Sa Kaeo,Sa Kaeo,TH-27
Thailand,THA,TH,South-Eastern Asia,Nakhon Ratchasima,Nakhon Ratchasima,TH-30
Thailand,THA,TH,South-Eastern Asia,Buri Ram,Buri Ram,TH-31
Thailand,THA,TH,South-Eastern Asia,Surin,Surin,TH-32
Thailand,THA,TH,South-Eastern Asia,Si Sa Ket,Si Sa Ket,TH-33
Thailand,THA,TH,South-Eastern Asia,Ubon Ratchathani,Ubon Ratchathani,TH-34
Thailand,THA,TH,South-Eastern Asia,Yasothon,Yasothon,TH-35
Thailand,THA,TH,South-Eastern Asia,Chaiyaphum,Chaiyaphum,TH-36
Thailand,THA,TH,South-Eastern Asia,Amnat Charoen,Amnat Charoen,TH-37
Thailand,THA,TH,South-Eastern Asia,Bueng Kan,Bueng Kan,TH-38
Thailand,THA,TH,South-Eastern Asia,Nong Bua Lam Phu,Nong Bua Lam Phu,TH-39
Thailand,THA,TH,South-Eastern Asia,Khon Kaen,Khon Kaen,TH-40
Thailand,THA,TH,South-Eastern Asia,Udon Thani,Udon Thani,TH-41
Thailand,THA,TH,South-Eastern Asia,Loei,Loei,TH-42
Thailand,THA,TH,South-Eastern Asia,Nong Khai,Nong Khai,TH-43
Thailand,THA,TH,South-Eastern Asia,Maha Sarakham,Maha Sarakham,TH-44
Thailand,THA,TH,South-Eastern Asia,Roi Et,Roi Et,TH-45
Thailand,THA,TH,South-Eastern Asia,Kalasin,Kalasin,TH-46
Thailand,THA,TH,South-Eastern Asia,Sakon Nakhon,Sakon Nakhon,TH-47
Thailand,THA,TH,South-Eastern Asia,Nakhon Phanom,Nakhon Phanom,TH-48
Thailand,THA,TH,South-Eastern Asia,Mukdahan,Mukdahan,TH-49
Thailand,THA,TH,South-Eastern Asia,Chiang Mai,Chiang Mai,TH-50
Thailand,THA,TH,South-Eastern Asia,Lamphun,Lamphun,TH-51
Thailand,THA,TH,South-Eastern Asia,Lampang,Lampang,TH-52
Thailand,THA,TH,South-Eastern Asia,Uttaradit,Uttaradit,TH-53
Thailand,THA,TH,South-Eastern Asia,Phrae,Phrae,TH-54
Thailand,THA,TH,South-Eastern Asia,Nan,Nan,TH-55
Thailand,THA,TH,South-Eastern Asia,Phayao,Phayao,TH-56
Thailand,THA,TH,South-Eastern Asia,Chiang Rai,Chiang Rai,TH-57
Thailand,THA,TH,South-Eastern Asia,Mae Hong Son,Mae Hong Son,TH-58
Thailand,THA,TH,South-Eastern Asia,Nakhon Sawan,Nakhon Sawan,TH-60
Thailand,THA,TH,South-Eastern Asia,Uthai Thani,Uthai Thani,TH-61
Thailand,THA,TH,South-Eastern Asia,Kamphaeng Phet,Kamphaeng Phet,TH-62
Thailand,THA,TH,South-Eastern Asia,Tak,Tak,TH-63
Thailand,THA,TH,South-Eastern Asia,Sukhothai,Sukhothai,TH-64
Thailand,THA,TH,South-Eastern Asia,Phitsanulok,Phitsanulok,TH-65
Thailand,THA,TH,South-Eastern Asia,Phichit,Phichit,TH-66
Thailand,THA,TH,South-Eastern Asia,Phetchabun,Phetchabun,TH-67
Thailand,THA,TH,South-Eastern Asia,Ratchaburi,Ratchaburi,TH-70
Thailand,THA,TH,South-Eastern Asia,Kanchanaburi,Kanchanaburi,TH-71
Thailand,THA,TH,South-Eastern Asia,Suphan Buri,Suphan Buri,TH-72
Thailand,THA,TH,South-Eastern Asia,Nakhon Pathom,Nakhon Pathom,TH-73
Thailand,THA,TH,South-Eastern Asia,Samut Sakhon,Samut Sakhon,TH-74
Thailand,THA,TH,South-Eastern Asia,Samut Songkhram,Samut Songkhram,TH-75
Thailand,THA,TH,South-Eastern Asia,Phetchaburi,Phetchaburi,TH-76
Thailand,THA,TH,South-Eastern Asia,Prachuap Khiri Khan,Prachuap Khiri Khan,TH-77
Thailand,THA,TH,South-Eastern Asia,Nakhon Si Thammarat,Nakhon Si Thammarat,TH-80
Thailand,THA,TH,South-Eastern Asia,Krabi,Krabi,TH-81
Thailand,THA,TH,South-Eastern Asia,Phangnga,Phangnga,TH-82
Thailand,THA,TH,South-Eastern Asia,Phuket,Phuket,TH-83
Thailand,THA,TH,South-Eastern Asia,Surat Thani,Surat Thani,TH-84
Thailand,THA,TH,South-Eastern Asia,Ranong,Ranong,TH-85
Thailand,THA,TH,South-Eastern Asia,Chumphon,Chumphon,TH-86
Thailand,THA,TH,South-Eastern Asia,Songkhla,Songkhla,TH-90
Thailand,THA,TH,South-Eastern Asia,Satun,Satun,TH-91
Thailand,THA,TH,South-Eastern Asia,Trang,Trang,TH-92
Thailand,THA,TH,South-Eastern Asia,Phatthalung,Phatthalung,TH-93
Thailand,THA,TH,South-Eastern Asia,Pattani,Pattani,TH-94
Thailand,THA,TH,South-Eastern Asia,Yala,Yala,TH-95
Thailand,THA,TH,South-Eastern Asia,Narathiwat,Narathiwat,TH-96
Thailand,THA,TH,South-Eastern Asia,Phatthaya,Phatthaya,TH-S
Tajikistan,TJK,TJ,Central Asia,Dushanbe,Dushanbe,TJ-DU
Tajikistan,TJK,TJ,Central Asia,Gorno-Badakhshan,Kŭhistoni Badakhshon,TJ-GB
Tajikistan,TJK,TJ,Central Asia,Khatlon,Khatlon,TJ-KT
Tajikistan,TJK,TJ,Central Asia,districts under government jurisdiction,nohiyahoi tobei jumhurí,TJ-RA
Tajikistan,TJK,TJ,Central Asia,Sughd,Sughd,TJ-SU
Timor-Leste,TLS,TL,South-Eastern Asia,Aileu,Aileu,TL-AL
Timor-Leste,TLS,TL,South-Eastern Asia,Ainaro,Ainaro,TL-AN
Timor-Leste,TLS,TL,South-Eastern Asia,Baucau,Baucau,TL-BA
Timor-Leste,TLS,TL,South-Eastern Asia,Bobonaro,Bobonaro,TL-BO
Timor-Leste,TLS,TL,South-Eastern Asia,Cova Lima,Cova Lima,TL-CO
Timor-Leste,TLS,TL,South-Eastern Asia,Díli,Díli,TL-DI
Timor-Leste,TLS,TL,South-Eastern Asia,Ermera,Ermera,TL-ER
Timor-Leste,TLS,TL,South-Eastern Asia,Lautém,Lautém,TL-LA
Timor-Leste,TLS,TL,South-Eastern Asia,Liquiça,Liquiça,TL-LI
Timor-Leste,TLS,TL,South-Eastern Asia,Manufahi,Manufahi,TL-MF
Timor-Leste,TLS,TL,South-Eastern Asia,Manatuto,Manatuto,TL-MT
Timor-Leste,TLS,TL,South-Eastern Asia,Oé-Cusse Ambeno(local variant is Oecussi),Oé-Cusse Ambeno(local variant is Oecussi),TL-OE
Timor-Leste,TLS,TL,South-Eastern Asia,Viqueque,Viqueque,TL-VI
Turkmenistan,TKM,TM,Central Asia,Ahal,Ahal,TM-A
Turkmenistan,TKM,TM,Central Asia,Balkan,Balkan,TM-B
Turkmenistan,TKM,TM,Central Asia,Dashoguz,Daşoguz,TM-D
Turkmenistan,TKM,TM,Central Asia,Lebap,Lebap,TM-L
Turkmenistan,TKM,TM,Central Asia,Mary,Mary,TM-M
Turkmenistan,TKM,TM,Central Asia,Ashgabat,Aşgabat,TM-S
Tunisia,TUN,TN,Northern Africa,Tunis,Tunis,TN-11
Tunisia,TUN,TN,Northern Africa,L'Ariana,L'Ariana,TN-12
Tunisia,TUN,TN,Northern Africa,Ben Arous,Ben Arous,TN-13
Tunisia,TUN,TN,Northern Africa,La Manouba,La Manouba,TN-14
Tunisia,TUN,TN,Northern Africa,Nabeul,Nabeul,TN-21
Tunisia,TUN,TN,Northern Africa,Zaghouan,Zaghouan,TN-22
Tunisia,TUN,TN,Northern Africa,Bizerte,Bizerte,TN-23
Tunisia,TUN,TN,Northern Africa,Béja,Béja,TN-31
Tunisia,TUN,TN,Northern Africa,Jendouba,Jendouba,TN-32
Tunisia,TUN,TN,Northern Africa,Le Kef,Le Kef,TN-33
Tunisia,TUN,TN,Northern Africa,Siliana,Siliana,TN-34
Tunisia,TUN,TN,Northern Africa,Kairouan,Kairouan,TN-41
Tunisia,TUN,TN,Northern Africa,Kasserine,Kasserine,TN-42
Tunisia,TUN,TN,Northern Africa,Sidi Bouzid,Sidi Bouzid,TN-43
Tunisia,TUN,TN,Northern Africa,Sousse,Sousse,TN-51
Tunisia,TUN,TN,Northern Africa,Monastir,Monastir,TN-52
Tunisia,TUN,TN,Northern Africa,Mahdia,Mahdia,TN-53
Tunisia,TUN,TN,Northern Africa,Sfax,Sfax,TN-61
Tunisia,TUN,TN,Northern Africa,Gafsa,Gafsa,TN-71
Tunisia,TUN,TN,Northern Africa,Tozeur,Tozeur,TN-72
Tunisia,TUN,TN,Northern Africa,Kébili,Kébili,TN-73
Tunisia,TUN,TN,Northern Africa,Gabès,Gabès,TN-81
Tunisia,TUN,TN,Northern Africa,Médenine,Médenine,TN-82
Tunisia,TUN,TN,Northern Africa,Tataouine,Tataouine,TN-83
Tonga,TON,TO,Oceania,'Eua,'Eua,TO-01
Tonga,TON,TO,Oceania,Ha'apai,Ha'apai,TO-02
Tonga,TON,TO,Oceania,Niuas,Niuas,TO-03
Tonga,TON,TO,Oceania,Tongatapu,Tongatapu,TO-04
Tonga,TON,TO,Oceania,Vava'u,Vava'u,TO-05
Turkey,TUR,TR,Asia,Adana,Adana,TR-01
Turkey,TUR,TR,Asia,Adıyaman,Adıyaman,TR-02
Turkey,TUR,TR,Asia,Afyonkarahisar,Afyonkarahisar,TR-03
Turkey,TUR,TR,Asia,Ağrı,Ağrı,TR-04
Turkey,TUR,TR,Asia,Amasya,Amasya,TR-05
Turkey,TUR,TR,Asia,Ankara,Ankara,TR-06
Turkey,TUR,TR,Asia,Antalya,Antalya,TR-07
Turkey,TUR,TR,Asia,Artvin,Artvin,TR-08
Turkey,TUR,TR,Asia,Aydın,Aydın,TR-09
Turkey,TUR,TR,Asia,Balıkesir,Balıkesir,TR-10
Turkey,TUR,TR,Asia,Bilecik,Bilecik,TR-11
Turkey,TUR,TR,Asia,Bingöl,Bingöl,TR-12
Turkey,TUR,TR,Asia,Bitlis,Bitlis,TR-13
Turkey,TUR,TR,Asia,Bolu,Bolu,TR-14
Turkey,TUR,TR,Asia,Burdur,Burdur,TR-15
Turkey,TUR,TR,Asia,Bursa,Bursa,TR-16
Turkey,TUR,TR,Asia,Çanakkale,Çanakkale,TR-17
Turkey,TUR,TR,Asia,Çankırı,Çankırı,TR-18
Turkey,TUR,TR,Asia,Çorum,Çorum,TR-19
Turkey,TUR,TR,Asia,Denizli,Denizli,TR-20
Turkey,TUR,TR,Asia,Diyarbakır,Diyarbakır,TR-21
Turkey,TUR,TR,Asia,Edirne,Edirne,TR-22
Turkey,TUR,TR,Asia,Elazığ,Elazığ,TR-23
Turkey,TUR,TR,Asia,Erzincan,Erzincan,TR-24
Turkey,TUR,TR,Asia,Erzurum,Erzurum,TR-25
Turkey,TUR,TR,Asia,Eskişehir,Eskişehir,TR-26
Turkey,TUR,TR,Asia,Gaziantep,Gaziantep,TR-27
Turkey,TUR,TR,Asia,Giresun,Giresun,TR-28
Turkey,TUR,TR,Asia,Gümüşhane,Gümüşhane,TR-29
Turkey,TUR,TR,Asia,Hakkâri,Hakkâri,TR-30
Turkey,TUR,TR,Asia,Hatay,Hatay,TR-31
Turkey,TUR,TR,Asia,Isparta,Isparta,TR-32
Turkey,TUR,TR,Asia,Mersin,Mersin,TR-33
Turkey,TUR,TR,Asia,İstanbul,İstanbul,TR-34
Turkey,TUR,TR,Asia,İzmir,İzmir,TR-35
Turkey,TUR,TR,Asia,Kars,Kars,TR-36
Turkey,TUR,TR,Asia,Kastamonu,Kastamonu,TR-37
Turkey,TUR,TR,Asia,Kayseri,Kayseri,TR-38
Turkey,TUR,TR,Asia,Kırklareli,Kırklareli,TR-39
Turkey,TUR,TR,Asia,Kırşehir,Kırşehir,TR-40
Turkey,TUR,TR,Asia,Kocaeli,Kocaeli,TR-41
Turkey,TUR,TR,Asia,Konya,Konya,TR-42
Turkey,TUR,TR,Asia,Kütahya,Kütahya,TR-43
Turkey,TUR,TR,Asia,Malatya,Malatya,TR-44
Turkey,TUR,TR,Asia,Manisa,Manisa,TR-45
Turkey,TUR,TR,Asia,Kahramanmaraş,Kahramanmaraş,TR-46
Turkey,TUR,TR,Asia,Mardin,Mardin,TR-47
Turkey,TUR,TR,Asia,Muğla,Muğla,TR-48
Turkey,TUR,TR,Asia,Muş,Muş,TR-49
Turkey,TUR,TR,Asia,Nevşehir,Nevşehir,TR-50
Turkey,TUR,TR,Asia,Niğde,Niğde,TR-51
Turkey,TUR,TR,Asia,Ordu,Ordu,TR-52
Turkey,TUR,TR,Asia,Rize,Rize,TR-53
Turkey,TUR,TR,Asia,Sakarya,Sakarya,TR-54
Turkey,TUR,TR,Asia,Samsun,Samsun,TR-55
Turkey,TUR,TR,Asia,Siirt,Siirt,TR-56
Turkey,TUR,TR,Asia,Sinop,Sinop,TR-57
Turkey,TUR,TR,Asia,Sivas,Sivas,TR-58
Turkey,TUR,TR,Asia,Tekirdağ,Tekirdağ,TR-59
Turkey,TUR,TR,Asia,Tokat,Tokat,TR-60
Turkey,TUR,TR,Asia,Trabzon,Trabzon,TR-61
Turkey,TUR,TR,Asia,Tunceli,Tunceli,TR-62
Turkey,TUR,TR,Asia,Şanlıurfa,Şanlıurfa,TR-63
Turkey,TUR,TR,Asia,Uşak,Uşak,TR-64
Turkey,TUR,TR,Asia,Van,Van,TR-65
Turkey,TUR,TR,Asia,Yozgat,Yozgat,TR-66
Turkey,TUR,TR,Asia,Zonguldak,Zonguldak,TR-67
Turkey,TUR,TR,Asia,Aksaray,Aksaray,TR-68
Turkey,TUR,TR,Asia,Bayburt,Bayburt,TR-69
Turkey,TUR,TR,Asia,Karaman,Karaman,TR-70
Turkey,TUR,TR,Asia,Kırıkkale,Kırıkkale,TR-71
Turkey,TUR,TR,Asia,Batman,Batman,TR-72
Turkey,TUR,TR,Asia,Şırnak,Şırnak,TR-73
Turkey,TUR,TR,Asia,Bartın,Bartın,TR-74
Turkey,TUR,TR,Asia,Ardahan,Ardahan,TR-75
Turkey,TUR,TR,Asia,Iğdır,Iğdır,TR-76
Turkey,TUR,TR,Asia,Yalova,Yalova,TR-77
Turkey,TUR,TR,Asia,Karabük,Karabük,TR-78
Turkey,TUR,TR,Asia,Kilis,Kilis,TR-79
Turkey,TUR,TR,Asia,Osmaniye,Osmaniye,TR-80
Turkey,TUR,TR,Asia,Düzce,Düzce,TR-81
Trinidad and Tobago,TTO,TT,Central America,Arima,Arima,TT-ARI
Trinidad and Tobago,TTO,TT,Central America,Chaguanas,Chaguanas,TT-CHA
Trinidad and Tobago,TTO,TT,Central America,Couva-Tabaquite-Talparo,Couva-Tabaquite-Talparo,TT-CTT
Trinidad and Tobago,TTO,TT,Central America,Diego Martin,Diego Martin,TT-DMN
Trinidad and Tobago,TTO,TT,Central America,Mayaro-Rio Claro,Mayaro-Rio Claro,TT-MRC
Trinidad and Tobago,TTO,TT,Central America,Penal-Debe,Penal-Debe,TT-PED
Trinidad and Tobago,TTO,TT,Central America,Port of Spain,Port of Spain,TT-POS
Trinidad and Tobago,TTO,TT,Central America,Princes Town,Princes Town,TT-PRT
Trinidad and Tobago,TTO,TT,Central America,Point Fortin,Point Fortin,TT-PTF
Trinidad and Tobago,TTO,TT,Central America,San Fernando,San Fernando,TT-SFO
Trinidad and Tobago,TTO,TT,Central America,Sangre Grande,Sangre Grande,TT-SGE
Trinidad and Tobago,TTO,TT,Central America,Siparia,Siparia,TT-SIP
Trinidad and Tobago,TTO,TT,Central America,San Juan-Laventille,San Juan-Laventille,TT-SJL
Trinidad and Tobago,TTO,TT,Central America,Tobago,Tobago,TT-TOB
Trinidad and Tobago,TTO,TT,Central America,Tunapuna-Piarco,Tunapuna-Piarco,TT-TUP
Tuvalu,TUV,TV,Oceania,Funafuti,Funafuti,TV-FUN
Tuvalu,TUV,TV,Oceania,Niutao,Niutao,TV-NIT
Tuvalu,TUV,TV,Oceania,Nukufetau,Nukufetau,TV-NKF
Tuvalu,TUV,TV,Oceania,Nukulaelae,Nukulaelae,TV-NKL
Tuvalu,TUV,TV,Oceania,Nanumea,Nanumea,TV-NMA
Tuvalu,TUV,TV,Oceania,Nanumaga,Nanumaga,TV-NMG
Tuvalu,TUV,TV,Oceania,Nui,Nui,TV-NUI
Tuvalu,TUV,TV,Oceania,Vaitupu,Vaitupu,TV-VAI
"Taiwan, Province of China",TWN,TW,Eastern Asia,Changhua,Changhua,TW-CHA
"Taiwan, Province of China",TWN,TW,Eastern Asia,Chiayi,Chiayi,TW-CYI
"Taiwan, Province of China",TWN,TW,Eastern Asia,Chiayi,Chiayi,TW-CYQ
"Taiwan, Province of China",TWN,TW,Eastern Asia,Hsinchu,Hsinchu,TW-HSQ
"Taiwan, Province of China",TWN,TW,Eastern Asia,Hsinchu,Hsinchu,TW-HSZ
"Taiwan, Province of China",TWN,TW,Eastern Asia,Hualien,Hualien,TW-HUA
"Taiwan, Province of China",TWN,TW,Eastern Asia,Yilan,Yilan,TW-ILA
"Taiwan, Province of China",TWN,TW,Eastern Asia,Keelung,Keelung,TW-KEE
"Taiwan, Province of China",TWN,TW,Eastern Asia,Kaohsiung,Kaohsiung,TW-KHH
"Taiwan, Province of China",TWN,TW,Eastern Asia,Kinmen,Kinmen,TW-KIN
"Taiwan, Province of China",TWN,TW,Eastern Asia,Lienchiang,Lienchiang,TW-LIE
"Taiwan, Province of China",TWN,TW,Eastern Asia,Miaoli,Miaoli,TW-MIA
"Taiwan, Province of China",TWN,TW,Eastern Asia,Nantou,Nantou,TW-NAN
"Taiwan, Province of China",TWN,TW,Eastern Asia,New Taipei,New Taipei,TW-NWT
"Taiwan, Province of China",TWN,TW,Eastern Asia,Penghu,Penghu,TW-PEN
"Taiwan, Province of China",TWN,TW,Eastern Asia,Pingtung,Pingtung,TW-PIF
"Taiwan, Province of China",TWN,TW,Eastern Asia,Taoyuan,Taoyuan,TW-TAO
"Taiwan, Province of China",TWN,TW,Eastern Asia,Tainan,Tainan,TW-TNN
"Taiwan, Province of China",TWN,TW,Eastern Asia,Taipei,Taipei,TW-TPE
"Taiwan, Province of China",TWN,TW,Eastern Asia,Taitung,Taitung,TW-TTT
"Taiwan, Province of China",TWN,TW,Eastern Asia,Taichung,Taichung,TW-TXG
"Taiwan, Province of China",TWN,TW,Eastern Asia,Yunlin,Yunlin,TW-YUN
"Tanzania, United Republic of",TZA,TZ,Eastern Africa,Arusha,Arusha,TZ-01
"Tanzania, United Republic of",TZA,TZ,Eastern Africa,Dar es Salaam,Dar es Salaam,TZ-02
"Tanzania, United Republic of",TZA,TZ,Eastern Africa,Dodoma,Dodoma,TZ-03
"Tanzania, United Republic of",TZA,TZ,Eastern Africa,Iringa,Iringa,TZ-04
"Tanzania, United Republic of",TZA,TZ,Eastern Africa,Kagera,Kagera,TZ-05
"Tanzania, United Republic of",TZA,TZ,Eastern Africa,Pemba North,Kaskazini Pemba,TZ-06
"Tanzania, United Republic of",TZA,TZ,Eastern Africa,Zanzibar North,Kaskazini Unguja,TZ-07
"Tanzania, United Republic of",TZA,TZ,Eastern Africa,Kigoma,Kigoma,TZ-08
"Tanzania, United Republic of",TZA,TZ,Eastern Africa,Kilimanjaro,Kilimanjaro,TZ-09
"Tanzania, United Republic of",TZA,TZ,Eastern Africa,Pemba South,Kusini Pemba,TZ-10
"Tanzania, United Republic of",TZA,TZ,Eastern Africa,Zanzibar South,Kusini Unguja,TZ-11
"Tanzania, United Republic of",TZA,TZ,Eastern Africa,Lindi,Lindi,TZ-12
"Tanzania, United Republic of",TZA,TZ,Eastern Africa,Mara,Mara,TZ-13
"Tanzania, United Republic of",TZA,TZ,Eastern Africa,Mbeya,Mbeya,TZ-14
"Tanzania, United Republic of",TZA,TZ,Eastern Africa,Zanzibar West,Mjini Magharibi,TZ-15
"Tanzania, United Republic of",TZA,TZ,Eastern Africa,Morogoro,Morogoro,TZ-16
"Tanzania, United Republic of",TZA,TZ,Eastern Africa,Mtwara,Mtwara,TZ-17
"Tanzania, United Republic of",TZA,TZ,Eastern Africa,Mwanza,Mwanza,TZ-18
"Tanzania, United Republic of",TZA,TZ,Eastern Africa,Coast,Pwani,TZ-19
"Tanzania, United Republic of",TZA,TZ,Eastern Africa,Rukwa,Rukwa,TZ-20
"Tanzania, United Republic of",TZA,TZ,Eastern Africa,Ruvuma,Ruvuma,TZ-21
"Tanzania, United Republic of",TZA,TZ,Eastern Africa,Shinyanga,Shinyanga,TZ-22
"Tanzania, United Republic of",TZA,TZ,Eastern Africa,Singida,Singida,TZ-23
"Tanzania, United Republic of",TZA,TZ,Eastern Africa,Tabora,Tabora,TZ-24
"Tanzania, United Republic of",TZA,TZ,Eastern Africa,Tanga,Tanga,TZ-25
"Tanzania, United Republic of",TZA,TZ,Eastern Africa,Manyara,Manyara,TZ-26
"Tanzania, United Republic of",TZA,TZ,Eastern Africa,Geita,Geita,TZ-27
"Tanzania, United Republic of",TZA,TZ,Eastern Africa,Katavi,Katavi,TZ-28
"Tanzania, United Republic of",TZA,TZ,Eastern Africa,Njombe,Njombe,TZ-29
"Tanzania, United Republic of",TZA,TZ,Eastern Africa,Simiyu,Simiyu,TZ-30
"Tanzania, United Republic of",TZA,TZ,Eastern Africa,Songwe,Songwe,TZ-31
Ukraine,UKR,UA,Eastern Europe,Vinnytsia,Vinnytska oblast,UA-05
Ukraine,UKR,UA,Eastern Europe,Volyn,Volynska oblast,UA-07
Ukraine,UKR,UA,Eastern Europe,Luhansk,Luhanska oblast,UA-09
Ukraine,UKR,UA,Eastern Europe,Dnipropetrovsk,Dnipropetrovska oblast,UA-12
Ukraine,UKR,UA,Eastern Europe,Donetsk,Donetska oblast,UA-14
Ukraine,UKR,UA,Eastern Europe,Zhytomyr,Zhytomyrska oblast,UA-18
Ukraine,UKR,UA,Eastern Europe,Transcarpathia,Zakarpatska oblast,UA-21
Ukraine,UKR,UA,Eastern Europe,Zaporizhzhia,Zaporizka oblast,UA-23
Ukraine,UKR,UA,Eastern Europe,Ivano-Frankivsk,Ivano-Frankivska oblast,UA-26
Ukraine,UKR,UA,Eastern Europe,Kyiv City,Kyiv,UA-30
Ukraine,UKR,UA,Eastern Europe,Kyiv,Kyivska oblast,UA-32
Ukraine,UKR,UA,Eastern Europe,Kirovohrad,Kirovohradska oblast,UA-35
Ukraine,UKR,UA,Eastern Europe,Sevastopol,Sevastopol,UA-40
Ukraine,UKR,UA,Eastern Europe,Crimea,Avtonomna Respublika Krym,UA-43
Ukraine,UKR,UA,Eastern Europe,Lviv,Lvivska oblast,UA-46
Ukraine,UKR,UA,Eastern Europe,Mykolaiv,Mykolaivska oblast,UA-48
Ukraine,UKR,UA,Eastern Europe,Odesa,Odeska oblast,UA-51
Ukraine,UKR,UA,Eastern Europe,Poltava,Poltavska oblast,UA-53
Ukraine,UKR,UA,Eastern Europe,Rivne,Rivnenska oblast,UA-56
Ukraine,UKR,UA,Eastern Europe,Sumy,Sumska oblast,UA-59
Ukraine,UKR,UA,Eastern Europe,Ternopil,Ternopilska oblast,UA-61
Ukraine,UKR,UA,Eastern Europe,Kharkiv,Kharkivska oblast,UA-63
Ukraine,UKR,UA,Eastern Europe,Kherson,Khersonska oblast,UA-65
Ukraine,UKR,UA,Eastern Europe,Khmelnytskyi,Khmelnytska oblast,UA-68
Ukraine,UKR,UA,Eastern Europe,Cherkasy,Cherkaska oblast,UA-71
Ukraine,UKR,UA,Eastern Europe,Chernihiv,Chernihivska oblast,UA-74
Ukraine,UKR,UA,Eastern Europe,Chernivtsi,Chernivetska oblast,UA-77
Uganda,UGA,UG,Central Africa,Kalangala,Kalangala,UG-101
Uganda,UGA,UG,Central Africa,Kampala,Kampala,UG-102
Uganda,UGA,UG,Central Africa,Kiboga,Kiboga,UG-103
Uganda,UGA,UG,Central Africa,Luwero,Luwero,UG-104
Uganda,UGA,UG,Central Africa,Masaka,Masaka,UG-105
Uganda,UGA,UG,Central Africa,Mpigi,Mpigi,UG-106
Uganda,UGA,UG,Central Africa,Mubende,Mubende,UG-107
Uganda,UGA,UG,Central Africa,Mukono,Mukono,UG-108
Uganda,UGA,UG,Central Africa,Nakasongola,Nakasongola,UG-109
Uganda,UGA,UG,Central Africa,Rakai,Rakai,UG-110
Uganda,UGA,UG,Central Africa,Sembabule,Sembabule,UG-111
Uganda,UGA,UG,Central Africa,Kayunga,Kayunga,UG-112
Uganda,UGA,UG,Central Africa,Wakiso,Wakiso,UG-113
Uganda,UGA,UG,Central Africa,Lyantonde,Lyantonde,UG-114
Uganda,UGA,UG,Central Africa,Mityana,Mityana,UG-115
Uganda,UGA,UG,Central Africa,Nakaseke,Nakaseke,UG-116
Uganda,UGA,UG,Central Africa,Buikwe,Buikwe,UG-117
Uganda,UGA,UG,Central Africa,Bukomansibi,Bukomansibi,UG-118
Uganda,UGA,UG,Central Africa,Butambala,Butambala,UG-119
Uganda,UGA,UG,Central Africa,Buvuma,Buvuma,UG-120
Uganda,UGA,UG,Central Africa,Gomba,Gomba,UG-121
Uganda,UGA,UG,Central Africa,Kalungu,Kalungu,UG-122
Uganda,UGA,UG,Central Africa,Kyankwanzi,Kyankwanzi,UG-123
Uganda,UGA,UG,Central Africa,Lwengo,Lwengo,UG-124
Uganda,UGA,UG,Central Africa,Kyotera,Kyotera,UG-125
Uganda,UGA,UG,Central Africa,Kasanda,Kasanda,UG-126
Uganda,UGA,UG,Central Africa,Bugiri,Bugiri,UG-201
Uganda,UGA,UG,Central Africa,Busia,Busia,UG-202
Uganda,UGA,UG,Central Africa,Iganga,Iganga,UG-203
Uganda,UGA,UG,Central Africa,Jinja,Jinja,UG-204
Uganda,UGA,UG,Central Africa,Kamuli,Kamuli,UG-205
Uganda,UGA,UG,Central Africa,Kapchorwa,Kapchorwa,UG-206
Uganda,UGA,UG,Central Africa,Katakwi,Katakwi,UG-207
Uganda,UGA,UG,Central Africa,Kumi,Kumi,UG-208
Uganda,UGA,UG,Central Africa,Mbale,Mbale,UG-209
Uganda,UGA,UG,Central Africa,Pallisa,Pallisa,UG-210
Uganda,UGA,UG,Central Africa,Soroti,Soroti,UG-211
Uganda,UGA,UG,Central Africa,Tororo,Tororo,UG-212
Uganda,UGA,UG,Central Africa,Kaberamaido,Kaberamaido,UG-213
Uganda,UGA,UG,Central Africa,Mayuge,Mayuge,UG-214
Uganda,UGA,UG,Central Africa,Sironko,Sironko,UG-215
Uganda,UGA,UG,Central Africa,Amuria,Amuria,UG-216
Uganda,UGA,UG,Central Africa,Budaka,Budaka,UG-217
Uganda,UGA,UG,Central Africa,Bududa,Bududa,UG-218
Uganda,UGA,UG,Central Africa,Bukedea,Bukedea,UG-219
Uganda,UGA,UG,Central Africa,Bukwo,Bukwo,UG-220
Uganda,UGA,UG,Central Africa,Butaleja,Butaleja,UG-221
Uganda,UGA,UG,Central Africa,Kaliro,Kaliro,UG-222
Uganda,UGA,UG,Central Africa,Manafwa,Manafwa,UG-223
Uganda,UGA,UG,Central Africa,Namutumba,Namutumba,UG-224
Uganda,UGA,UG,Central Africa,Bulambuli,Bulambuli,UG-225
Uganda,UGA,UG,Central Africa,Buyende,Buyende,UG-226
Uganda,UGA,UG,Central Africa,Kibuku,Kibuku,UG-227
Uganda,UGA,UG,Central Africa,Kween,Kween,UG-228
Uganda,UGA,UG,Central Africa,Luuka,Luuka,UG-229
Uganda,UGA,UG,Central Africa,Namayingo,Namayingo,UG-230
Uganda,UGA,UG,Central Africa,Ngora,Ngora,UG-231
Uganda,UGA,UG,Central Africa,Serere,Serere,UG-232
Uganda,UGA,UG,Central Africa,Butebo,Butebo,UG-233
Uganda,UGA,UG,Central Africa,Namisindwa,Namisindwa,UG-234
Uganda,UGA,UG,Central Africa,Bugweri,Bugweri,UG-235
Uganda,UGA,UG,Central Africa,Kapelebyong,Kapelebyong,UG-236
Uganda,UGA,UG,Central Africa,Kalaki,Kalaki,UG-237
Uganda,UGA,UG,Central Africa,Adjumani,Adjumani,UG-301
Uganda,UGA,UG,Central Africa,Apac,Apac,UG-302
Uganda,UGA,UG,Central Africa,Arua,Arua,UG-303
Uganda,UGA,UG,Central Africa,Gulu,Gulu,UG-304
Uganda,UGA,UG,Central Africa,Kitgum,Kitgum,UG-305
Uganda,UGA,UG,Central Africa,Kotido,Kotido,UG-306
Uganda,UGA,UG,Central Africa,Lira,Lira,UG-307
Uganda,UGA,UG,Central Africa,Moroto,Moroto,UG-308
Uganda,UGA,UG,Central Africa,Moyo,Moyo,UG-309
Uganda,UGA,UG,Central Africa,Nebbi,Nebbi,UG-310
Uganda,UGA,UG,Central Africa,Nakapiripirit,Nakapiripirit,UG-311
Uganda,UGA,UG,Central Africa,Pader,Pader,UG-312
Uganda,UGA,UG,Central Africa,Yumbe,Yumbe,UG-313
Uganda,UGA,UG,Central Africa,Abim,Abim,UG-314
Uganda,UGA,UG,Central Africa,Amolatar,Amolatar,UG-315
Uganda,UGA,UG,Central Africa,Amuru,Amuru,UG-316
Uganda,UGA,UG,Central Africa,Dokolo,Dokolo,UG-317
Uganda,UGA,UG,Central Africa,Kaabong,Kaabong,UG-318
Uganda,UGA,UG,Central Africa,Koboko,Koboko,UG-319
Uganda,UGA,UG,Central Africa,Maracha,Maracha,UG-320
Uganda,UGA,UG,Central Africa,Oyam,Oyam,UG-321
Uganda,UGA,UG,Central Africa,Agago,Agago,UG-322
Uganda,UGA,UG,Central Africa,Alebtong,Alebtong,UG-323
Uganda,UGA,UG,Central Africa,Amudat,Amudat,UG-324
Uganda,UGA,UG,Central Africa,Kole,Kole,UG-325
Uganda,UGA,UG,Central Africa,Lamwo,Lamwo,UG-326
Uganda,UGA,UG,Central Africa,Napak,Napak,UG-327
Uganda,UGA,UG,Central Africa,Nwoya,Nwoya,UG-328
Uganda,UGA,UG,Central Africa,Otuke,Otuke,UG-329
Uganda,UGA,UG,Central Africa,Zombo,Zombo,UG-330
Uganda,UGA,UG,Central Africa,Omoro,Omoro,UG-331
Uganda,UGA,UG,Central Africa,Pakwach,Pakwach,UG-332
Uganda,UGA,UG,Central Africa,Kwania,Kwania,UG-333
Uganda,UGA,UG,Central Africa,Nabilatuk,Nabilatuk,UG-334
Uganda,UGA,UG,Central Africa,Karenga,Karenga,UG-335
Uganda,UGA,UG,Central Africa,Madi-Okollo,Madi-Okollo,UG-336
Uganda,UGA,UG,Central Africa,Obongi,Obongi,UG-337
Uganda,UGA,UG,Central Africa,Bundibugyo,Bundibugyo,UG-401
Uganda,UGA,UG,Central Africa,Bushenyi,Bushenyi,UG-402
Uganda,UGA,UG,Central Africa,Hoima,Hoima,UG-403
Uganda,UGA,UG,Central Africa,Kabale,Kabale,UG-404
Uganda,UGA,UG,Central Africa,Kabarole,Kabarole,UG-405
Uganda,UGA,UG,Central Africa,Kasese,Kasese,UG-406
Uganda,UGA,UG,Central Africa,Kibaale,Kibaale,UG-407
Uganda,UGA,UG,Central Africa,Kisoro,Kisoro,UG-408
Uganda,UGA,UG,Central Africa,Masindi,Masindi,UG-409
Uganda,UGA,UG,Central Africa,Mbarara,Mbarara,UG-410
Uganda,UGA,UG,Central Africa,Ntungamo,Ntungamo,UG-411
Uganda,UGA,UG,Central Africa,Rukungiri,Rukungiri,UG-412
Uganda,UGA,UG,Central Africa,Kamwenge,Kamwenge,UG-413
Uganda,UGA,UG,Central Africa,Kanungu,Kanungu,UG-414
Uganda,UGA,UG,Central Africa,Kyenjojo,Kyenjojo,UG-415
Uganda,UGA,UG,Central Africa,Buliisa,Buliisa,UG-416
Uganda,UGA,UG,Central Africa,Ibanda,Ibanda,UG-417
Uganda,UGA,UG,Central Africa,Isingiro,Isingiro,UG-418
Uganda,UGA,UG,Central Africa,Kiruhura,Kiruhura,UG-419
Uganda,UGA,UG,Central Africa,Buhweju,Buhweju,UG-420
Uganda,UGA,UG,Central Africa,Kiryandongo,Kiryandongo,UG-421
Uganda,UGA,UG,Central Africa,Kyegegwa,Kyegegwa,UG-422
Uganda,UGA,UG,Central Africa,Mitooma,Mitooma,UG-423
Uganda,UGA,UG,Central Africa,Ntoroko,Ntoroko,UG-424
Uganda,UGA,UG,Central Africa,Rubirizi,Rubirizi,UG-425
Uganda,UGA,UG,Central Africa,Sheema,Sheema,UG-426
Uganda,UGA,UG,Central Africa,Kagadi,Kagadi,UG-427
Uganda,UGA,UG,Central Africa,Kakumiro,Kakumiro,UG-428
Uganda,UGA,UG,Central Africa,Rubanda,Rubanda,UG-429
Uganda,UGA,UG,Central Africa,Bunyangabu,Bunyangabu,UG-430
Uganda,UGA,UG,Central Africa,Rukiga,Rukiga,UG-431
Uganda,UGA,UG,Central Africa,Kikuube,Kikuube,UG-432
Uganda,UGA,UG,Central Africa,Kazo,Kazo,UG-433
Uganda,UGA,UG,Central Africa,Kitagwenda,Kitagwenda,UG-434
Uganda,UGA,UG,Central Africa,Rwampara,Rwampara,UG-435
United States Minor Outlying Islands,UMI,UM,Oceania,Johnston Atoll,Johnston Atoll,UM-67
United States Minor Outlying Islands,UMI,UM,Oceania,Midway Islands,Midway Islands,UM-71
United States Minor Outlying Islands,UMI,UM,Oceania,Navassa Island,Navassa Island,UM-76
United States Minor Outlying Islands,UMI,UM,Oceania,Wake Island,Wake Island,UM-79
United States Minor Outlying Islands,UMI,UM,Oceania,Baker Island,Baker Island,UM-81
United States Minor Outlying Islands,UMI,UM,Oceania,Howland Island,Howland Island,UM-84
United States Minor Outlying Islands,UMI,UM,Oceania,Jarvis Island,Jarvis Island,UM-86
United States Minor Outlying Islands,UMI,UM,Oceania,Kingman Reef,Kingman Reef,UM-89
United States Minor Outlying Islands,UMI,UM,Oceania,Palmyra Atoll,Palmyra Atoll,UM-95
United States of America,USA,US,North America,Alaska,Alaska,US-AK
United States of America,USA,US,North America,Alabama,Alabama,US-AL
United States of America,USA,US,North America,Arkansas,Arkansas,US-AR
United States of America,USA,US,North America,American Samoa,American Samoa,US-AS
United States of America,USA,US,North America,Arizona,Arizona,US-AZ
United States of America,USA,US,North America,California,California,US-CA
United States of America,USA,US,North America,Colorado,Colorado,US-CO
United States of America,USA,US,North America,Connecticut,Connecticut,US-CT
United States of America,USA,US,North America,District of Columbia,District of Columbia,US-DC
United States of America,USA,US,North America,Delaware,Delaware,US-DE
United States of America,USA,US,North America,Florida,Florida,US-FL
United States of America,USA,US,North America,Georgia,Georgia,US-GA
United States of America,USA,US,North America,Guam,Guam,US-GU
United States of America,USA,US,North America,Hawaii,Hawaii,US-HI
United States of America,USA,US,North America,Iowa,Iowa,US-IA
United States of America,USA,US,North America,Idaho,Idaho,US-ID
United States of America,USA,US,North America,Illinois,Illinois,US-IL
United States of America,USA,US,North America,Indiana,Indiana,US-IN
United States of America,USA,US,North America,Kansas,Kansas,US-KS
United States of America,USA,US,North America,Kentucky,Kentucky,US-KY
United States of America,USA,US,North America,Louisiana,Louisiana,US-LA
United States of America,USA,US,North America,Massachusetts,Massachusetts,US-MA
United States of America,USA,US,North America,Maryland,Maryland,US-MD
United States of America,USA,US,North America,Maine,Maine,US-ME
United States of America,USA,US,North America,Michigan,Michigan,US-MI
United States of America,USA,US,North America,Minnesota,Minnesota,US-MN
United States of America,USA,US,North America,Missouri,Missouri,US-MO
United States of America,USA,US,North America,Northern Mariana Islands,Northern Mariana Islands,US-MP
United States of America,USA,US,North America,Mississippi,Mississippi,US-MS
United States of America,USA,US,North America,Montana,Montana,US-MT
United States of America,USA,US,North America,North Carolina,North Carolina,US-NC
United States of America,USA,US,North America,North Dakota,North Dakota,US-ND
United States of America,USA,US,North America,Nebraska,Nebraska,US-NE
United States of America,USA,US,North America,New Hampshire,New Hampshire,US-NH
United States of America,USA,US,North America,New Jersey,New Jersey,US-NJ
United States of America,USA,US,North America,New Mexico,New Mexico,US-NM
United States of America,USA,US,North America,Nevada,Nevada,US-NV
United States of America,USA,US,North America,New York,New York,US-NY
United States of America,USA,US,North America,Ohio,Ohio,US-OH
United States of America,USA,US,North America,Oklahoma,Oklahoma,US-OK
United States of America,USA,US,North America,Oregon,Oregon,US-OR
United States of America,USA,US,North America,Pennsylvania,Pennsylvania,US-PA
United States of America,USA,US,North America,Puerto Rico,Puerto Rico,US-PR
United States of America,USA,US,North America,Rhode Island,Rhode Island,US-RI
United States of America,USA,US,North America,South Carolina,South Carolina,US-SC
United States of America,USA,US,North America,South Dakota,South Dakota,US-SD
United States of America,USA,US,North America,Tennessee,Tennessee,US-TN
United States of America,USA,US,North America,Texas,Texas,US-TX
United States of America,USA,US,North America,United States Minor Outlying Islands,United States Minor Outlying Islands,US-UM
United States of America,USA,US,North America,Utah,Utah,US-UT
United States of America,USA,US,North America,Virginia,Virginia,US-VA
United States of America,USA,US,North America,"Virgin Islands, U.S.","Virgin Islands, U.S.",US-VI
United States of America,USA,US,North America,Vermont,Vermont,US-VT
United States of America,USA,US,North America,Washington,Washington,US-WA
United States of America,USA,US,North America,Wisconsin,Wisconsin,US-WI
United States of America,USA,US,North America,West Virginia,West Virginia,US-WV
United States of America,USA,US,North America,Wyoming,Wyoming,US-WY
Uruguay,URY,UY,South America,Artigas,Artigas,UY-AR
Uruguay,URY,UY,South America,Canelones,Canelones,UY-CA
Uruguay,URY,UY,South America,Cerro Largo,Cerro Largo,UY-CL
Uruguay,URY,UY,South America,Colonia,Colonia,UY-CO
Uruguay,URY,UY,South America,Durazno,Durazno,UY-DU
Uruguay,URY,UY,South America,Florida,Florida,UY-FD
Uruguay,URY,UY,South America,Flores,Flores,UY-FS
Uruguay,URY,UY,South America,Lavalleja,Lavalleja,UY-LA
Uruguay,URY,UY,South America,Maldonado,Maldonado,UY-MA
Uruguay,URY,UY,South America,Montevideo,Montevideo,UY-MO
Uruguay,URY,UY,South America,Paysandú,Paysandú,UY-PA
Uruguay,URY,UY,South America,Río Negro,Río Negro,UY-RN
Uruguay,URY,UY,South America,Rocha,Rocha,UY-RO
Uruguay,URY,UY,South America,Rivera,Rivera,UY-RV
Uruguay,URY,UY,South America,Salto,Salto,UY-SA
Uruguay,URY,UY,South America,San José,San José,UY-SJ
Uruguay,URY,UY,South America,Soriano,Soriano,UY-SO
Uruguay,URY,UY,South America,Tacuarembó,Tacuarembó,UY-TA
Uruguay,URY,UY,South America,Treinta y Tres,Treinta y Tres,UY-TT
Uzbekistan,UZB,UZ,Central Asia,Andijan,Andijon,UZ-AN
Uzbekistan,UZB,UZ,Central Asia,Bukhara,Buxoro,UZ-BU
Uzbekistan,UZB,UZ,Central Asia,Fergana,Farg‘ona,UZ-FA
Uzbekistan,UZB,UZ,Central Asia,Jizzakh,Jizzax,UZ-JI
Uzbekistan,UZB,UZ,Central Asia,Namangan,Namangan,UZ-NG
Uzbekistan,UZB,UZ,Central Asia,Navoiy,Navoiy,UZ-NW
Uzbekistan,UZB,UZ,Central Asia,Qashqadaryo,Qashqadaryo,UZ-QA
Uzbekistan,UZB,UZ,Central Asia,Karakalpakstan,Qoraqalpog‘iston Respublikasi,UZ-QR
Uzbekistan,UZB,UZ,Central Asia,Samarqand,Samarqand,UZ-SA
Uzbekistan,UZB,UZ,Central Asia,Sirdaryo,Sirdaryo,UZ-SI
Uzbekistan,UZB,UZ,Central Asia,Surkhondaryo,Surxondaryo,UZ-SU
Uzbekistan,UZB,UZ,Central Asia,Tashkent City,Toshkent,UZ-TK
Uzbekistan,UZB,UZ,Central Asia,Tashkent,Toshkent,UZ-TO
Uzbekistan,UZB,UZ,Central Asia,Khorezm,Xorazm,UZ-XO
Saint Vincent and the Grenadines,VCT,VC,Central America,Charlotte,Charlotte,VC-01
Saint Vincent and the Grenadines,VCT,VC,Central America,Saint Andrew,Saint Andrew,VC-02
Saint Vincent and the Grenadines,VCT,VC,Central America,Saint David,Saint David,VC-03
Saint Vincent and the Grenadines,VCT,VC,Central America,Saint George,Saint George,VC-04
Saint Vincent and the Grenadines,VCT,VC,Central America,Saint Patrick,Saint Patrick,VC-05
Saint Vincent and the Grenadines,VCT,VC,Central America,Grenadines,Grenadines,VC-06
Venezuela (Bolivarian Republic of),VEN,VE,South America,Caracas,Distrito Capital,VE-A
Venezuela (Bolivarian Republic of),VEN,VE,South America,Anzoategui,Anzoátegui,VE-B
Venezuela (Bolivarian Republic of),VEN,VE,South America,Apure,Apure,VE-C
Venezuela (Bolivarian Republic of),VEN,VE,South America,Aragua,Aragua,VE-D
Venezuela (Bolivarian Republic of),VEN,VE,South America,Barinas,Barinas,VE-E
Venezuela (Bolivarian Republic of),VEN,VE,South America,Bolivar,Bolívar,VE-F
Venezuela (Bolivarian Republic of),VEN,VE,South America,Carabobo,Carabobo,VE-G
Venezuela (Bolivarian Republic of),VEN,VE,South America,Cojedes,Cojedes,VE-H
Venezuela (Bolivarian Republic of),VEN,VE,South America,Falcon,Falcón,VE-I
Venezuela (Bolivarian Republic of),VEN,VE,South America,Guarico,Guárico,VE-J
Venezuela (Bolivarian Republic of),VEN,VE,South America,Lara,Lara,VE-K
Venezuela (Bolivarian Republic of),VEN,VE,South America,Merida,Mérida,VE-L
Venezuela (Bolivarian Republic of),VEN,VE,South America,Miranda,Miranda,VE-M
Venezuela (Bolivarian Republic of),VEN,VE,South America,Monagas,Monagas,VE-N
Venezuela (Bolivarian Republic of),VEN,VE,South America,New Sparta,Nueva Esparta,VE-O
Venezuela (Bolivarian Republic of),VEN,VE,South America,Portuguesa,Portuguesa,VE-P
Venezuela (Bolivarian Republic of),VEN,VE,South America,Sucre,Sucre,VE-R
Venezuela (Bolivarian Republic of),VEN,VE,South America,Tachira,Táchira,VE-S
Venezuela (Bolivarian Republic of),VEN,VE,South America,Trujillo,Trujillo,VE-T
Venezuela (Bolivarian Republic of),VEN,VE,South America,Yaracuy,Yaracuy,VE-U
Venezuela (Bolivarian Republic of),VEN,VE,South America,Zulia,Zulia,VE-V
Venezuela (Bolivarian Republic of),VEN,VE,South America,Federal Dependencies,Dependencias Federales,VE-W
Venezuela (Bolivarian Republic of),VEN,VE,South America,La Guaira,La Guaira,VE-X
Venezuela (Bolivarian Republic of),VEN,VE,South America,Amacuro Delta,Delta Amacuro,VE-Y
Venezuela (Bolivarian Republic of),VEN,VE,South America,Amazonia,Amazonas,VE-Z
Viet Nam,VNM,VN,South-Eastern Asia,Lai Châu,Lai Châu,VN-01
Viet Nam,VNM,VN,South-Eastern Asia,Lào Cai,Lào Cai,VN-02
Viet Nam,VNM,VN,South-Eastern Asia,Hà Giang,Hà Giang,VN-03
Viet Nam,VNM,VN,South-Eastern Asia,Cao Bằng,Cao Bằng,VN-04
Viet Nam,VNM,VN,South-Eastern Asia,Sơn La,Sơn La,VN-05
Viet Nam,VNM,VN,South-Eastern Asia,Yên Bái,Yên Bái,VN-06
Viet Nam,VNM,VN,South-Eastern Asia,Tuyên Quang,Tuyên Quang,VN-07
Viet Nam,VNM,VN,South-Eastern Asia,Lạng Sơn,Lạng Sơn,VN-09
Viet Nam,VNM,VN,South-Eastern Asia,Quảng Ninh,Quảng Ninh,VN-13
Viet Nam,VNM,VN,South-Eastern Asia,Hòa Bình,Hòa Bình,VN-14
Viet Nam,VNM,VN,South-Eastern Asia,Ninh Bình,Ninh Bình,VN-18
Viet Nam,VNM,VN,South-Eastern Asia,Thái Bình,Thái Bình,VN-20
Viet Nam,VNM,VN,South-Eastern Asia,Thanh Hóa,Thanh Hóa,VN-21
Viet Nam,VNM,VN,South-Eastern Asia,Nghệ An,Nghệ An,VN-22
Viet Nam,VNM,VN,South-Eastern Asia,Hà Tĩnh,Hà Tĩnh,VN-23
Viet Nam,VNM,VN,South-Eastern Asia,Quảng Bình,Quảng Bình,VN-24
Viet Nam,VNM,VN,South-Eastern Asia,Quảng Trị,Quảng Trị,VN-25
Viet Nam,VNM,VN,South-Eastern Asia,Thừa Thiên-Huế,Thừa Thiên-Huế,VN-26
Viet Nam,VNM,VN,South-Eastern Asia,Quảng Nam,Quảng Nam,VN-27
Viet Nam,VNM,VN,South-Eastern Asia,Kon Tum,Kon Tum,VN-28
Viet Nam,VNM,VN,South-Eastern Asia,Quảng Ngãi,Quảng Ngãi,VN-29
Viet Nam,VNM,VN,South-Eastern Asia,Gia Lai,Gia Lai,VN-30
Viet Nam,VNM,VN,South-Eastern Asia,Bình Định,Bình Định,VN-31
Viet Nam,VNM,VN,South-Eastern Asia,Phú Yên,Phú Yên,VN-32
Viet Nam,VNM,VN,South-Eastern Asia,Đắk Lắk,Đắk Lắk,VN-33
Viet Nam,VNM,VN,South-Eastern Asia,Khánh Hòa,Khánh Hòa,VN-34
Viet Nam,VNM,VN,South-Eastern Asia,Lâm Đồng,Lâm Đồng,VN-35
Viet Nam,VNM,VN,South-Eastern Asia,Ninh Thuận,Ninh Thuận,VN-36
Viet Nam,VNM,VN,South-Eastern Asia,Tây Ninh,Tây Ninh,VN-37
Viet Nam,VNM,VN,South-Eastern Asia,Đồng Nai,Đồng Nai,VN-39
Viet Nam,VNM,VN,South-Eastern Asia,Bình Thuận,Bình Thuận,VN-40
Viet Nam,VNM,VN,South-Eastern Asia,Long An,Long An,VN-41
Viet Nam,VNM,VN,South-Eastern Asia,Bà Rịa - Vũng Tàu,Bà Rịa - Vũng Tàu,VN-43
Viet Nam,VNM,VN,South-Eastern Asia,An Giang,An Giang,VN-44
Viet Nam,VNM,VN,South-Eastern Asia,Đồng Tháp,Đồng Tháp,VN-45
Viet Nam,VNM,VN,South-Eastern Asia,Tiền Giang,Tiền Giang,VN-46
Viet Nam,VNM,VN,South-Eastern Asia,Kiến Giang,Kiến Giang,VN-47
Viet Nam,VNM,VN,South-Eastern Asia,Vĩnh Long,Vĩnh Long,VN-49
Viet Nam,VNM,VN,South-Eastern Asia,Bến Tre,Bến Tre,VN-50
Viet Nam,VNM,VN,South-Eastern Asia,Trà Vinh,Trà Vinh,VN-51
Viet Nam,VNM,VN,South-Eastern Asia,Sóc Trăng,Sóc Trăng,VN-52
Viet Nam,VNM,VN,South-Eastern Asia,Bắc Kạn,Bắc Kạn,VN-53
Viet Nam,VNM,VN,South-Eastern Asia,Bắc Giang,Bắc Giang,VN-54
Viet Nam,VNM,VN,South-Eastern Asia,Bạc Liêu,Bạc Liêu,VN-55
Viet Nam,VNM,VN,South-Eastern Asia,Bắc Ninh,Bắc Ninh,VN-56
Viet Nam,VNM,VN,South-Eastern Asia,Bình Dương,Bình Dương,VN-57
Viet Nam,VNM,VN,South-Eastern Asia,Bình Phước,Bình Phước,VN-58
Viet Nam,VNM,VN,South-Eastern Asia,Cà Mau,Cà Mau,VN-59
Viet Nam,VNM,VN,South-Eastern Asia,Hải Dương,Hải Dương,VN-61
Viet Nam,VNM,VN,South-Eastern Asia,Hà Nam,Hà Nam,VN-63
Viet Nam,VNM,VN,South-Eastern Asia,Hưng Yên,Hưng Yên,VN-66
Viet Nam,VNM,VN,South-Eastern Asia,Nam Định,Nam Định,VN-67
Viet Nam,VNM,VN,South-Eastern Asia,Phú Thọ,Phú Thọ,VN-68
Viet Nam,VNM,VN,South-Eastern Asia,Thái Nguyên,Thái Nguyên,VN-69
Viet Nam,VNM,VN,South-Eastern Asia,Vĩnh Phúc,Vĩnh Phúc,VN-70
Viet Nam,VNM,VN,South-Eastern Asia,Điện Biên,Điện Biên,VN-71
Viet Nam,VNM,VN,South-Eastern Asia,Đắk Nông,Đắk Nông,VN-72
Viet Nam,VNM,VN,South-Eastern Asia,Hậu Giang,Hậu Giang,VN-73
Viet Nam,VNM,VN,South-Eastern Asia,Cần Thơ,Cần Thơ,VN-CT
Viet Nam,VNM,VN,South-Eastern Asia,Đà Nẵng,Đà Nẵng,VN-DN
Viet Nam,VNM,VN,South-Eastern Asia,Hà Nội,Hà Nội,VN-HN
Viet Nam,VNM,VN,South-Eastern Asia,Hải Phòng,Hải Phòng,VN-HP
Viet Nam,VNM,VN,South-Eastern Asia,Hồ Chí Minh(local variant is Sai Gon),Hồ Chí Minh(local variant is Sai Gon),VN-SG
Vanuatu,VUT,VU,Oceania,Malampa,Malampa,VU-MAP
Vanuatu,VUT,VU,Oceania,Pénama,Pénama,VU-PAM
Vanuatu,VUT,VU,Oceania,Sanma,Sanma,VU-SAM
Vanuatu,VUT,VU,Oceania,Shéfa,Shéfa,VU-SEE
Vanuatu,VUT,VU,Oceania,Taféa,Taféa,VU-TAE
Vanuatu,VUT,VU,Oceania,Torba,Torba,VU-TOB
Wallis and Futuna,WLF,WF,Oceania,Alo,Alo,WF-AL
Wallis and Futuna,WLF,WF,Oceania,Sigave,Sigave,WF-SG
Wallis and Futuna,WLF,WF,Oceania,Uvea,Uvea,WF-UV
Samoa,WSM,WS,Oceania,A'ana,A'ana,WS-AA
Samoa,WSM,WS,Oceania,Aiga-i-le-Tai,Aiga-i-le-Tai,WS-AL
Samoa,WSM,WS,Oceania,Atua,Atua,WS-AT
Samoa,WSM,WS,Oceania,Fa'asaleleaga,Fa'asaleleaga,WS-FA
Samoa,WSM,WS,Oceania,Gaga'emauga,Gaga'emauga,WS-GE
Samoa,WSM,WS,Oceania,Gagaifomauga,Gagaifomauga,WS-GI
Samoa,WSM,WS,Oceania,Palauli,Palauli,WS-PA
Samoa,WSM,WS,Oceania,Satupa'itea,Satupa'itea,WS-SA
Samoa,WSM,WS,Oceania,Tuamasaga,Tuamasaga,WS-TU
Samoa,WSM,WS,Oceania,Va'a-o-Fonoti,Va'a-o-Fonoti,WS-VF
Samoa,WSM,WS,Oceania,Vaisigano,Vaisigano,WS-VS
Yemen,YEM,YE,Asia,Abyan,Abyan,YE-AB
Yemen,YEM,YE,Asia,Aden,‘Adan,YE-AD
Yemen,YEM,YE,Asia,Amran,‘Amrān,YE-AM
Yemen,YEM,YE,Asia,Beida,Al Bayḑā’,YE-BA
Yemen,YEM,YE,Asia,Dhale,Aḑ Ḑāli‘,YE-DA
Yemen,YEM,YE,Asia,Dhamar,Dhamār,YE-DH
Yemen,YEM,YE,Asia,Hadhramaut,Ḩaḑramawt,YE-HD
Yemen,YEM,YE,Asia,Hajjah,Ḩajjah,YE-HJ
Yemen,YEM,YE,Asia,Western Coast,Al Ḩudaydah,YE-HU
Yemen,YEM,YE,Asia,Ibb,Ibb,YE-IB
Yemen,YEM,YE,Asia,Jouf,Al Jawf,YE-JA
Yemen,YEM,YE,Asia,Lahij,Laḩij,YE-LA
Yemen,YEM,YE,Asia,Marib,Ma’rib,YE-MA
Yemen,YEM,YE,Asia,Mahra,Al Mahrah,YE-MR
Yemen,YEM,YE,Asia,Mahwit,Al Maḩwīt,YE-MW
Yemen,YEM,YE,Asia,Raymah,Raymah,YE-RA
Yemen,YEM,YE,Asia,Sanaa City,Amānat al ‘Āşimah [city],YE-SA
Yemen,YEM,YE,Asia,Saada,Şāʻdah,YE-SD
Yemen,YEM,YE,Asia,Shabwah,Shabwah,YE-SH
Yemen,YEM,YE,Asia,Sanaa,Şanʻā’,YE-SN
Yemen,YEM,YE,Asia,Socotra,Arkhabīl Suquţrá,YE-SU
Yemen,YEM,YE,Asia,Taiz,Tāʻizz,YE-TA
South Africa,ZAF,ZA,Southern Africa,Eastern Cape,Eastern Cape,ZA-EC
South Africa,ZAF,ZA,Southern Africa,Free State,Free State,ZA-FS
South Africa,ZAF,ZA,Southern Africa,Gauteng,Gauteng,ZA-GP
South Africa,ZAF,ZA,Southern Africa,Kwazulu-Natal,Kwazulu-Natal,ZA-KZN
South Africa,ZAF,ZA,Southern Africa,Limpopo,Limpopo,ZA-LP
South Africa,ZAF,ZA,Southern Africa,Mpumalanga,Mpumalanga,ZA-MP
South Africa,ZAF,ZA,Southern Africa,Northern Cape,Northern Cape,ZA-NC
South Africa,ZAF,ZA,Southern Africa,North-West,North-West,ZA-NW
South Africa,ZAF,ZA,Southern Africa,Western Cape,Western Cape,ZA-WC
Zambia,ZMB,ZM,Southern Africa,Western,Western,ZM-01
Zambia,ZMB,ZM,Southern Africa,Central,Central,ZM-02
Zambia,ZMB,ZM,Southern Africa,Eastern,Eastern,ZM-03
Zambia,ZMB,ZM,Southern Africa,Luapula,Luapula,ZM-04
Zambia,ZMB,ZM,Southern Africa,Northern,Northern,ZM-05
Zambia,ZMB,ZM,Southern Africa,North-Western,North-Western,ZM-06
Zambia,ZMB,ZM,Southern Africa,Southern,Southern,ZM-07
Zambia,ZMB,ZM,Southern Africa,Copperbelt,Copperbelt,ZM-08
Zambia,ZMB,ZM,Southern Africa,Lusaka,Lusaka,ZM-09
Zambia,ZMB,ZM,Southern Africa,Muchinga,Muchinga,ZM-10
Zimbabwe,ZWE,ZW,Southern Africa,Bulawayo,Bulawayo,ZW-BU
Zimbabwe,ZWE,ZW,Southern Africa,Harare,Harare,ZW-HA
Zimbabwe,ZWE,ZW,Southern Africa,Manicaland,Manicaland,ZW-MA
Zimbabwe,ZWE,ZW,Southern Africa,Mashonaland Central,Mashonaland Central,ZW-MC
Zimbabwe,ZWE,ZW,Southern Africa,Mashonaland East,Mashonaland East,ZW-ME
Zimbabwe,ZWE,ZW,Southern Africa,Midlands,Midlands,ZW-MI
Zimbabwe,ZWE,ZW,Southern Africa,Matabeleland North,Matabeleland North,ZW-MN
Zimbabwe,ZWE,ZW,Southern Africa,Matabeleland South,Matabeleland South,ZW-MS
Zimbabwe,ZWE,ZW,Southern Africa,Masvingo,Masvingo,ZW-MV
Zimbabwe,ZWE,ZW,Southern Africa,Mashonaland West,Mashonaland West,ZW-MW
