country_en,alpha_3,alpha_2,location,subdivision_en,subdivision_local,subdivision_code
Andorra,AND,AD,西ヨーロッパ,Canillo,Canillo,AD-02
Andorra,AND,AD,西ヨーロッパ,Encamp,Encamp,AD-03
Andorra,AND,AD,西ヨーロッパ,La Massana,La Massana,AD-04
Andorra,AND,AD,西ヨーロッパ,Ordino,Ordino,AD-05
Andorra,AND,AD,西ヨーロッパ,Sant Julià de Lòria,Sant Julià de Lòria,AD-06
Andorra,AND,AD,西ヨーロッパ,Andorra la Vella,Andorra la Vella,AD-07
Andorra,AND,AD,西ヨーロッパ,Escaldes-Engordany,Escaldes-Engordany,AD-08
United Arab Emirates,ARE,AE,中東,‘Ajmān,‘Ajmān,AE-AJ
United Arab Emirates,ARE,AE,中東,Abū Z̧aby,Abū Z̧aby,AE-AZ
United Arab Emirates,ARE,AE,中東,Dubayy,Dubayy,AE-DU
United Arab Emirates,ARE,AE,中東,Al Fujayrah,Al Fujayrah,AE-FU
United Arab Emirates,ARE,AE,中東,Ra’s al Khaymah,Ra’s al Khaymah,AE-RK
United Arab Emirates,ARE,AE,中東,Ash Shāriqah,Ash Shāriqah,AE-SH
United Arab Emirates,ARE,AE,中東,Umm al Qaywayn,Umm al Qaywayn,AE-UQ
Afghanistan,AFG,AF,中東,Balkh,Balkh,AF-BAL
Afghanistan,AFG,AF,中東,Bamyan,Bāmyān,AF-BAM
Afghanistan,AFG,AF,中東,Badghis,Bādghīs,AF-BDG
Afghanistan,AFG,AF,中東,Badakhshan,Badakhshān,AF-BDS
Afghanistan,AFG,AF,中東,Baghlan,Baghlān,AF-BGL
Afghanistan,AFG,AF,中東,Daykundi,Dāykundī,AF-DAY
Afghanistan,AFG,AF,中東,Farah,Farāh,AF-FRA
Afghanistan,AFG,AF,中東,Faryab,Fāryāb,AF-FYB
Afghanistan,AFG,AF,中東,Ghazni,Ghaznī,AF-GHA
Afghanistan,AFG,AF,中東,Ghōr,Ghōr,AF-GHO
Afghanistan,AFG,AF,中東,Helmand,Helmand,AF-HEL
Afghanistan,AFG,AF,中東,Herat,Herāt,AF-HER
Afghanistan,AFG,AF,中東,Jowzjan,Jowzjān,AF-JOW
Afghanistan,AFG,AF,中東,Kabul,Kābul,AF-KAB
Afghanistan,AFG,AF,中東,Kandahar,Kandahār,AF-KAN
Afghanistan,AFG,AF,中東,Kapisa,Kāpīsā,AF-KAP
Afghanistan,AFG,AF,中東,Kunduz,Kunduz,AF-KDZ
Afghanistan,AFG,AF,中東,Khost,Khōst,AF-KHO
Afghanistan,AFG,AF,中東,Kunar,Kunaṟ,AF-KNR
Afghanistan,AFG,AF,中東,Laghman,Laghmān,AF-LAG
Afghanistan,AFG,AF,中東,Logar,Lōgar,AF-LOG
Afghanistan,AFG,AF,中東,Nangarhar,Nangarhār,AF-NAN
Afghanistan,AFG,AF,中東,Nimruz,Nīmrōz,AF-NIM
Afghanistan,AFG,AF,中東,Nuristan,Nūristān,AF-NUR
Afghanistan,AFG,AF,中東,Panjshir,Panjshayr,AF-PAN
Afghanistan,AFG,AF,中東,Parwan,Parwān,AF-PAR
Afghanistan,AFG,AF,中東,Paktia,Paktiyā,AF-PIA
Afghanistan,AFG,AF,中東,Paktika,Paktīkā,AF-PKA
Afghanistan,AFG,AF,中東,Samangan,Samangān,AF-SAM
Afghanistan,AFG,AF,中東,Sar-e Pol,Sar-e Pul,AF-SAR
Afghanistan,AFG,AF,中東,Takhar,Takhār,AF-TAK
Afghanistan,AFG,AF,中東,Urozgan,Uruzgān,AF-URU
Afghanistan,AFG,AF,中東,Maidan Wardak,Wardak,AF-WAR
Afghanistan,AFG,AF,中東,Zabul,Zābul,AF-ZAB
Antigua and Barbuda,ATG,AG,中央アメリカ,Saint George,Saint George,AG-03
Antigua and Barbuda,ATG,AG,中央アメリカ,Saint John,Saint John,AG-04
Antigua and Barbuda,ATG,AG,中央アメリカ,Saint Mary,Saint Mary,AG-05
Antigua and Barbuda,ATG,AG,中央アメリカ,Saint Paul,Saint Paul,AG-06
Antigua and Barbuda,ATG,AG,中央アメリカ,Saint Peter,Saint Peter,AG-07
Antigua and Barbuda,ATG,AG,中央アメリカ,Saint Philip,Saint Philip,AG-08
Antigua and Barbuda,ATG,AG,中央アメリカ,Barbuda,Barbuda,AG-10
Antigua and Barbuda,ATG,AG,中央アメリカ,Redonda,Redonda,AG-11
Albania,ALB,AL,東ヨーロッパ,Berat,Berat,AL-BR
Albania,ALB,AL,東ヨーロッパ,Bulqizë,Bulqizë,AL-BU
Albania,ALB,AL,東ヨーロッパ,Dibër,Dibër,AL-DI
Albania,ALB,AL,東ヨーロッパ,Delvinë,Delvinë,AL-DL
Albania,ALB,AL,東ヨーロッパ,Durrës,Durrës,AL-DR
Albania,ALB,AL,東ヨーロッパ,Devoll,Devoll,AL-DV
Albania,ALB,AL,東ヨーロッパ,Elbasan,Elbasan,AL-EL
Albania,ALB,AL,東ヨーロッパ,Kolonjë,Kolonjë,AL-ER
Albania,ALB,AL,東ヨーロッパ,Fier,Fier,AL-FR
Albania,ALB,AL,東ヨーロッパ,Gjirokastër,Gjirokastër,AL-GJ
Albania,ALB,AL,東ヨーロッパ,Gramsh,Gramsh,AL-GR
Albania,ALB,AL,東ヨーロッパ,Has,Has,AL-HA
Albania,ALB,AL,東ヨーロッパ,Kavajë,Kavajë,AL-KA
Albania,ALB,AL,東ヨーロッパ,Kurbin,Kurbin,AL-KB
Albania,ALB,AL,東ヨーロッパ,Kuçovë,Kuçovë,AL-KC
Albania,ALB,AL,東ヨーロッパ,Korçë,Korçë,AL-KO
Albania,ALB,AL,東ヨーロッパ,Krujë,Krujë,AL-KR
Albania,ALB,AL,東ヨーロッパ,Kukës,Kukës,AL-KU
Albania,ALB,AL,東ヨーロッパ,Librazhd,Librazhd,AL-LB
Albania,ALB,AL,東ヨーロッパ,Lezhë,Lezhë,AL-LE
Albania,ALB,AL,東ヨーロッパ,Lushnjë,Lushnjë,AL-LU
Albania,ALB,AL,東ヨーロッパ,Mallakastër,Mallakastër,AL-MK
Albania,ALB,AL,東ヨーロッパ,Malësi e Madhe,Malësi e Madhe,AL-MM
Albania,ALB,AL,東ヨーロッパ,Mirditë,Mirditë,AL-MR
Albania,ALB,AL,東ヨーロッパ,Mat,Mat,AL-MT
Albania,ALB,AL,東ヨーロッパ,Pogradec,Pogradec,AL-PG
Albania,ALB,AL,東ヨーロッパ,Peqin,Peqin,AL-PQ
Albania,ALB,AL,東ヨーロッパ,Përmet,Përmet,AL-PR
Albania,ALB,AL,東ヨーロッパ,Pukë,Pukë,AL-PU
Albania,ALB,AL,東ヨーロッパ,Shkodër,Shkodër,AL-SH
Albania,ALB,AL,東ヨーロッパ,Skrapar,Skrapar,AL-SK
Albania,ALB,AL,東ヨーロッパ,Sarandë,Sarandë,AL-SR
Albania,ALB,AL,東ヨーロッパ,Tepelenë,Tepelenë,AL-TE
Albania,ALB,AL,東ヨーロッパ,Tropojë,Tropojë,AL-TP
Albania,ALB,AL,東ヨーロッパ,Tiranë,Tiranë,AL-TR
Albania,ALB,AL,東ヨーロッパ,Vlorë,Vlorë,AL-VL
Armenia,ARM,AM,東ヨーロッパ,Aragatsotn,Aragac̣otn,AM-AG
Armenia,ARM,AM,東ヨーロッパ,Ararat,Ararat,AM-AR
Armenia,ARM,AM,東ヨーロッパ,Armavir,Armavir,AM-AV
Armenia,ARM,AM,東ヨーロッパ,Yerevan,Erevan,AM-ER
Armenia,ARM,AM,東ヨーロッパ,Gegharkunik,Geġark'unik',AM-GR
Armenia,ARM,AM,東ヨーロッパ,Kotayk,Kotayk',AM-KT
Armenia,ARM,AM,東ヨーロッパ,Lori,Loṙi,AM-LO
Armenia,ARM,AM,東ヨーロッパ,Shirak,Širak,AM-SH
Armenia,ARM,AM,東ヨーロッパ,Syunik,Syunik',AM-SU
Armenia,ARM,AM,東ヨーロッパ,Tavush,Tavuš,AM-TV
Armenia,ARM,AM,東ヨーロッパ,Vayots Dzor,Vayoć Jor,AM-VD
Angola,AGO,AO,南アフリカ,Bengo,Bengo,AO-BGO
Angola,AGO,AO,南アフリカ,Benguela,Benguela,AO-BGU
Angola,AGO,AO,南アフリカ,Bie,Bié,AO-BIE
Angola,AGO,AO,南アフリカ,Cabinda,Cabinda,AO-CAB
Angola,AGO,AO,南アフリカ,Cuando Cubango,Cuando Cubango,AO-CCU
Angola,AGO,AO,南アフリカ,Cunene,Cunene,AO-CNN
Angola,AGO,AO,南アフリカ,North Cuanza,Cuanza-Norte,AO-CNO
Angola,AGO,AO,南アフリカ,South Cuanza,Cuanza-Sul,AO-CUS
Angola,AGO,AO,南アフリカ,Huambo,Huambo,AO-HUA
Angola,AGO,AO,南アフリカ,Huila,Huíla,AO-HUI
Angola,AGO,AO,南アフリカ,North Lunda,Lunda-Norte,AO-LNO
Angola,AGO,AO,南アフリカ,South Lunda,Lunda-Sul,AO-LSU
Angola,AGO,AO,南アフリカ,Luanda,Luanda,AO-LUA
Angola,AGO,AO,南アフリカ,Malanje,Malange,AO-MAL
Angola,AGO,AO,南アフリカ,Moxico,Moxico,AO-MOX
Angola,AGO,AO,南アフリカ,Namibe,Namibe,AO-NAM
Angola,AGO,AO,南アフリカ,Uige,Uíge,AO-UIG
Angola,AGO,AO,南アフリカ,Zaire,Zaire,AO-ZAI
Argentina,ARG,AR,南アメリカ,Salta,Salta,AR-A
Argentina,ARG,AR,南アメリカ,Buenos Aires,Buenos Aires,AR-B
Argentina,ARG,AR,南アメリカ,Ciudad Autónoma de Buenos Aires,Ciudad Autónoma de Buenos Aires,AR-C
Argentina,ARG,AR,南アメリカ,San Luis,San Luis,AR-D
Argentina,ARG,AR,南アメリカ,Entre Ríos,Entre Ríos,AR-E
Argentina,ARG,AR,南アメリカ,La Rioja,La Rioja,AR-F
Argentina,ARG,AR,南アメリカ,Santiago del Estero,Santiago del Estero,AR-G
Argentina,ARG,AR,南アメリカ,Chaco,Chaco,AR-H
Argentina,ARG,AR,南アメリカ,San Juan,San Juan,AR-J
Argentina,ARG,AR,南アメリカ,Catamarca,Catamarca,AR-K
Argentina,ARG,AR,南アメリカ,La Pampa,La Pampa,AR-L
Argentina,ARG,AR,南アメリカ,Mendoza,Mendoza,AR-M
Argentina,ARG,AR,南アメリカ,Misiones,Misiones,AR-N
Argentina,ARG,AR,南アメリカ,Formosa,Formosa,AR-P
Argentina,ARG,AR,南アメリカ,Neuquén,Neuquén,AR-Q
Argentina,ARG,AR,南アメリカ,Río Negro,Río Negro,AR-R
Argentina,ARG,AR,南アメリカ,Santa Fe,Santa Fe,AR-S
Argentina,ARG,AR,南アメリカ,Tucumán,Tucumán,AR-T
Argentina,ARG,AR,南アメリカ,Chubut,Chubut,AR-U
Argentina,ARG,AR,南アメリカ,Tierra del Fuego,Tierra del Fuego,AR-V
Argentina,ARG,AR,南アメリカ,Corrientes,Corrientes,AR-W
Argentina,ARG,AR,南アメリカ,Córdoba,Córdoba,AR-X
Argentina,ARG,AR,南アメリカ,Jujuy,Jujuy,AR-Y
Argentina,ARG,AR,南アメリカ,Santa Cruz,Santa Cruz,AR-Z
Austria,AUT,AT,東ヨーロッパ,Burgenland,Burgenland,AT-1
Austria,AUT,AT,東ヨーロッパ,Carinthia,Kärnten,AT-2
Austria,AUT,AT,東ヨーロッパ,Lower Austria,Niederösterreich,AT-3
Austria,AUT,AT,東ヨーロッパ,Upper Austria,Oberösterreich,AT-4
Austria,AUT,AT,東ヨーロッパ,Salzburg,Salzburg,AT-5
Austria,AUT,AT,東ヨーロッパ,Styria,Steiermark,AT-6
Austria,AUT,AT,東ヨーロッパ,Tyrol,Tirol,AT-7
Austria,AUT,AT,東ヨーロッパ,Vorarlberg,Vorarlberg,AT-8
Austria,AUT,AT,東ヨーロッパ,Vienna,Wien,AT-9
Australia,AUS,AU,オセアニア,Australian Capital Territory,Australian Capital Territory,AU-ACT
Australia,AUS,AU,オセアニア,New South Wales,New South Wales,AU-NSW
Australia,AUS,AU,オセアニア,Northern Territory,Northern Territory,AU-NT
Australia,AUS,AU,オセアニア,Queensland,Queensland,AU-QLD
Australia,AUS,AU,オセアニア,South Australia,South Australia,AU-SA
Australia,AUS,AU,オセアニア,Tasmania,Tasmania,AU-TAS
Australia,AUS,AU,オセアニア,Victoria,Victoria,AU-VIC
Australia,AUS,AU,オセアニア,Western Australia,Western Australia,AU-WA
Azerbaijan,AZE,AZ,東ヨーロッパ,Absheron,Abşeron,AZ-ABS
Azerbaijan,AZE,AZ,東ヨーロッパ,Aghstafa,Ağstafa,AZ-AGA
Azerbaijan,AZE,AZ,東ヨーロッパ,Aghjabadi,Ağcabədi,AZ-AGC
Azerbaijan,AZE,AZ,東ヨーロッパ,Aghdam,Ağdam,AZ-AGM
Azerbaijan,AZE,AZ,東ヨーロッパ,Agdash,Ağdaş,AZ-AGS
Azerbaijan,AZE,AZ,東ヨーロッパ,Aghsu,Ağsu,AZ-AGU
Azerbaijan,AZE,AZ,東ヨーロッパ,Astara,Astara,AZ-AST
Azerbaijan,AZE,AZ,東ヨーロッパ,Baku,Bakı,AZ-BA
Azerbaijan,AZE,AZ,東ヨーロッパ,Babek,Babək,AZ-BAB
Azerbaijan,AZE,AZ,東ヨーロッパ,Balakan,Balakən,AZ-BAL
Azerbaijan,AZE,AZ,東ヨーロッパ,Barda,Bərdə,AZ-BAR
Azerbaijan,AZE,AZ,東ヨーロッパ,Beylagan,Beyləqan,AZ-BEY
Azerbaijan,AZE,AZ,東ヨーロッパ,Bilasuvar,Biləsuvar,AZ-BIL
Azerbaijan,AZE,AZ,東ヨーロッパ,Jabrayil,Cəbrayıl,AZ-CAB
Azerbaijan,AZE,AZ,東ヨーロッパ,Jalilabad,Cəlilabad,AZ-CAL
Azerbaijan,AZE,AZ,東ヨーロッパ,Julfa,Culfa,AZ-CUL
Azerbaijan,AZE,AZ,東ヨーロッパ,Dashkasan,Daşkəsən,AZ-DAS
Azerbaijan,AZE,AZ,東ヨーロッパ,Fuzuli,Füzuli,AZ-FUZ
Azerbaijan,AZE,AZ,東ヨーロッパ,Ganja,Gəncə,AZ-GA
Azerbaijan,AZE,AZ,東ヨーロッパ,Gadabay,Gədəbəy,AZ-GAD
Azerbaijan,AZE,AZ,東ヨーロッパ,Goranboy,Goranboy,AZ-GOR
Azerbaijan,AZE,AZ,東ヨーロッパ,Goychay,Göyçay,AZ-GOY
Azerbaijan,AZE,AZ,東ヨーロッパ,Goygol,Göygöl,AZ-GYG
Azerbaijan,AZE,AZ,東ヨーロッパ,Hajigabul,Hacıqabul,AZ-HAC
Azerbaijan,AZE,AZ,東ヨーロッパ,Imishli,İmişli,AZ-IMI
Azerbaijan,AZE,AZ,東ヨーロッパ,Ismayilli,İsmayıllı,AZ-ISM
Azerbaijan,AZE,AZ,東ヨーロッパ,Kalbajar,Kəlbəcər,AZ-KAL
Azerbaijan,AZE,AZ,東ヨーロッパ,Kangarli,Kǝngǝrli,AZ-KAN
Azerbaijan,AZE,AZ,東ヨーロッパ,Kurdamir,Kürdəmir,AZ-KUR
Azerbaijan,AZE,AZ,東ヨーロッパ,Lankaran City,Lənkəran,AZ-LA
Azerbaijan,AZE,AZ,東ヨーロッパ,Lachin,Laçın,AZ-LAC
Azerbaijan,AZE,AZ,東ヨーロッパ,Lankaran,Lənkəran,AZ-LAN
Azerbaijan,AZE,AZ,東ヨーロッパ,Lerik,Lerik,AZ-LER
Azerbaijan,AZE,AZ,東ヨーロッパ,Masally,Masallı,AZ-MAS
Azerbaijan,AZE,AZ,東ヨーロッパ,Mingachevir,Mingəçevir,AZ-MI
Azerbaijan,AZE,AZ,東ヨーロッパ,Naftalan,Naftalan,AZ-NA
Azerbaijan,AZE,AZ,東ヨーロッパ,Neftchala,Neftçala,AZ-NEF
Azerbaijan,AZE,AZ,東ヨーロッパ,Nakhchivan City,Naxçıvan,AZ-NV
Azerbaijan,AZE,AZ,東ヨーロッパ,Oghuz,Oğuz,AZ-OGU
Azerbaijan,AZE,AZ,東ヨーロッパ,Ordubad,Ordubad,AZ-ORD
Azerbaijan,AZE,AZ,東ヨーロッパ,Gabala,Qəbələ,AZ-QAB
Azerbaijan,AZE,AZ,東ヨーロッパ,Gakh,Qax,AZ-QAX
Azerbaijan,AZE,AZ,東ヨーロッパ,Gazakh,Qazax,AZ-QAZ
Azerbaijan,AZE,AZ,東ヨーロッパ,Guba,Quba,AZ-QBA
Azerbaijan,AZE,AZ,東ヨーロッパ,Gubadlı,Qubadlı,AZ-QBI
Azerbaijan,AZE,AZ,東ヨーロッパ,Gobustan,Qobustan,AZ-QOB
Azerbaijan,AZE,AZ,東ヨーロッパ,Gusar,Qusar,AZ-QUS
Azerbaijan,AZE,AZ,東ヨーロッパ,Shaki City,Şəki,AZ-SA
Azerbaijan,AZE,AZ,東ヨーロッパ,Sabirabad,Sabirabad,AZ-SAB
Azerbaijan,AZE,AZ,東ヨーロッパ,Sadarak,Sədərək,AZ-SAD
Azerbaijan,AZE,AZ,東ヨーロッパ,Shahbuz,Şahbuz,AZ-SAH
Azerbaijan,AZE,AZ,東ヨーロッパ,Shaki,Şəki,AZ-SAK
Azerbaijan,AZE,AZ,東ヨーロッパ,Salyan,Salyan,AZ-SAL
Azerbaijan,AZE,AZ,東ヨーロッパ,Sharur,Şərur,AZ-SAR
Azerbaijan,AZE,AZ,東ヨーロッパ,Saatly,Saatlı,AZ-SAT
Azerbaijan,AZE,AZ,東ヨーロッパ,Shabran,Şabran,AZ-SBN
Azerbaijan,AZE,AZ,東ヨーロッパ,Siyazan,Siyəzən,AZ-SIY
Azerbaijan,AZE,AZ,東ヨーロッパ,Shamkir,Şəmkir,AZ-SKR
Azerbaijan,AZE,AZ,東ヨーロッパ,Sumgayit,Sumqayıt,AZ-SM
Azerbaijan,AZE,AZ,東ヨーロッパ,Shamakhi,Şamaxı,AZ-SMI
Azerbaijan,AZE,AZ,東ヨーロッパ,Samukh,Samux,AZ-SMX
Azerbaijan,AZE,AZ,東ヨーロッパ,Shirvan,Şirvan,AZ-SR
Azerbaijan,AZE,AZ,東ヨーロッパ,Shusha,Şuşa,AZ-SUS
Azerbaijan,AZE,AZ,東ヨーロッパ,Tartar,Tərtər,AZ-TAR
Azerbaijan,AZE,AZ,東ヨーロッパ,Tovuz,Tovuz,AZ-TOV
Azerbaijan,AZE,AZ,東ヨーロッパ,Ujar,Ucar,AZ-UCA
Azerbaijan,AZE,AZ,東ヨーロッパ,Khankendi,Xankəndi,AZ-XA
Azerbaijan,AZE,AZ,東ヨーロッパ,Khachmaz,Xaçmaz,AZ-XAC
Azerbaijan,AZE,AZ,東ヨーロッパ,Khojaly,Xocalı,AZ-XCI
Azerbaijan,AZE,AZ,東ヨーロッパ,Khizi,Xızı,AZ-XIZ
Azerbaijan,AZE,AZ,東ヨーロッパ,Khojavend,Xocavənd,AZ-XVD
Azerbaijan,AZE,AZ,東ヨーロッパ,Yardimli,Yardımlı,AZ-YAR
Azerbaijan,AZE,AZ,東ヨーロッパ,Yevlakh City,Yevlax,AZ-YE
Azerbaijan,AZE,AZ,東ヨーロッパ,Yevlakh,Yevlax,AZ-YEV
Azerbaijan,AZE,AZ,東ヨーロッパ,Zangilan,Zəngilan,AZ-ZAN
Azerbaijan,AZE,AZ,東ヨーロッパ,Zagatala,Zaqatala,AZ-ZAQ
Azerbaijan,AZE,AZ,東ヨーロッパ,Zardab,Zərdab,AZ-ZAR
Bosnia and Herzegovina,BIH,BA,東ヨーロッパ,Federation of Bosnia and Herzegovina,Federacija Bosne i Hercegovine,BA-BIH
Bosnia and Herzegovina,BIH,BA,東ヨーロッパ,Brčko District,Brčko Distrikt,BA-BRC
Bosnia and Herzegovina,BIH,BA,東ヨーロッパ,Republika Srpska,Republika Srpska,BA-SRP
Barbados,BRB,BB,北アメリカ,Christ Church,Christ Church,BB-01
Barbados,BRB,BB,北アメリカ,Saint Andrew,Saint Andrew,BB-02
Barbados,BRB,BB,北アメリカ,Saint George,Saint George,BB-03
Barbados,BRB,BB,北アメリカ,Saint James,Saint James,BB-04
Barbados,BRB,BB,北アメリカ,Saint John,Saint John,BB-05
Barbados,BRB,BB,北アメリカ,Saint Joseph,Saint Joseph,BB-06
Barbados,BRB,BB,北アメリカ,Saint Lucy,Saint Lucy,BB-07
Barbados,BRB,BB,北アメリカ,Saint Michael,Saint Michael,BB-08
Barbados,BRB,BB,北アメリカ,Saint Peter,Saint Peter,BB-09
Barbados,BRB,BB,北アメリカ,Saint Philip,Saint Philip,BB-10
Barbados,BRB,BB,北アメリカ,Saint Thomas,Saint Thomas,BB-11
Bangladesh,BGD,BD,南アジア,Bandarban,Bandarban,BD-01
Bangladesh,BGD,BD,南アジア,Barguna,Barguna,BD-02
Bangladesh,BGD,BD,南アジア,Bogura,Bogura,BD-03
Bangladesh,BGD,BD,南アジア,Brahmanbaria,Brahmanbaria,BD-04
Bangladesh,BGD,BD,南アジア,Bagerhat,Bagerhat,BD-05
Bangladesh,BGD,BD,南アジア,Barishal,Barishal,BD-06
Bangladesh,BGD,BD,南アジア,Bhola,Bhola,BD-07
Bangladesh,BGD,BD,南アジア,Cumilla,Cumilla,BD-08
Bangladesh,BGD,BD,南アジア,Chandpur,Chandpur,BD-09
Bangladesh,BGD,BD,南アジア,Chattogram,Chattogram,BD-10
Bangladesh,BGD,BD,南アジア,Cox's Bazar,Cox's Bazar,BD-11
Bangladesh,BGD,BD,南アジア,Chuadanga,Chuadanga,BD-12
Bangladesh,BGD,BD,南アジア,Dhaka,Dhaka,BD-13
Bangladesh,BGD,BD,南アジア,Dinajpur,Dinajpur,BD-14
Bangladesh,BGD,BD,南アジア,Faridpur,Faridpur,BD-15
Bangladesh,BGD,BD,南アジア,Feni,Feni,BD-16
Bangladesh,BGD,BD,南アジア,Gopalganj,Gopalganj,BD-17
Bangladesh,BGD,BD,南アジア,Gazipur,Gazipur,BD-18
Bangladesh,BGD,BD,南アジア,Gaibandha,Gaibandha,BD-19
Bangladesh,BGD,BD,南アジア,Habiganj,Habiganj,BD-20
Bangladesh,BGD,BD,南アジア,Jamalpur,Jamalpur,BD-21
Bangladesh,BGD,BD,南アジア,Jashore,Jashore,BD-22
Bangladesh,BGD,BD,南アジア,Jhenaidah,Jhenaidah,BD-23
Bangladesh,BGD,BD,南アジア,Joypurhat,Joypurhat,BD-24
Bangladesh,BGD,BD,南アジア,Jhalakathi,Jhalakathi,BD-25
Bangladesh,BGD,BD,南アジア,Kishoreganj,Kishoreganj,BD-26
Bangladesh,BGD,BD,南アジア,Khulna,Khulna,BD-27
Bangladesh,BGD,BD,南アジア,Kurigram,Kurigram,BD-28
Bangladesh,BGD,BD,南アジア,Khagrachhari,Khagrachhari,BD-29
Bangladesh,BGD,BD,南アジア,Kushtia,Kushtia,BD-30
Bangladesh,BGD,BD,南アジア,Lakshmipur,Lakshmipur,BD-31
Bangladesh,BGD,BD,南アジア,Lalmonirhat,Lalmonirhat,BD-32
Bangladesh,BGD,BD,南アジア,Manikganj,Manikganj,BD-33
Bangladesh,BGD,BD,南アジア,Mymensingh,Mymensingh,BD-34
Bangladesh,BGD,BD,南アジア,Munshiganj,Munshiganj,BD-35
Bangladesh,BGD,BD,南アジア,Madaripur,Madaripur,BD-36
Bangladesh,BGD,BD,南アジア,Magura,Magura,BD-37
Bangladesh,BGD,BD,南アジア,Moulvibazar,Moulvibazar,BD-38
Bangladesh,BGD,BD,南アジア,Meherpur,Meherpur,BD-39
Bangladesh,BGD,BD,南アジア,Narayanganj,Narayanganj,BD-40
Bangladesh,BGD,BD,南アジア,Netrakona,Netrakona,BD-41
Bangladesh,BGD,BD,南アジア,Narsingdi,Narsingdi,BD-42
Bangladesh,BGD,BD,南アジア,Narail,Narail,BD-43
Bangladesh,BGD,BD,南アジア,Natore,Natore,BD-44
Bangladesh,BGD,BD,南アジア,Chapai Nawabganj,Chapai Nawabganj,BD-45
Bangladesh,BGD,BD,南アジア,Nilphamari,Nilphamari,BD-46
Bangladesh,BGD,BD,南アジア,Noakhali,Noakhali,BD-47
Bangladesh,BGD,BD,南アジア,Naogaon,Naogaon,BD-48
Bangladesh,BGD,BD,南アジア,Pabna,Pabna,BD-49
Bangladesh,BGD,BD,南アジア,Pirojpur,Pirojpur,BD-50
Bangladesh,BGD,BD,南アジア,Patuakhali,Patuakhali,BD-51
Bangladesh,BGD,BD,南アジア,Panchagarh,Panchagarh,BD-52
Bangladesh,BGD,BD,南アジア,Rajbari,Rajbari,BD-53
Bangladesh,BGD,BD,南アジア,Rajshahi,Rajshahi,BD-54
Bangladesh,BGD,BD,南アジア,Rangpur,Rangpur,BD-55
Bangladesh,BGD,BD,南アジア,Rangamati,Rangamati,BD-56
Bangladesh,BGD,BD,南アジア,Sherpur,Sherpur,BD-57
Bangladesh,BGD,BD,南アジア,Satkhira,Satkhira,BD-58
Bangladesh,BGD,BD,南アジア,Sirajganj,Sirajganj,BD-59
Bangladesh,BGD,BD,南アジア,Sylhet,Sylhet,BD-60
Bangladesh,BGD,BD,南アジア,Sunamganj,Sunamganj,BD-61
Bangladesh,BGD,BD,南アジア,Shariatpur,Shariatpur,BD-62
Bangladesh,BGD,BD,南アジア,Tangail,Tangail,BD-63
Bangladesh,BGD,BD,南アジア,Thakurgaon,Thakurgaon,BD-64
Belgium,BEL,BE,西ヨーロッパ,Antwerp,Antwerpen (nl),BE-VAN
Belgium,BEL,BE,西ヨーロッパ,Flemish Brabant,Vlaams-Brabant (nl),BE-VBR
Belgium,BEL,BE,西ヨーロッパ,Limburg,Limburg (nl),BE-VLI
Belgium,BEL,BE,西ヨーロッパ,East Flanders,Oost-Vlaanderen (nl),BE-VOV
Belgium,BEL,BE,西ヨーロッパ,West Flanders,West-Vlaanderen (nl),BE-VWV
Belgium,BEL,BE,西ヨーロッパ,Walloon Brabant,Brabant wallon (fr),BE-WBR
Belgium,BEL,BE,西ヨーロッパ,Hainaut,Hainaut (fr),BE-WHT
Belgium,BEL,BE,西ヨーロッパ,Liège,Liège (fr),BE-WLG
Belgium,BEL,BE,西ヨーロッパ,Luxembourg,Luxembourg (fr),BE-WLX
Belgium,BEL,BE,西ヨーロッパ,Namur,Namur (fr),BE-WNA
Burkina Faso,BFA,BF,西アフリカ,Balé,Balé,BF-BAL
Burkina Faso,BFA,BF,西アフリカ,Bam,Bam,BF-BAM
Burkina Faso,BFA,BF,西アフリカ,Banwa,Banwa,BF-BAN
Burkina Faso,BFA,BF,西アフリカ,Bazèga,Bazèga,BF-BAZ
Burkina Faso,BFA,BF,西アフリカ,Bougouriba,Bougouriba,BF-BGR
Burkina Faso,BFA,BF,西アフリカ,Boulgou,Boulgou,BF-BLG
Burkina Faso,BFA,BF,西アフリカ,Boulkiemdé,Boulkiemdé,BF-BLK
Burkina Faso,BFA,BF,西アフリカ,Comoé,Comoé,BF-COM
Burkina Faso,BFA,BF,西アフリカ,Ganzourgou,Ganzourgou,BF-GAN
Burkina Faso,BFA,BF,西アフリカ,Gnagna,Gnagna,BF-GNA
Burkina Faso,BFA,BF,西アフリカ,Gourma,Gourma,BF-GOU
Burkina Faso,BFA,BF,西アフリカ,Houet,Houet,BF-HOU
Burkina Faso,BFA,BF,西アフリカ,Ioba,Ioba,BF-IOB
Burkina Faso,BFA,BF,西アフリカ,Kadiogo,Kadiogo,BF-KAD
Burkina Faso,BFA,BF,西アフリカ,Kénédougou,Kénédougou,BF-KEN
Burkina Faso,BFA,BF,西アフリカ,Komondjari,Komondjari,BF-KMD
Burkina Faso,BFA,BF,西アフリカ,Kompienga,Kompienga,BF-KMP
Burkina Faso,BFA,BF,西アフリカ,Koulpélogo,Koulpélogo,BF-KOP
Burkina Faso,BFA,BF,西アフリカ,Kossi,Kossi,BF-KOS
Burkina Faso,BFA,BF,西アフリカ,Kouritenga,Kouritenga,BF-KOT
Burkina Faso,BFA,BF,西アフリカ,Kourwéogo,Kourwéogo,BF-KOW
Burkina Faso,BFA,BF,西アフリカ,Léraba,Léraba,BF-LER
Burkina Faso,BFA,BF,西アフリカ,Loroum,Loroum,BF-LOR
Burkina Faso,BFA,BF,西アフリカ,Mouhoun,Mouhoun,BF-MOU
Burkina Faso,BFA,BF,西アフリカ,Namentenga,Namentenga,BF-NAM
Burkina Faso,BFA,BF,西アフリカ,Nahouri,Nahouri,BF-NAO
Burkina Faso,BFA,BF,西アフリカ,Nayala,Nayala,BF-NAY
Burkina Faso,BFA,BF,西アフリカ,Noumbiel,Noumbiel,BF-NOU
Burkina Faso,BFA,BF,西アフリカ,Oubritenga,Oubritenga,BF-OUB
Burkina Faso,BFA,BF,西アフリカ,Oudalan,Oudalan,BF-OUD
Burkina Faso,BFA,BF,西アフリカ,Passoré,Passoré,BF-PAS
Burkina Faso,BFA,BF,西アフリカ,Poni,Poni,BF-PON
Burkina Faso,BFA,BF,西アフリカ,Séno,Séno,BF-SEN
Burkina Faso,BFA,BF,西アフリカ,Sissili,Sissili,BF-SIS
Burkina Faso,BFA,BF,西アフリカ,Sanmatenga,Sanmatenga,BF-SMT
Burkina Faso,BFA,BF,西アフリカ,Sanguié,Sanguié,BF-SNG
Burkina Faso,BFA,BF,西アフリカ,Soum,Soum,BF-SOM
Burkina Faso,BFA,BF,西アフリカ,Sourou,Sourou,BF-SOR
Burkina Faso,BFA,BF,西アフリカ,Tapoa,Tapoa,BF-TAP
Burkina Faso,BFA,BF,西アフリカ,Tuy,Tuy,BF-TUI
Burkina Faso,BFA,BF,西アフリカ,Yagha,Yagha,BF-YAG
Burkina Faso,BFA,BF,西アフリカ,Yatenga,Yatenga,BF-YAT
Burkina Faso,BFA,BF,西アフリカ,Ziro,Ziro,BF-ZIR
Burkina Faso,BFA,BF,西アフリカ,Zondoma,Zondoma,BF-ZON
Burkina Faso,BFA,BF,西アフリカ,Zoundwéogo,Zoundwéogo,BF-ZOU
Bulgaria,BGR,BG,東ヨーロッパ,Blagoevgrad,Blagoevgrad,BG-01
Bulgaria,BGR,BG,東ヨーロッパ,Burgas,Burgas,BG-02
Bulgaria,BGR,BG,東ヨーロッパ,Varna,Varna,BG-03
Bulgaria,BGR,BG,東ヨーロッパ,Veliko Tarnovo,Veliko Tarnovo,BG-04
Bulgaria,BGR,BG,東ヨーロッパ,Vidin,Vidin,BG-05
Bulgaria,BGR,BG,東ヨーロッパ,Vratsa,Vratsa,BG-06
Bulgaria,BGR,BG,東ヨーロッパ,Gabrovo,Gabrovo,BG-07
Bulgaria,BGR,BG,東ヨーロッパ,Dobrich,Dobrich,BG-08
Bulgaria,BGR,BG,東ヨーロッパ,Kardzhali,Kardzhali,BG-09
Bulgaria,BGR,BG,東ヨーロッパ,Kyustendil,Kyustendil,BG-10
Bulgaria,BGR,BG,東ヨーロッパ,Lovech,Lovech,BG-11
Bulgaria,BGR,BG,東ヨーロッパ,Montana,Montana,BG-12
Bulgaria,BGR,BG,東ヨーロッパ,Pazardzhik,Pazardzhik,BG-13
Bulgaria,BGR,BG,東ヨーロッパ,Pernik,Pernik,BG-14
Bulgaria,BGR,BG,東ヨーロッパ,Pleven,Pleven,BG-15
Bulgaria,BGR,BG,東ヨーロッパ,Plovdiv,Plovdiv,BG-16
Bulgaria,BGR,BG,東ヨーロッパ,Razgrad,Razgrad,BG-17
Bulgaria,BGR,BG,東ヨーロッパ,Ruse,Ruse,BG-18
Bulgaria,BGR,BG,東ヨーロッパ,Silistra,Silistra,BG-19
Bulgaria,BGR,BG,東ヨーロッパ,Sliven,Sliven,BG-20
Bulgaria,BGR,BG,東ヨーロッパ,Smolyan,Smolyan,BG-21
Bulgaria,BGR,BG,東ヨーロッパ,Sofia (stolitsa),Sofia (stolitsa),BG-22
Bulgaria,BGR,BG,東ヨーロッパ,Sofia,Sofia,BG-23
Bulgaria,BGR,BG,東ヨーロッパ,Stara Zagora,Stara Zagora,BG-24
Bulgaria,BGR,BG,東ヨーロッパ,Targovishte,Targovishte,BG-25
Bulgaria,BGR,BG,東ヨーロッパ,Haskovo,Haskovo,BG-26
Bulgaria,BGR,BG,東ヨーロッパ,Shumen,Shumen,BG-27
Bulgaria,BGR,BG,東ヨーロッパ,Yambol,Yambol,BG-28
Bahrain,BHR,BH,中東,Capital Governorate,Al ‘Āşimah,BH-13
Bahrain,BHR,BH,中東,Southern Governorate,Al Janūbīyah,BH-14
Bahrain,BHR,BH,中東,Muharraq Governorate,Al Muḩarraq,BH-15
Bahrain,BHR,BH,中東,Northern Governorate,Ash Shamālīyah,BH-17
Burundi,BDI,BI,中央アフリカ,Bubanza,Bubanza,BI-BB
Burundi,BDI,BI,中央アフリカ,Bujumbura Rural,Bujumbura Rural,BI-BL
Burundi,BDI,BI,中央アフリカ,Bujumbura Mairie,Bujumbura Mairie,BI-BM
Burundi,BDI,BI,中央アフリカ,Bururi,Bururi,BI-BR
Burundi,BDI,BI,中央アフリカ,Cankuzo,Cankuzo,BI-CA
Burundi,BDI,BI,中央アフリカ,Cibitoke,Cibitoke,BI-CI
Burundi,BDI,BI,中央アフリカ,Gitega,Gitega,BI-GI
Burundi,BDI,BI,中央アフリカ,Kirundo,Kirundo,BI-KI
Burundi,BDI,BI,中央アフリカ,Karuzi,Karuzi,BI-KR
Burundi,BDI,BI,中央アフリカ,Kayanza,Kayanza,BI-KY
Burundi,BDI,BI,中央アフリカ,Makamba,Makamba,BI-MA
Burundi,BDI,BI,中央アフリカ,Muramvya,Muramvya,BI-MU
Burundi,BDI,BI,中央アフリカ,Mwaro,Mwaro,BI-MW
Burundi,BDI,BI,中央アフリカ,Muyinga,Muyinga,BI-MY
Burundi,BDI,BI,中央アフリカ,Ngozi,Ngozi,BI-NG
Burundi,BDI,BI,中央アフリカ,Rumonge,Rumonge,BI-RM
Burundi,BDI,BI,中央アフリカ,Rutana,Rutana,BI-RT
Burundi,BDI,BI,中央アフリカ,Ruyigi,Ruyigi,BI-RY
Benin,BEN,BJ,西アフリカ,Atacora,Atacora,BJ-AK
Benin,BEN,BJ,西アフリカ,Alibori,Alibori,BJ-AL
Benin,BEN,BJ,西アフリカ,Atlantique,Atlantique,BJ-AQ
Benin,BEN,BJ,西アフリカ,Borgou,Borgou,BJ-BO
Benin,BEN,BJ,西アフリカ,Collines,Collines,BJ-CO
Benin,BEN,BJ,西アフリカ,Donga,Donga,BJ-DO
Benin,BEN,BJ,西アフリカ,Couffo,Couffo,BJ-KO
Benin,BEN,BJ,西アフリカ,Littoral,Littoral,BJ-LI
Benin,BEN,BJ,西アフリカ,Mono,Mono,BJ-MO
Benin,BEN,BJ,西アフリカ,Ouémé,Ouémé,BJ-OU
Benin,BEN,BJ,西アフリカ,Plateau,Plateau,BJ-PL
Benin,BEN,BJ,西アフリカ,Zou,Zou,BJ-ZO
Brunei Darussalam,BRN,BN,東南アジア,Belait,Belait,BN-BE
Brunei Darussalam,BRN,BN,東南アジア,Brunei-Muara,Brunei-Muara,BN-BM
Brunei Darussalam,BRN,BN,東南アジア,Temburong,Temburong,BN-TE
Brunei Darussalam,BRN,BN,東南アジア,Tutong,Tutong,BN-TU
Bolivia (Plurinational State of),BOL,BO,南アメリカ,El Beni,El Beni,BO-B
Bolivia (Plurinational State of),BOL,BO,南アメリカ,Cochabamba,Cochabamba,BO-C
Bolivia (Plurinational State of),BOL,BO,南アメリカ,Chuquisaca,Chuquisaca,BO-H
Bolivia (Plurinational State of),BOL,BO,南アメリカ,La Paz,La Paz,BO-L
Bolivia (Plurinational State of),BOL,BO,南アメリカ,Pando,Pando,BO-N
Bolivia (Plurinational State of),BOL,BO,南アメリカ,Oruro,Oruro,BO-O
Bolivia (Plurinational State of),BOL,BO,南アメリカ,Potosí,Potosí,BO-P
Bolivia (Plurinational State of),BOL,BO,南アメリカ,Santa Cruz,Santa Cruz,BO-S
Bolivia (Plurinational State of),BOL,BO,南アメリカ,Tarija,Tarija,BO-T
"Bonaire, Sint Eustatius and Saba",BES,BQ,中央アメリカ,Bonaire,Bonaire,BQ-BO
"Bonaire, Sint Eustatius and Saba",BES,BQ,中央アメリカ,Saba,Saba,BQ-SA
"Bonaire, Sint Eustatius and Saba",BES,BQ,中央アメリカ,Sint Eustatius,Sint Eustatius,BQ-SE
Brazil,BRA,BR,南アメリカ,Acre,Acre,BR-AC
Brazil,BRA,BR,南アメリカ,Alagoas,Alagoas,BR-AL
Brazil,BRA,BR,南アメリカ,Amazonas,Amazonas,BR-AM
Brazil,BRA,BR,南アメリカ,Amapá,Amapá,BR-AP
Brazil,BRA,BR,南アメリカ,Bahia,Bahia,BR-BA
Brazil,BRA,BR,南アメリカ,Ceará,Ceará,BR-CE
Brazil,BRA,BR,南アメリカ,Distrito Federal,Distrito Federal,BR-DF
Brazil,BRA,BR,南アメリカ,Espírito Santo,Espírito Santo,BR-ES
Brazil,BRA,BR,南アメリカ,Goiás,Goiás,BR-GO
Brazil,BRA,BR,南アメリカ,Maranhão,Maranhão,BR-MA
Brazil,BRA,BR,南アメリカ,Minas Gerais,Minas Gerais,BR-MG
Brazil,BRA,BR,南アメリカ,Mato Grosso do Sul,Mato Grosso do Sul,BR-MS
Brazil,BRA,BR,南アメリカ,Mato Grosso,Mato Grosso,BR-MT
Brazil,BRA,BR,南アメリカ,Pará,Pará,BR-PA
Brazil,BRA,BR,南アメリカ,Paraíba,Paraíba,BR-PB
Brazil,BRA,BR,南アメリカ,Pernambuco,Pernambuco,BR-PE
Brazil,BRA,BR,南アメリカ,Piauí,Piauí,BR-PI
Brazil,BRA,BR,南アメリカ,Paraná,Paraná,BR-PR
Brazil,BRA,BR,南アメリカ,Rio de Janeiro,Rio de Janeiro,BR-RJ
Brazil,BRA,BR,南アメリカ,Rio Grande do Norte,Rio Grande do Norte,BR-RN
Brazil,BRA,BR,南アメリカ,Rondônia,Rondônia,BR-RO
Brazil,BRA,BR,南アメリカ,Roraima,Roraima,BR-RR
Brazil,BRA,BR,南アメリカ,Rio Grande do Sul,Rio Grande do Sul,BR-RS
Brazil,BRA,BR,南アメリカ,Santa Catarina,Santa Catarina,BR-SC
Brazil,BRA,BR,南アメリカ,Sergipe,Sergipe,BR-SE
Brazil,BRA,BR,南アメリカ,São Paulo,São Paulo,BR-SP
Brazil,BRA,BR,南アメリカ,Tocantins,Tocantins,BR-TO
Bahamas,BHS,BS,中央アメリカ,Acklins,Acklins,BS-AK
Bahamas,BHS,BS,中央アメリカ,Bimini,Bimini,BS-BI
Bahamas,BHS,BS,中央アメリカ,Black Point,Black Point,BS-BP
Bahamas,BHS,BS,中央アメリカ,Berry Islands,Berry Islands,BS-BY
Bahamas,BHS,BS,中央アメリカ,Central Eleuthera,Central Eleuthera,BS-CE
Bahamas,BHS,BS,中央アメリカ,Cat Island,Cat Island,BS-CI
Bahamas,BHS,BS,中央アメリカ,Crooked Island and Long Cay,Crooked Island and Long Cay,BS-CK
Bahamas,BHS,BS,中央アメリカ,Central Abaco,Central Abaco,BS-CO
Bahamas,BHS,BS,中央アメリカ,Central Andros,Central Andros,BS-CS
Bahamas,BHS,BS,中央アメリカ,East Grand Bahama,East Grand Bahama,BS-EG
Bahamas,BHS,BS,中央アメリカ,Exuma,Exuma,BS-EX
Bahamas,BHS,BS,中央アメリカ,City of Freeport,City of Freeport,BS-FP
Bahamas,BHS,BS,中央アメリカ,Grand Cay,Grand Cay,BS-GC
Bahamas,BHS,BS,中央アメリカ,Harbour Island,Harbour Island,BS-HI
Bahamas,BHS,BS,中央アメリカ,Hope Town,Hope Town,BS-HT
Bahamas,BHS,BS,中央アメリカ,Inagua,Inagua,BS-IN
Bahamas,BHS,BS,中央アメリカ,Long Island,Long Island,BS-LI
Bahamas,BHS,BS,中央アメリカ,Mangrove Cay,Mangrove Cay,BS-MC
Bahamas,BHS,BS,中央アメリカ,Mayaguana,Mayaguana,BS-MG
Bahamas,BHS,BS,中央アメリカ,Moore's Island,Moore's Island,BS-MI
Bahamas,BHS,BS,中央アメリカ,North Eleuthera,North Eleuthera,BS-NE
Bahamas,BHS,BS,中央アメリカ,North Abaco,North Abaco,BS-NO
Bahamas,BHS,BS,中央アメリカ,New Providence,New Providence,BS-NP
Bahamas,BHS,BS,中央アメリカ,North Andros,North Andros,BS-NS
Bahamas,BHS,BS,中央アメリカ,Rum Cay,Rum Cay,BS-RC
Bahamas,BHS,BS,中央アメリカ,Ragged Island,Ragged Island,BS-RI
Bahamas,BHS,BS,中央アメリカ,South Andros,South Andros,BS-SA
Bahamas,BHS,BS,中央アメリカ,South Eleuthera,South Eleuthera,BS-SE
Bahamas,BHS,BS,中央アメリカ,South Abaco,South Abaco,BS-SO
Bahamas,BHS,BS,中央アメリカ,San Salvador,San Salvador,BS-SS
Bahamas,BHS,BS,中央アメリカ,Spanish Wells,Spanish Wells,BS-SW
Bahamas,BHS,BS,中央アメリカ,West Grand Bahama,West Grand Bahama,BS-WG
Bhutan,BTN,BT,南アジア,Paro,Paro,BT-11
Bhutan,BTN,BT,南アジア,Chhukha,Chhukha,BT-12
Bhutan,BTN,BT,南アジア,Haa,Haa,BT-13
Bhutan,BTN,BT,南アジア,Samtse,Samtse,BT-14
Bhutan,BTN,BT,南アジア,Thimphu,Thimphu,BT-15
Bhutan,BTN,BT,南アジア,Tsirang,Tsirang,BT-21
Bhutan,BTN,BT,南アジア,Dagana,Dagana,BT-22
Bhutan,BTN,BT,南アジア,Punakha,Punakha,BT-23
Bhutan,BTN,BT,南アジア,Wangdue Phodrang,Wangdue Phodrang,BT-24
Bhutan,BTN,BT,南アジア,Sarpang,Sarpang,BT-31
Bhutan,BTN,BT,南アジア,Trongsa,Trongsa,BT-32
Bhutan,BTN,BT,南アジア,Bumthang,Bumthang,BT-33
Bhutan,BTN,BT,南アジア,Zhemgang,Zhemgang,BT-34
Bhutan,BTN,BT,南アジア,Trashigang,Trashigang,BT-41
Bhutan,BTN,BT,南アジア,Monggar,Monggar,BT-42
Bhutan,BTN,BT,南アジア,Pema Gatshel,Pema Gatshel,BT-43
Bhutan,BTN,BT,南アジア,Lhuentse,Lhuentse,BT-44
Bhutan,BTN,BT,南アジア,Samdrup Jongkhar,Samdrup Jongkhar,BT-45
Bhutan,BTN,BT,南アジア,Gasa,Gasa,BT-GA
Bhutan,BTN,BT,南アジア,Trashi Yangtse,Trashi Yangtse,BT-TY
Botswana,BWA,BW,南アフリカ,Central,Central,BW-CE
Botswana,BWA,BW,南アフリカ,Chobe,Chobe,BW-CH
Botswana,BWA,BW,南アフリカ,Francistown,Francistown,BW-FR
Botswana,BWA,BW,南アフリカ,Gaborone,Gaborone,BW-GA
Botswana,BWA,BW,南アフリカ,Ghanzi,Ghanzi,BW-GH
Botswana,BWA,BW,南アフリカ,Jwaneng,Jwaneng,BW-JW
Botswana,BWA,BW,南アフリカ,Kgalagadi,Kgalagadi,BW-KG
Botswana,BWA,BW,南アフリカ,Kgatleng,Kgatleng,BW-KL
Botswana,BWA,BW,南アフリカ,Kweneng,Kweneng,BW-KW
Botswana,BWA,BW,南アフリカ,Lobatse,Lobatse,BW-LO
Botswana,BWA,BW,南アフリカ,North East,North East,BW-NE
Botswana,BWA,BW,南アフリカ,North West,North West,BW-NW
Botswana,BWA,BW,南アフリカ,South East,South East,BW-SE
Botswana,BWA,BW,南アフリカ,Southern,Southern,BW-SO
Botswana,BWA,BW,南アフリカ,Selibe Phikwe,Selibe Phikwe,BW-SP
Botswana,BWA,BW,南アフリカ,Sowa Town,Sowa Town,BW-ST
Belarus,BLR,BY,東ヨーロッパ,Брэсцкая вобласць,Brestskaya voblasts',BY-BR
Belarus,BLR,BY,東ヨーロッパ,Горад Мінск,Horad Minsk,BY-HM
Belarus,BLR,BY,東ヨーロッパ,Гомельская вобласць,Homyel'skaya voblasts',BY-HO
Belarus,BLR,BY,東ヨーロッパ,Гродзенская вобласць,Hrodzyenskaya voblasts',BY-HR
Belarus,BLR,BY,東ヨーロッパ,Магілёўская вобласць,Mahilyowskaya voblasts',BY-MA
Belarus,BLR,BY,東ヨーロッパ,Мінская вобласць,Minskaya voblasts',BY-MI
Belarus,BLR,BY,東ヨーロッパ,Віцебская вобласць,Vitsyebskaya voblasts',BY-VI
Belize,BLZ,BZ,中央アメリカ,Belize,Belize,BZ-BZ
Belize,BLZ,BZ,中央アメリカ,Cayo,Cayo,BZ-CY
Belize,BLZ,BZ,中央アメリカ,Corozal,Corozal,BZ-CZL
Belize,BLZ,BZ,中央アメリカ,Orange Walk,Orange Walk,BZ-OW
Belize,BLZ,BZ,中央アメリカ,Stann Creek,Stann Creek,BZ-SC
Belize,BLZ,BZ,中央アメリカ,Toledo,Toledo,BZ-TOL
Canada,CAN,CA,北アメリカ,Alberta,Alberta,CA-AB
Canada,CAN,CA,北アメリカ,British Columbia,British Columbia,CA-BC
Canada,CAN,CA,北アメリカ,Manitoba,Manitoba,CA-MB
Canada,CAN,CA,北アメリカ,New Brunswick,New Brunswick,CA-NB
Canada,CAN,CA,北アメリカ,Newfoundland and Labrador,Newfoundland and Labrador,CA-NL
Canada,CAN,CA,北アメリカ,Nova Scotia,Nova Scotia,CA-NS
Canada,CAN,CA,北アメリカ,Northwest Territories,Northwest Territories,CA-NT
Canada,CAN,CA,北アメリカ,Nunavut,Nunavut,CA-NU
Canada,CAN,CA,北アメリカ,Ontario,Ontario,CA-ON
Canada,CAN,CA,北アメリカ,Prince Edward Island,Prince Edward Island,CA-PE
Canada,CAN,CA,北アメリカ,Quebec,Quebec,CA-QC
Canada,CAN,CA,北アメリカ,Saskatchewan,Saskatchewan,CA-SK
Canada,CAN,CA,北アメリカ,Yukon,Yukon,CA-YT
"Congo, Democratic Republic of the",COD,CD,中央アフリカ,Central Kongo,Kongo Central,CD-BC
"Congo, Democratic Republic of the",COD,CD,中央アフリカ,Lower Uele,Bas-Uélé,CD-BU
"Congo, Democratic Republic of the",COD,CD,中央アフリカ,Equator,Équateur,CD-EQ
"Congo, Democratic Republic of the",COD,CD,中央アフリカ,Upper Katanga,Haut-Katanga,CD-HK
"Congo, Democratic Republic of the",COD,CD,中央アフリカ,Upper Lomami,Haut-Lomami,CD-HL
"Congo, Democratic Republic of the",COD,CD,中央アフリカ,Upper Uele,Haut-Uélé,CD-HU
"Congo, Democratic Republic of the",COD,CD,中央アフリカ,Ituri,Ituri,CD-IT
"Congo, Democratic Republic of the",COD,CD,中央アフリカ,Central Kasai,Kasaï Central,CD-KC
"Congo, Democratic Republic of the",COD,CD,中央アフリカ,Eastern Kasai,Kasaï Oriental,CD-KE
"Congo, Democratic Republic of the",COD,CD,中央アフリカ,Kwango,Kwango,CD-KG
"Congo, Democratic Republic of the",COD,CD,中央アフリカ,Kwilu,Kwilu,CD-KL
"Congo, Democratic Republic of the",COD,CD,中央アフリカ,Kinshasa,Kinshasa,CD-KN
"Congo, Democratic Republic of the",COD,CD,中央アフリカ,Kasai,Kasaï,CD-KS
"Congo, Democratic Republic of the",COD,CD,中央アフリカ,Lomami,Lomami,CD-LO
"Congo, Democratic Republic of the",COD,CD,中央アフリカ,Lualaba,Lualaba,CD-LU
"Congo, Democratic Republic of the",COD,CD,中央アフリカ,Maniema,Maniema,CD-MA
"Congo, Democratic Republic of the",COD,CD,中央アフリカ,Mai-Ndombe,Mai-Ndombe,CD-MN
"Congo, Democratic Republic of the",COD,CD,中央アフリカ,Mongala,Mongala,CD-MO
"Congo, Democratic Republic of the",COD,CD,中央アフリカ,North Kivu,Nord-Kivu,CD-NK
"Congo, Democratic Republic of the",COD,CD,中央アフリカ,North Ubangi,Nord-Ubangi,CD-NU
"Congo, Democratic Republic of the",COD,CD,中央アフリカ,Sankuru,Sankuru,CD-SA
"Congo, Democratic Republic of the",COD,CD,中央アフリカ,South Kivu,Sud-Kivu,CD-SK
"Congo, Democratic Republic of the",COD,CD,中央アフリカ,South Ubangi,Sud-Ubangi,CD-SU
"Congo, Democratic Republic of the",COD,CD,中央アフリカ,Tanganyika,Tanganyika,CD-TA
"Congo, Democratic Republic of the",COD,CD,中央アフリカ,Tshopo,Tshopo,CD-TO
"Congo, Democratic Republic of the",COD,CD,中央アフリカ,Tshuapa,Tshuapa,CD-TU
Central African Republic,CAF,CF,中央アフリカ,Ouham,Ouham,CF-AC
Central African Republic,CAF,CF,中央アフリカ,Bamingui-Bangoran,Bamingui-Bangoran,CF-BB
Central African Republic,CAF,CF,中央アフリカ,Bangui,Bangui,CF-BGF
Central African Republic,CAF,CF,中央アフリカ,Basse-Kotto,Basse-Kotto,CF-BK
Central African Republic,CAF,CF,中央アフリカ,Haute-Kotto,Haute-Kotto,CF-HK
Central African Republic,CAF,CF,中央アフリカ,Haut-Mbomou,Haut-Mbomou,CF-HM
Central African Republic,CAF,CF,中央アフリカ,Haute-Sangha / Mambéré-Kadéï,Haute-Sangha / Mambéré-Kadéï,CF-HS
Central African Republic,CAF,CF,中央アフリカ,Gribingui,Gribingui,CF-KB
Central African Republic,CAF,CF,中央アフリカ,Kémo-Gribingui,Kémo-Gribingui,CF-KG
Central African Republic,CAF,CF,中央アフリカ,Lobaye,Lobaye,CF-LB
Central African Republic,CAF,CF,中央アフリカ,Mbomou,Mbomou,CF-MB
Central African Republic,CAF,CF,中央アフリカ,Ombella-Mpoko,Ombella-Mpoko,CF-MP
Central African Republic,CAF,CF,中央アフリカ,Nana-Mambéré,Nana-Mambéré,CF-NM
Central African Republic,CAF,CF,中央アフリカ,Ouham-Pendé,Ouham-Pendé,CF-OP
Central African Republic,CAF,CF,中央アフリカ,Sangha,Sangha,CF-SE
Central African Republic,CAF,CF,中央アフリカ,Ouaka,Ouaka,CF-UK
Central African Republic,CAF,CF,中央アフリカ,Vakaga,Vakaga,CF-VK
Congo,COG,CG,中央アフリカ,Bouenza,Bouenza,CG-11
Congo,COG,CG,中央アフリカ,Pool,Pool,CG-12
Congo,COG,CG,中央アフリカ,Sangha,Sangha,CG-13
Congo,COG,CG,中央アフリカ,Plateaux,Plateaux,CG-14
Congo,COG,CG,中央アフリカ,West Cuvette,Cuvette-Ouest,CG-15
Congo,COG,CG,中央アフリカ,Black Point,Pointe-Noire,CG-16
Congo,COG,CG,中央アフリカ,Lekoumou,Lékoumou,CG-2
Congo,COG,CG,中央アフリカ,Kouilou,Kouilou,CG-5
Congo,COG,CG,中央アフリカ,Likouala,Likouala,CG-7
Congo,COG,CG,中央アフリカ,Cuvette,Cuvette,CG-8
Congo,COG,CG,中央アフリカ,Niari,Niari,CG-9
Congo,COG,CG,中央アフリカ,Brazzaville,Brazzaville,CG-BZV
Switzerland,CHE,CH,西ヨーロッパ,Aargau (de),Aargau (de),CH-AG
Switzerland,CHE,CH,西ヨーロッパ,Appenzell Innerrhoden (de),Appenzell Innerrhoden (de),CH-AI
Switzerland,CHE,CH,西ヨーロッパ,Appenzell Ausserrhoden (de),Appenzell Ausserrhoden (de),CH-AR
Switzerland,CHE,CH,西ヨーロッパ,"Bern (de), Berne (fr)","Bern (de), Berne (fr)",CH-BE
Switzerland,CHE,CH,西ヨーロッパ,Basel-Landschaft (de),Basel-Landschaft (de),CH-BL
Switzerland,CHE,CH,西ヨーロッパ,Basel-Stadt (de),Basel-Stadt (de),CH-BS
Switzerland,CHE,CH,西ヨーロッパ,"Fribourg (fr), Freiburg (de)","Fribourg (fr), Freiburg (de)",CH-FR
Switzerland,CHE,CH,西ヨーロッパ,Genève (fr),Genève (fr),CH-GE
Switzerland,CHE,CH,西ヨーロッパ,Glarus (de),Glarus (de),CH-GL
Switzerland,CHE,CH,西ヨーロッパ,"Graubünden (de), Grigioni (it), Grischun (rm)","Graubünden (de), Grigioni (it), Grischun (rm)",CH-GR
Switzerland,CHE,CH,西ヨーロッパ,Jura (fr),Jura (fr),CH-JU
Switzerland,CHE,CH,西ヨーロッパ,Luzern (de),Luzern (de),CH-LU
Switzerland,CHE,CH,西ヨーロッパ,Neuchâtel (fr),Neuchâtel (fr),CH-NE
Switzerland,CHE,CH,西ヨーロッパ,Nidwalden (de),Nidwalden (de),CH-NW
Switzerland,CHE,CH,西ヨーロッパ,Obwalden (de),Obwalden (de),CH-OW
Switzerland,CHE,CH,西ヨーロッパ,Sankt Gallen (de),Sankt Gallen (de),CH-SG
Switzerland,CHE,CH,西ヨーロッパ,Schaffhausen (de),Schaffhausen (de),CH-SH
Switzerland,CHE,CH,西ヨーロッパ,Solothurn (de),Solothurn (de),CH-SO
Switzerland,CHE,CH,西ヨーロッパ,Schwyz (de),Schwyz (de),CH-SZ
Switzerland,CHE,CH,西ヨーロッパ,Thurgau (de),Thurgau (de),CH-TG
Switzerland,CHE,CH,西ヨーロッパ,Ticino (it),Ticino (it),CH-TI
Switzerland,CHE,CH,西ヨーロッパ,Uri (de),Uri (de),CH-UR
Switzerland,CHE,CH,西ヨーロッパ,Vaud (fr),Vaud (fr),CH-VD
Switzerland,CHE,CH,西ヨーロッパ,"Valais (fr), Wallis (de)","Valais (fr), Wallis (de)",CH-VS
Switzerland,CHE,CH,西ヨーロッパ,Zug (de),Zug (de),CH-ZG
Switzerland,CHE,CH,西ヨーロッパ,Zürich (de),Zürich (de),CH-ZH
Côte d'Ivoire,CIV,CI,西アフリカ,Abidjan,Abidjan,CI-AB
Côte d'Ivoire,CIV,CI,西アフリカ,Lower Sassandra,Bas-Sassandra,CI-BS
Côte d'Ivoire,CIV,CI,西アフリカ,Comoé,Comoé,CI-CM
Côte d'Ivoire,CIV,CI,西アフリカ,Denguélé,Denguélé,CI-DN
Côte d'Ivoire,CIV,CI,西アフリカ,Gôh-Djiboua,Gôh-Djiboua,CI-GD
Côte d'Ivoire,CIV,CI,西アフリカ,Lakes,Lacs,CI-LC
Côte d'Ivoire,CIV,CI,西アフリカ,Lagoons,Lagunes,CI-LG
Côte d'Ivoire,CIV,CI,西アフリカ,Mountains,Montagnes,CI-MG
Côte d'Ivoire,CIV,CI,西アフリカ,Sassandra-Marahoué,Sassandra-Marahoué,CI-SM
Côte d'Ivoire,CIV,CI,西アフリカ,Savannahs,Savanes,CI-SV
Côte d'Ivoire,CIV,CI,西アフリカ,Bandama Valley,Vallée du Bandama,CI-VB
Côte d'Ivoire,CIV,CI,西アフリカ,Woroba,Woroba,CI-WR
Côte d'Ivoire,CIV,CI,西アフリカ,Yamoussoukro,Yamoussoukro,CI-YM
Côte d'Ivoire,CIV,CI,西アフリカ,Zanzan,Zanzan,CI-ZZ
Chile,CHL,CL,南アメリカ,Aisen,Aisén del General Carlos Ibañez del Campo,CL-AI
Chile,CHL,CL,南アメリカ,Antofagasta,Antofagasta,CL-AN
Chile,CHL,CL,南アメリカ,Arica and Parinacota,Arica y Parinacota,CL-AP
Chile,CHL,CL,南アメリカ,La Araucania,La Araucanía,CL-AR
Chile,CHL,CL,南アメリカ,Atacama,Atacama,CL-AT
Chile,CHL,CL,南アメリカ,Biobio,Biobío,CL-BI
Chile,CHL,CL,南アメリカ,Coquimbo,Coquimbo,CL-CO
Chile,CHL,CL,南アメリカ,O'Higgins,Libertador General Bernardo O'Higgins,CL-LI
Chile,CHL,CL,南アメリカ,The Lakes,Los Lagos,CL-LL
Chile,CHL,CL,南アメリカ,The Rivers,Los Ríos,CL-LR
Chile,CHL,CL,南アメリカ,Magellan,Magallanes,CL-MA
Chile,CHL,CL,南アメリカ,Maule,Maule,CL-ML
Chile,CHL,CL,南アメリカ,Nuble,Ñuble,CL-NB
Chile,CHL,CL,南アメリカ,Santiago Metropolitan Region,Región Metropolitana de Santiago,CL-RM
Chile,CHL,CL,南アメリカ,Tarapaca,Tarapacá,CL-TA
Chile,CHL,CL,南アメリカ,Valparaiso,Valparaíso,CL-VS
Cameroon,CMR,CM,中央アフリカ,Adamaoua,Adamaoua,CM-AD
Cameroon,CMR,CM,中央アフリカ,Centre,Centre,CM-CE
Cameroon,CMR,CM,中央アフリカ,Far North,Far North,CM-EN
Cameroon,CMR,CM,中央アフリカ,East,East,CM-ES
Cameroon,CMR,CM,中央アフリカ,Littoral,Littoral,CM-LT
Cameroon,CMR,CM,中央アフリカ,North,North,CM-NO
Cameroon,CMR,CM,中央アフリカ,North-West,North-West,CM-NW
Cameroon,CMR,CM,中央アフリカ,West,West,CM-OU
Cameroon,CMR,CM,中央アフリカ,South,South,CM-SU
Cameroon,CMR,CM,中央アフリカ,South-West,South-West,CM-SW
China,CHN,CN,東アジア,Anhui,Anhui Sheng,CN-AH
China,CHN,CN,東アジア,Beijing,Beijing Shi,CN-BJ
China,CHN,CN,東アジア,Chongqing,Chongqing Shi,CN-CQ
China,CHN,CN,東アジア,Fujian,Fujian Sheng,CN-FJ
China,CHN,CN,東アジア,Guangdong,Guangdong Sheng,CN-GD
China,CHN,CN,東アジア,Gansu,Gansu Sheng,CN-GS
China,CHN,CN,東アジア,Guangxi,Guangxi Zhuangzu Zizhiqu,CN-GX
China,CHN,CN,東アジア,Guizhou,Guizhou Sheng,CN-GZ
China,CHN,CN,東アジア,Henan,Henan Sheng,CN-HA
China,CHN,CN,東アジア,Hubei,Hubei Sheng,CN-HB
China,CHN,CN,東アジア,Hebei,Hebei Sheng,CN-HE
China,CHN,CN,東アジア,Hainan,Hainan Sheng,CN-HI
China,CHN,CN,東アジア,Hong Kong,Hong Kong SAR (en)Xianggang Tebiexingzhengqu,CN-HK
China,CHN,CN,東アジア,Heilongjiang,Heilongjiang Sheng,CN-HL
China,CHN,CN,東アジア,Hunan,Hunan Sheng,CN-HN
China,CHN,CN,東アジア,Jilin,Jilin Sheng,CN-JL
China,CHN,CN,東アジア,Jiangsu,Jiangsu Sheng,CN-JS
China,CHN,CN,東アジア,Jiangxi,Jiangxi Sheng,CN-JX
China,CHN,CN,東アジア,Liaoning,Liaoning Sheng,CN-LN
China,CHN,CN,東アジア,Macao,Macao SAR (en)Macau SAR (pt)Aomen Tebiexingzhengqu,CN-MO
China,CHN,CN,東アジア,Inner Mongolia,Nei Mongol Zizhiqu,CN-NM
China,CHN,CN,東アジア,Ningxia,Ningxia Huizu Zizhiqu,CN-NX
China,CHN,CN,東アジア,Qinghai,Qinghai Sheng,CN-QH
China,CHN,CN,東アジア,Sichuan,Sichuan Sheng,CN-SC
China,CHN,CN,東アジア,Shandong,Shandong Sheng,CN-SD
China,CHN,CN,東アジア,Shanghai,Shanghai Shi,CN-SH
China,CHN,CN,東アジア,Shaanxi,Shaanxi Sheng,CN-SN
China,CHN,CN,東アジア,Shanxi,Shanxi Sheng,CN-SX
China,CHN,CN,東アジア,Tianjin,Tianjin Shi,CN-TJ
China,CHN,CN,東アジア,Taiwan,Taiwan Sheng,CN-TW
China,CHN,CN,東アジア,Xinjiang,Xinjiang Uygur Zizhiqu,CN-XJ
China,CHN,CN,東アジア,Tibet,Xizang Zizhiqu,CN-XZ
China,CHN,CN,東アジア,Yunnan,Yunnan Sheng,CN-YN
China,CHN,CN,東アジア,Zhejiang,Zhejiang Sheng,CN-ZJ
Colombia,COL,CO,南アメリカ,Amazonia,Amazonas,CO-AMA
Colombia,COL,CO,南アメリカ,Antioquia,Antioquia,CO-ANT
Colombia,COL,CO,南アメリカ,Arauca,Arauca,CO-ARA
Colombia,COL,CO,南アメリカ,Atlantico,Atlántico,CO-ATL
Colombia,COL,CO,南アメリカ,Bolivar,Bolívar,CO-BOL
Colombia,COL,CO,南アメリカ,Boyaca,Boyacá,CO-BOY
Colombia,COL,CO,南アメリカ,Caldas,Caldas,CO-CAL
Colombia,COL,CO,南アメリカ,Caqueta,Caquetá,CO-CAQ
Colombia,COL,CO,南アメリカ,Casanare,Casanare,CO-CAS
Colombia,COL,CO,南アメリカ,Cauca,Cauca,CO-CAU
Colombia,COL,CO,南アメリカ,Cesar,Cesar,CO-CES
Colombia,COL,CO,南アメリカ,Choco,Chocó,CO-CHO
Colombia,COL,CO,南アメリカ,Cordoba,Córdoba,CO-COR
Colombia,COL,CO,南アメリカ,Cundinamarca,Cundinamarca,CO-CUN
Colombia,COL,CO,南アメリカ,Bogota,Distrito Capital de Bogotá,CO-DC
Colombia,COL,CO,南アメリカ,Guainia,Guainía,CO-GUA
Colombia,COL,CO,南アメリカ,Guaviare,Guaviare,CO-GUV
Colombia,COL,CO,南アメリカ,Huila,Huila,CO-HUI
Colombia,COL,CO,南アメリカ,La Guajira,La Guajira,CO-LAG
Colombia,COL,CO,南アメリカ,Magdalena,Magdalena,CO-MAG
Colombia,COL,CO,南アメリカ,Meta,Meta,CO-MET
Colombia,COL,CO,南アメリカ,Narino,Nariño,CO-NAR
Colombia,COL,CO,南アメリカ,North Santander,Norte de Santander,CO-NSA
Colombia,COL,CO,南アメリカ,Putumayo,Putumayo,CO-PUT
Colombia,COL,CO,南アメリカ,Quindio,Quindío,CO-QUI
Colombia,COL,CO,南アメリカ,Risaralda,Risaralda,CO-RIS
Colombia,COL,CO,南アメリカ,Santander,Santander,CO-SAN
Colombia,COL,CO,南アメリカ,San Andres,"San Andrés, Providencia y Santa Catalina",CO-SAP
Colombia,COL,CO,南アメリカ,Sucre,Sucre,CO-SUC
Colombia,COL,CO,南アメリカ,Tolima,Tolima,CO-TOL
Colombia,COL,CO,南アメリカ,Cauca Valley,Valle del Cauca,CO-VAC
Colombia,COL,CO,南アメリカ,Vaupes,Vaupés,CO-VAU
Colombia,COL,CO,南アメリカ,Vichada,Vichada,CO-VID
Costa Rica,CRI,CR,中央アメリカ,Alajuela,Alajuela,CR-A
Costa Rica,CRI,CR,中央アメリカ,Cartago,Cartago,CR-C
Costa Rica,CRI,CR,中央アメリカ,Guanacaste,Guanacaste,CR-G
Costa Rica,CRI,CR,中央アメリカ,Heredia,Heredia,CR-H
Costa Rica,CRI,CR,中央アメリカ,Limón,Limón,CR-L
Costa Rica,CRI,CR,中央アメリカ,Puntarenas,Puntarenas,CR-P
Costa Rica,CRI,CR,中央アメリカ,San José,San José,CR-SJ
Cuba,CUB,CU,中央アメリカ,Pinar del Rio,Pinar del Río,CU-01
Cuba,CUB,CU,中央アメリカ,Havana,La Habana†,CU-03
Cuba,CUB,CU,中央アメリカ,Matanzas,Matanzas,CU-04
Cuba,CUB,CU,中央アメリカ,Clara City,Villa Clara,CU-05
Cuba,CUB,CU,中央アメリカ,Cienfuegos,Cienfuegos,CU-06
Cuba,CUB,CU,中央アメリカ,Holy Spirit,Sancti Spíritus,CU-07
Cuba,CUB,CU,中央アメリカ,Ciego de Avila,Ciego de Ávila,CU-08
Cuba,CUB,CU,中央アメリカ,Camaguey,Camagüey,CU-09
Cuba,CUB,CU,中央アメリカ,Las Tunas,Las Tunas,CU-10
Cuba,CUB,CU,中央アメリカ,Holguin,Holguín,CU-11
Cuba,CUB,CU,中央アメリカ,Granma,Granma,CU-12
Cuba,CUB,CU,中央アメリカ,Santiago,Santiago de Cuba,CU-13
Cuba,CUB,CU,中央アメリカ,Guantanamo,Guantánamo,CU-14
Cuba,CUB,CU,中央アメリカ,Artemisa,Artemisa,CU-15
Cuba,CUB,CU,中央アメリカ,Mayabeque,Mayabeque,CU-16
Cuba,CUB,CU,中央アメリカ,Isle of Youth,Isla de la Juventud,CU-99
Cabo Verde,CPV,CV,西アフリカ,Brava,Brava,CV-BR
Cabo Verde,CPV,CV,西アフリカ,Boa Vista,Boa Vista,CV-BV
Cabo Verde,CPV,CV,西アフリカ,Santa Catarina,Santa Catarina,CV-CA
Cabo Verde,CPV,CV,西アフリカ,Santa Catarina do Fogo,Santa Catarina do Fogo,CV-CF
Cabo Verde,CPV,CV,西アフリカ,Santa Cruz,Santa Cruz,CV-CR
Cabo Verde,CPV,CV,西アフリカ,Maio,Maio,CV-MA
Cabo Verde,CPV,CV,西アフリカ,Mosteiros,Mosteiros,CV-MO
Cabo Verde,CPV,CV,西アフリカ,Paul,Paul,CV-PA
Cabo Verde,CPV,CV,西アフリカ,Porto Novo,Porto Novo,CV-PN
Cabo Verde,CPV,CV,西アフリカ,Praia,Praia,CV-PR
Cabo Verde,CPV,CV,西アフリカ,Ribeira Brava,Ribeira Brava,CV-RB
Cabo Verde,CPV,CV,西アフリカ,Ribeira Grande,Ribeira Grande,CV-RG
Cabo Verde,CPV,CV,西アフリカ,Ribeira Grande de Santiago,Ribeira Grande de Santiago,CV-RS
Cabo Verde,CPV,CV,西アフリカ,São Domingos,São Domingos,CV-SD
Cabo Verde,CPV,CV,西アフリカ,São Filipe,São Filipe,CV-SF
Cabo Verde,CPV,CV,西アフリカ,Sal,Sal,CV-SL
Cabo Verde,CPV,CV,西アフリカ,São Miguel,São Miguel,CV-SM
Cabo Verde,CPV,CV,西アフリカ,São Lourenço dos Órgãos,São Lourenço dos Órgãos,CV-SO
Cabo Verde,CPV,CV,西アフリカ,São Salvador do Mundo,São Salvador do Mundo,CV-SS
Cabo Verde,CPV,CV,西アフリカ,São Vicente,São Vicente,CV-SV
Cabo Verde,CPV,CV,西アフリカ,Tarrafal,Tarrafal,CV-TA
Cabo Verde,CPV,CV,西アフリカ,Tarrafal de São Nicolau,Tarrafal de São Nicolau,CV-TS
Cyprus,CYP,CY,地中海地域,Nicosia,Lefkosia,CY-01
Cyprus,CYP,CY,地中海地域,Limassol,Lemesos,CY-02
Cyprus,CYP,CY,地中海地域,Larnaca,Larnaka,CY-03
Cyprus,CYP,CY,地中海地域,Famagusta,Ammochostos,CY-04
Cyprus,CYP,CY,地中海地域,Paphos,Pafos,CY-05
Cyprus,CYP,CY,地中海地域,Kyrenia,Keryneia,CY-06
Czechia,CZE,CZ,東ヨーロッパ,Benešov,Benešov,CZ-201
Czechia,CZE,CZ,東ヨーロッパ,Beroun,Beroun,CZ-202
Czechia,CZE,CZ,東ヨーロッパ,Kladno,Kladno,CZ-203
Czechia,CZE,CZ,東ヨーロッパ,Kolín,Kolín,CZ-204
Czechia,CZE,CZ,東ヨーロッパ,Kutná Hora,Kutná Hora,CZ-205
Czechia,CZE,CZ,東ヨーロッパ,Mělník,Mělník,CZ-206
Czechia,CZE,CZ,東ヨーロッパ,Mladá Boleslav,Mladá Boleslav,CZ-207
Czechia,CZE,CZ,東ヨーロッパ,Nymburk,Nymburk,CZ-208
Czechia,CZE,CZ,東ヨーロッパ,Praha-východ,Praha-východ,CZ-209
Czechia,CZE,CZ,東ヨーロッパ,Praha-západ,Praha-západ,CZ-20A
Czechia,CZE,CZ,東ヨーロッパ,Příbram,Příbram,CZ-20B
Czechia,CZE,CZ,東ヨーロッパ,Rakovník,Rakovník,CZ-20C
Czechia,CZE,CZ,東ヨーロッパ,České Budějovice,České Budějovice,CZ-311
Czechia,CZE,CZ,東ヨーロッパ,Český Krumlov,Český Krumlov,CZ-312
Czechia,CZE,CZ,東ヨーロッパ,Jindřichův Hradec,Jindřichův Hradec,CZ-313
Czechia,CZE,CZ,東ヨーロッパ,Písek,Písek,CZ-314
Czechia,CZE,CZ,東ヨーロッパ,Prachatice,Prachatice,CZ-315
Czechia,CZE,CZ,東ヨーロッパ,Strakonice,Strakonice,CZ-316
Czechia,CZE,CZ,東ヨーロッパ,Tábor,Tábor,CZ-317
Czechia,CZE,CZ,東ヨーロッパ,Domažlice,Domažlice,CZ-321
Czechia,CZE,CZ,東ヨーロッパ,Klatovy,Klatovy,CZ-322
Czechia,CZE,CZ,東ヨーロッパ,Plzeň-město,Plzeň-město,CZ-323
Czechia,CZE,CZ,東ヨーロッパ,Plzeň-jih,Plzeň-jih,CZ-324
Czechia,CZE,CZ,東ヨーロッパ,Plzeň-sever,Plzeň-sever,CZ-325
Czechia,CZE,CZ,東ヨーロッパ,Rokycany,Rokycany,CZ-326
Czechia,CZE,CZ,東ヨーロッパ,Tachov,Tachov,CZ-327
Czechia,CZE,CZ,東ヨーロッパ,Cheb,Cheb,CZ-411
Czechia,CZE,CZ,東ヨーロッパ,Karlovy Vary,Karlovy Vary,CZ-412
Czechia,CZE,CZ,東ヨーロッパ,Sokolov,Sokolov,CZ-413
Czechia,CZE,CZ,東ヨーロッパ,Děčín,Děčín,CZ-421
Czechia,CZE,CZ,東ヨーロッパ,Chomutov,Chomutov,CZ-422
Czechia,CZE,CZ,東ヨーロッパ,Litoměřice,Litoměřice,CZ-423
Czechia,CZE,CZ,東ヨーロッパ,Louny,Louny,CZ-424
Czechia,CZE,CZ,東ヨーロッパ,Most,Most,CZ-425
Czechia,CZE,CZ,東ヨーロッパ,Teplice,Teplice,CZ-426
Czechia,CZE,CZ,東ヨーロッパ,Ústí nad Labem,Ústí nad Labem,CZ-427
Czechia,CZE,CZ,東ヨーロッパ,Česká Lípa,Česká Lípa,CZ-511
Czechia,CZE,CZ,東ヨーロッパ,Jablonec nad Nisou,Jablonec nad Nisou,CZ-512
Czechia,CZE,CZ,東ヨーロッパ,Liberec,Liberec,CZ-513
Czechia,CZE,CZ,東ヨーロッパ,Semily,Semily,CZ-514
Czechia,CZE,CZ,東ヨーロッパ,Hradec Králové,Hradec Králové,CZ-521
Czechia,CZE,CZ,東ヨーロッパ,Jičín,Jičín,CZ-522
Czechia,CZE,CZ,東ヨーロッパ,Náchod,Náchod,CZ-523
Czechia,CZE,CZ,東ヨーロッパ,Rychnov nad Kněžnou,Rychnov nad Kněžnou,CZ-524
Czechia,CZE,CZ,東ヨーロッパ,Trutnov,Trutnov,CZ-525
Czechia,CZE,CZ,東ヨーロッパ,Chrudim,Chrudim,CZ-531
Czechia,CZE,CZ,東ヨーロッパ,Pardubice,Pardubice,CZ-532
Czechia,CZE,CZ,東ヨーロッパ,Svitavy,Svitavy,CZ-533
Czechia,CZE,CZ,東ヨーロッパ,Ústí nad Orlicí,Ústí nad Orlicí,CZ-534
Czechia,CZE,CZ,東ヨーロッパ,Havlíčkův Brod,Havlíčkův Brod,CZ-631
Czechia,CZE,CZ,東ヨーロッパ,Jihlava,Jihlava,CZ-632
Czechia,CZE,CZ,東ヨーロッパ,Pelhřimov,Pelhřimov,CZ-633
Czechia,CZE,CZ,東ヨーロッパ,Třebíč,Třebíč,CZ-634
Czechia,CZE,CZ,東ヨーロッパ,Žďár nad Sázavou,Žďár nad Sázavou,CZ-635
Czechia,CZE,CZ,東ヨーロッパ,Blansko,Blansko,CZ-641
Czechia,CZE,CZ,東ヨーロッパ,Brno-město,Brno-město,CZ-642
Czechia,CZE,CZ,東ヨーロッパ,Brno-venkov,Brno-venkov,CZ-643
Czechia,CZE,CZ,東ヨーロッパ,Břeclav,Břeclav,CZ-644
Czechia,CZE,CZ,東ヨーロッパ,Hodonín,Hodonín,CZ-645
Czechia,CZE,CZ,東ヨーロッパ,Vyškov,Vyškov,CZ-646
Czechia,CZE,CZ,東ヨーロッパ,Znojmo,Znojmo,CZ-647
Czechia,CZE,CZ,東ヨーロッパ,Jeseník,Jeseník,CZ-711
Czechia,CZE,CZ,東ヨーロッパ,Olomouc,Olomouc,CZ-712
Czechia,CZE,CZ,東ヨーロッパ,Prostějov,Prostějov,CZ-713
Czechia,CZE,CZ,東ヨーロッパ,Přerov,Přerov,CZ-714
Czechia,CZE,CZ,東ヨーロッパ,Šumperk,Šumperk,CZ-715
Czechia,CZE,CZ,東ヨーロッパ,Kroměříž,Kroměříž,CZ-721
Czechia,CZE,CZ,東ヨーロッパ,Uherské Hradiště,Uherské Hradiště,CZ-722
Czechia,CZE,CZ,東ヨーロッパ,Vsetín,Vsetín,CZ-723
Czechia,CZE,CZ,東ヨーロッパ,Zlín,Zlín,CZ-724
Czechia,CZE,CZ,東ヨーロッパ,Bruntál,Bruntál,CZ-801
Czechia,CZE,CZ,東ヨーロッパ,Frýdek-Místek,Frýdek-Místek,CZ-802
Czechia,CZE,CZ,東ヨーロッパ,Karviná,Karviná,CZ-803
Czechia,CZE,CZ,東ヨーロッパ,Nový Jičín,Nový Jičín,CZ-804
Czechia,CZE,CZ,東ヨーロッパ,Opava,Opava,CZ-805
Czechia,CZE,CZ,東ヨーロッパ,Ostrava-město,Ostrava-město,CZ-806
Germany,DEU,DE,西ヨーロッパ,Brandenburg,Brandenburg,DE-BB
Germany,DEU,DE,西ヨーロッパ,Berlin,Berlin,DE-BE
Germany,DEU,DE,西ヨーロッパ,Baden-Württemberg,Baden-Württemberg,DE-BW
Germany,DEU,DE,西ヨーロッパ,Bavaria,Bayern,DE-BY
Germany,DEU,DE,西ヨーロッパ,Bremen,Bremen,DE-HB
Germany,DEU,DE,西ヨーロッパ,Hesse,Hessen,DE-HE
Germany,DEU,DE,西ヨーロッパ,Hamburg,Hamburg,DE-HH
Germany,DEU,DE,西ヨーロッパ,Mecklenburg-Western Pomerania,Mecklenburg-Vorpommern,DE-MV
Germany,DEU,DE,西ヨーロッパ,Lower Saxony,Niedersachsen,DE-NI
Germany,DEU,DE,西ヨーロッパ,North Rhine-Westphalia,Nordrhein-Westfalen,DE-NW
Germany,DEU,DE,西ヨーロッパ,Rhineland-Palatinate,Rheinland-Pfalz,DE-RP
Germany,DEU,DE,西ヨーロッパ,Schleswig-Holstein,Schleswig-Holstein,DE-SH
Germany,DEU,DE,西ヨーロッパ,Saarland,Saarland,DE-SL
Germany,DEU,DE,西ヨーロッパ,Saxony,Sachsen,DE-SN
Germany,DEU,DE,西ヨーロッパ,Saxony-Anhalt,Sachsen-Anhalt,DE-ST
Germany,DEU,DE,西ヨーロッパ,Thuringia,Thüringen,DE-TH
Djibouti,DJI,DJ,東アフリカ,Arta,Arta,DJ-AR
Djibouti,DJI,DJ,東アフリカ,Ali Sabieh,Ali Sabieh,DJ-AS
Djibouti,DJI,DJ,東アフリカ,Dikhil,Dikhil,DJ-DI
Djibouti,DJI,DJ,東アフリカ,Djibouti,Djibouti,DJ-DJ
Djibouti,DJI,DJ,東アフリカ,Obock,Obock,DJ-OB
Djibouti,DJI,DJ,東アフリカ,Tadjourah,Tadjourah,DJ-TA
Denmark,DNK,DK,北ヨーロッパ,North Denmark,Region Nordjylland,DK-81
Denmark,DNK,DK,北ヨーロッパ,Central Denmark,Region Midjylland,DK-82
Denmark,DNK,DK,北ヨーロッパ,Southern Denmark,Region Syddanmark,DK-83
Denmark,DNK,DK,北ヨーロッパ,Capital Region,Region Hovedstaden,DK-84
Denmark,DNK,DK,北ヨーロッパ,Zealand,Region Sjælland,DK-85
Dominica,DMA,DM,中央アメリカ,Saint Andrew,Saint Andrew,DM-02
Dominica,DMA,DM,中央アメリカ,Saint David,Saint David,DM-03
Dominica,DMA,DM,中央アメリカ,Saint George,Saint George,DM-04
Dominica,DMA,DM,中央アメリカ,Saint John,Saint John,DM-05
Dominica,DMA,DM,中央アメリカ,Saint Joseph,Saint Joseph,DM-06
Dominica,DMA,DM,中央アメリカ,Saint Luke,Saint Luke,DM-07
Dominica,DMA,DM,中央アメリカ,Saint Mark,Saint Mark,DM-08
Dominica,DMA,DM,中央アメリカ,Saint Patrick,Saint Patrick,DM-09
Dominica,DMA,DM,中央アメリカ,Saint Paul,Saint Paul,DM-10
Dominica,DMA,DM,中央アメリカ,Saint Peter,Saint Peter,DM-11
Dominican Republic,DOM,DO,中央アメリカ,Santo Domingo City,Distrito Nacional (Santo Domingo),DO-01
Dominican Republic,DOM,DO,中央アメリカ,Azua,Azua,DO-02
Dominican Republic,DOM,DO,中央アメリカ,Baoruco,Baoruco,DO-03
Dominican Republic,DOM,DO,中央アメリカ,Barahona,Barahona,DO-04
Dominican Republic,DOM,DO,中央アメリカ,Dajabon,Dajabón,DO-05
Dominican Republic,DOM,DO,中央アメリカ,Duarte,Duarte,DO-06
Dominican Republic,DOM,DO,中央アメリカ,Elias Pina,Elías Piña,DO-07
Dominican Republic,DOM,DO,中央アメリカ,El Seibo,El Seibo,DO-08
Dominican Republic,DOM,DO,中央アメリカ,Espaillat,Espaillat,DO-09
Dominican Republic,DOM,DO,中央アメリカ,Independence,Independencia,DO-10
Dominican Republic,DOM,DO,中央アメリカ,La Altagracia,La Altagracia,DO-11
Dominican Republic,DOM,DO,中央アメリカ,La Romana,La Romana,DO-12
Dominican Republic,DOM,DO,中央アメリカ,La Vega,La Vega,DO-13
Dominican Republic,DOM,DO,中央アメリカ,Maria Trinidad Sanchez,María Trinidad Sánchez,DO-14
Dominican Republic,DOM,DO,中央アメリカ,Christ Mountain,Monte Cristi,DO-15
Dominican Republic,DOM,DO,中央アメリカ,Pedernales,Pedernales,DO-16
Dominican Republic,DOM,DO,中央アメリカ,Peravia,Peravia,DO-17
Dominican Republic,DOM,DO,中央アメリカ,Silver Port,Puerto Plata,DO-18
Dominican Republic,DOM,DO,中央アメリカ,Mirabal Sisters,Hermanas Mirabal,DO-19
Dominican Republic,DOM,DO,中央アメリカ,Samana,Samaná,DO-20
Dominican Republic,DOM,DO,中央アメリカ,Saint Christopher,San Cristóbal,DO-21
Dominican Republic,DOM,DO,中央アメリカ,Saint John,San Juan,DO-22
Dominican Republic,DOM,DO,中央アメリカ,Saint Peter,San Pedro de Macorís,DO-23
Dominican Republic,DOM,DO,中央アメリカ,Sanchez Ramirez,Sánchez Ramírez,DO-24
Dominican Republic,DOM,DO,中央アメリカ,Santiago,Santiago,DO-25
Dominican Republic,DOM,DO,中央アメリカ,Santiago Rodriguez,Santiago Rodríguez,DO-26
Dominican Republic,DOM,DO,中央アメリカ,Valverde,Valverde,DO-27
Dominican Republic,DOM,DO,中央アメリカ,Monsignor Nouel,Monseñor Nouel,DO-28
Dominican Republic,DOM,DO,中央アメリカ,Silver Mountain,Monte Plata,DO-29
Dominican Republic,DOM,DO,中央アメリカ,Great Herd,Hato Mayor,DO-30
Dominican Republic,DOM,DO,中央アメリカ,Saint Joseph,San José de Ocoa,DO-31
Dominican Republic,DOM,DO,中央アメリカ,Santo Domingo,Santo Domingo,DO-32
Algeria,DZA,DZ,北アフリカ,Adrar,Adrar,DZ-01
Algeria,DZA,DZ,北アフリカ,Chlef,Chlef,DZ-02
Algeria,DZA,DZ,北アフリカ,Laghouat,Laghouat,DZ-03
Algeria,DZA,DZ,北アフリカ,Oum el Bouaghi,Oum el Bouaghi,DZ-04
Algeria,DZA,DZ,北アフリカ,Batna,Batna,DZ-05
Algeria,DZA,DZ,北アフリカ,Béjaïa,Béjaïa,DZ-06
Algeria,DZA,DZ,北アフリカ,Biskra,Biskra,DZ-07
Algeria,DZA,DZ,北アフリカ,Béchar,Béchar,DZ-08
Algeria,DZA,DZ,北アフリカ,Blida,Blida,DZ-09
Algeria,DZA,DZ,北アフリカ,Bouira,Bouira,DZ-10
Algeria,DZA,DZ,北アフリカ,Tamanrasset,Tamanrasset,DZ-11
Algeria,DZA,DZ,北アフリカ,Tébessa,Tébessa,DZ-12
Algeria,DZA,DZ,北アフリカ,Tlemcen,Tlemcen,DZ-13
Algeria,DZA,DZ,北アフリカ,Tiaret,Tiaret,DZ-14
Algeria,DZA,DZ,北アフリカ,Tizi Ouzou,Tizi Ouzou,DZ-15
Algeria,DZA,DZ,北アフリカ,Alger,Alger,DZ-16
Algeria,DZA,DZ,北アフリカ,Djelfa,Djelfa,DZ-17
Algeria,DZA,DZ,北アフリカ,Jijel,Jijel,DZ-18
Algeria,DZA,DZ,北アフリカ,Sétif,Sétif,DZ-19
Algeria,DZA,DZ,北アフリカ,Saïda,Saïda,DZ-20
Algeria,DZA,DZ,北アフリカ,Skikda,Skikda,DZ-21
Algeria,DZA,DZ,北アフリカ,Sidi Bel Abbès,Sidi Bel Abbès,DZ-22
Algeria,DZA,DZ,北アフリカ,Annaba,Annaba,DZ-23
Algeria,DZA,DZ,北アフリカ,Guelma,Guelma,DZ-24
Algeria,DZA,DZ,北アフリカ,Constantine,Constantine,DZ-25
Algeria,DZA,DZ,北アフリカ,Médéa,Médéa,DZ-26
Algeria,DZA,DZ,北アフリカ,Mostaganem,Mostaganem,DZ-27
Algeria,DZA,DZ,北アフリカ,M'sila,M'sila,DZ-28
Algeria,DZA,DZ,北アフリカ,Mascara,Mascara,DZ-29
Algeria,DZA,DZ,北アフリカ,Ouargla,Ouargla,DZ-30
Algeria,DZA,DZ,北アフリカ,Oran,Oran,DZ-31
Algeria,DZA,DZ,北アフリカ,El Bayadh,El Bayadh,DZ-32
Algeria,DZA,DZ,北アフリカ,Illizi,Illizi,DZ-33
Algeria,DZA,DZ,北アフリカ,Bordj Bou Arréridj,Bordj Bou Arréridj,DZ-34
Algeria,DZA,DZ,北アフリカ,Boumerdès,Boumerdès,DZ-35
Algeria,DZA,DZ,北アフリカ,El Tarf,El Tarf,DZ-36
Algeria,DZA,DZ,北アフリカ,Tindouf,Tindouf,DZ-37
Algeria,DZA,DZ,北アフリカ,Tissemsilt,Tissemsilt,DZ-38
Algeria,DZA,DZ,北アフリカ,El Oued,El Oued,DZ-39
Algeria,DZA,DZ,北アフリカ,Khenchela,Khenchela,DZ-40
Algeria,DZA,DZ,北アフリカ,Souk Ahras,Souk Ahras,DZ-41
Algeria,DZA,DZ,北アフリカ,Tipaza,Tipaza,DZ-42
Algeria,DZA,DZ,北アフリカ,Mila,Mila,DZ-43
Algeria,DZA,DZ,北アフリカ,Aïn Defla,Aïn Defla,DZ-44
Algeria,DZA,DZ,北アフリカ,Naama,Naama,DZ-45
Algeria,DZA,DZ,北アフリカ,Aïn Témouchent,Aïn Témouchent,DZ-46
Algeria,DZA,DZ,北アフリカ,Ghardaïa,Ghardaïa,DZ-47
Algeria,DZA,DZ,北アフリカ,Relizane,Relizane,DZ-48
Algeria,DZA,DZ,北アフリカ,Timimoun,Timimoun,DZ-49
Algeria,DZA,DZ,北アフリカ,Bordj Badji Mokhtar,Bordj Badji Mokhtar,DZ-50
Algeria,DZA,DZ,北アフリカ,Ouled Djellal,Ouled Djellal,DZ-51
Algeria,DZA,DZ,北アフリカ,Béni Abbès,Béni Abbès,DZ-52
Algeria,DZA,DZ,北アフリカ,In Salah,In Salah,DZ-53
Algeria,DZA,DZ,北アフリカ,In Guezzam,In Guezzam,DZ-54
Algeria,DZA,DZ,北アフリカ,Touggourt,Touggourt,DZ-55
Algeria,DZA,DZ,北アフリカ,Djanet,Djanet,DZ-56
Algeria,DZA,DZ,北アフリカ,El Meghaier,El Meghaier,DZ-57
Algeria,DZA,DZ,北アフリカ,El Meniaa,El Meniaa,DZ-58
Ecuador,ECU,EC,南アメリカ,Azuay,Azuay,EC-A
Ecuador,ECU,EC,南アメリカ,Bolivar,Bolívar,EC-B
Ecuador,ECU,EC,南アメリカ,Carchi,Carchi,EC-C
Ecuador,ECU,EC,南アメリカ,Orellana,Orellana,EC-D
Ecuador,ECU,EC,南アメリカ,Esmeraldas,Esmeraldas,EC-E
Ecuador,ECU,EC,南アメリカ,Canar,Cañar,EC-F
Ecuador,ECU,EC,南アメリカ,Guayas,Guayas,EC-G
Ecuador,ECU,EC,南アメリカ,Chimborazo,Chimborazo,EC-H
Ecuador,ECU,EC,南アメリカ,Imbabura,Imbabura,EC-I
Ecuador,ECU,EC,南アメリカ,Loja,Loja,EC-L
Ecuador,ECU,EC,南アメリカ,Manabi,Manabí,EC-M
Ecuador,ECU,EC,南アメリカ,Napo,Napo,EC-N
Ecuador,ECU,EC,南アメリカ,The Gold,El Oro,EC-O
Ecuador,ECU,EC,南アメリカ,Pichincha,Pichincha,EC-P
Ecuador,ECU,EC,南アメリカ,The Rivers,Los Ríos,EC-R
Ecuador,ECU,EC,南アメリカ,Morona Santiago,Morona Santiago,EC-S
Ecuador,ECU,EC,南アメリカ,Saint Dominic,Santo Domingo de los Tsáchilas,EC-SD
Ecuador,ECU,EC,南アメリカ,Saint Helen,Santa Elena,EC-SE
Ecuador,ECU,EC,南アメリカ,Tungurahua,Tungurahua,EC-T
Ecuador,ECU,EC,南アメリカ,Sucumbios,Sucumbíos,EC-U
Ecuador,ECU,EC,南アメリカ,Galapagos,Galápagos,EC-W
Ecuador,ECU,EC,南アメリカ,Cotopaxi,Cotopaxi,EC-X
Ecuador,ECU,EC,南アメリカ,Pastaza,Pastaza,EC-Y
Ecuador,ECU,EC,南アメリカ,Zamora Chinchipe,Zamora Chinchipe,EC-Z
Estonia,EST,EE,東ヨーロッパ,Alutaguse,Alutaguse,EE-130
Estonia,EST,EE,東ヨーロッパ,Anija,Anija,EE-141
Estonia,EST,EE,東ヨーロッパ,Antsla,Antsla,EE-142
Estonia,EST,EE,東ヨーロッパ,Elva,Elva,EE-171
Estonia,EST,EE,東ヨーロッパ,Haapsalu,Haapsalu,EE-184
Estonia,EST,EE,東ヨーロッパ,Haljala,Haljala,EE-191
Estonia,EST,EE,東ヨーロッパ,Harku,Harku,EE-198
Estonia,EST,EE,東ヨーロッパ,Hiiumaa,Hiiumaa,EE-205
Estonia,EST,EE,東ヨーロッパ,Häädemeeste,Häädemeeste,EE-214
Estonia,EST,EE,東ヨーロッパ,Jõelähtme,Jõelähtme,EE-245
Estonia,EST,EE,東ヨーロッパ,Jõgeva,Jõgeva,EE-247
Estonia,EST,EE,東ヨーロッパ,Jõhvi,Jõhvi,EE-251
Estonia,EST,EE,東ヨーロッパ,Järva,Järva,EE-255
Estonia,EST,EE,東ヨーロッパ,Kadrina,Kadrina,EE-272
Estonia,EST,EE,東ヨーロッパ,Kambja,Kambja,EE-283
Estonia,EST,EE,東ヨーロッパ,Kanepi,Kanepi,EE-284
Estonia,EST,EE,東ヨーロッパ,Kastre,Kastre,EE-291
Estonia,EST,EE,東ヨーロッパ,Kehtna,Kehtna,EE-293
Estonia,EST,EE,東ヨーロッパ,Keila,Keila,EE-296
Estonia,EST,EE,東ヨーロッパ,Kihnu,Kihnu,EE-303
Estonia,EST,EE,東ヨーロッパ,Kiili,Kiili,EE-305
Estonia,EST,EE,東ヨーロッパ,Kohila,Kohila,EE-317
Estonia,EST,EE,東ヨーロッパ,Kohtla-Järve,Kohtla-Järve,EE-321
Estonia,EST,EE,東ヨーロッパ,Kose,Kose,EE-338
Estonia,EST,EE,東ヨーロッパ,Kuusalu,Kuusalu,EE-353
Estonia,EST,EE,東ヨーロッパ,Loksa,Loksa,EE-424
Estonia,EST,EE,東ヨーロッパ,Lääneranna,Lääneranna,EE-430
Estonia,EST,EE,東ヨーロッパ,Lääne-Harju,Lääne-Harju,EE-431
Estonia,EST,EE,東ヨーロッパ,Luunja,Luunja,EE-432
Estonia,EST,EE,東ヨーロッパ,Lääne-Nigula,Lääne-Nigula,EE-441
Estonia,EST,EE,東ヨーロッパ,Lüganuse,Lüganuse,EE-442
Estonia,EST,EE,東ヨーロッパ,Maardu,Maardu,EE-446
Estonia,EST,EE,東ヨーロッパ,Muhu,Muhu,EE-478
Estonia,EST,EE,東ヨーロッパ,Mulgi,Mulgi,EE-480
Estonia,EST,EE,東ヨーロッパ,Mustvee,Mustvee,EE-486
Estonia,EST,EE,東ヨーロッパ,Märjamaa,Märjamaa,EE-503
Estonia,EST,EE,東ヨーロッパ,Narva,Narva,EE-511
Estonia,EST,EE,東ヨーロッパ,Narva-Jõesuu,Narva-Jõesuu,EE-514
Estonia,EST,EE,東ヨーロッパ,Nõo,Nõo,EE-528
Estonia,EST,EE,東ヨーロッパ,Otepää,Otepää,EE-557
Estonia,EST,EE,東ヨーロッパ,Paide,Paide,EE-567
Estonia,EST,EE,東ヨーロッパ,Peipsiääre,Peipsiääre,EE-586
Estonia,EST,EE,東ヨーロッパ,Põhja-Sakala,Põhja-Sakala,EE-615
Estonia,EST,EE,東ヨーロッパ,Põltsamaa,Põltsamaa,EE-618
Estonia,EST,EE,東ヨーロッパ,Põlva,Põlva,EE-622
Estonia,EST,EE,東ヨーロッパ,Pärnu,Pärnu,EE-624
Estonia,EST,EE,東ヨーロッパ,Põhja-Pärnumaa,Põhja-Pärnumaa,EE-638
Estonia,EST,EE,東ヨーロッパ,Raasiku,Raasiku,EE-651
Estonia,EST,EE,東ヨーロッパ,Rae,Rae,EE-653
Estonia,EST,EE,東ヨーロッパ,Rakvere,Rakvere,EE-661
Estonia,EST,EE,東ヨーロッパ,Rakvere,Rakvere,EE-663
Estonia,EST,EE,東ヨーロッパ,Rapla,Rapla,EE-668
Estonia,EST,EE,東ヨーロッパ,Ruhnu,Ruhnu,EE-689
Estonia,EST,EE,東ヨーロッパ,Rõuge,Rõuge,EE-698
Estonia,EST,EE,東ヨーロッパ,Räpina,Räpina,EE-708
Estonia,EST,EE,東ヨーロッパ,Saarde,Saarde,EE-712
Estonia,EST,EE,東ヨーロッパ,Saaremaa,Saaremaa,EE-714
Estonia,EST,EE,東ヨーロッパ,Saku,Saku,EE-719
Estonia,EST,EE,東ヨーロッパ,Saue,Saue,EE-726
Estonia,EST,EE,東ヨーロッパ,Setomaa,Setomaa,EE-732
Estonia,EST,EE,東ヨーロッパ,Sillamäe,Sillamäe,EE-735
Estonia,EST,EE,東ヨーロッパ,Tallinn,Tallinn,EE-784
Estonia,EST,EE,東ヨーロッパ,Tapa,Tapa,EE-792
Estonia,EST,EE,東ヨーロッパ,Tartu,Tartu,EE-793
Estonia,EST,EE,東ヨーロッパ,Tartu,Tartu,EE-796
Estonia,EST,EE,東ヨーロッパ,Toila,Toila,EE-803
Estonia,EST,EE,東ヨーロッパ,Tori,Tori,EE-809
Estonia,EST,EE,東ヨーロッパ,Tõrva,Tõrva,EE-824
Estonia,EST,EE,東ヨーロッパ,Türi,Türi,EE-834
Estonia,EST,EE,東ヨーロッパ,Valga,Valga,EE-855
Estonia,EST,EE,東ヨーロッパ,Viimsi,Viimsi,EE-890
Estonia,EST,EE,東ヨーロッパ,Viljandi,Viljandi,EE-897
Estonia,EST,EE,東ヨーロッパ,Viljandi,Viljandi,EE-899
Estonia,EST,EE,東ヨーロッパ,Vinni,Vinni,EE-901
Estonia,EST,EE,東ヨーロッパ,Viru-Nigula,Viru-Nigula,EE-903
Estonia,EST,EE,東ヨーロッパ,Vormsi,Vormsi,EE-907
Estonia,EST,EE,東ヨーロッパ,Võru,Võru,EE-917
Estonia,EST,EE,東ヨーロッパ,Võru,Võru,EE-919
Estonia,EST,EE,東ヨーロッパ,Väike-Maarja,Väike-Maarja,EE-928
Egypt,EGY,EG,北アフリカ,Alexandria,Al Iskandarīyah,EG-ALX
Egypt,EGY,EG,北アフリカ,Aswan,Aswān,EG-ASN
Egypt,EGY,EG,北アフリカ,Asyut,Asyūţ,EG-AST
Egypt,EGY,EG,北アフリカ,Red Sea,Al Baḩr al Aḩmar,EG-BA
Egypt,EGY,EG,北アフリカ,Beheira,Al Buḩayrah,EG-BH
Egypt,EGY,EG,北アフリカ,Beni Suef,Banī Suwayf,EG-BNS
Egypt,EGY,EG,北アフリカ,Cairo,Al Qāhirah,EG-C
Egypt,EGY,EG,北アフリカ,Dakahlia,Ad Daqahlīyah,EG-DK
Egypt,EGY,EG,北アフリカ,Damietta,Dumyāţ,EG-DT
Egypt,EGY,EG,北アフリカ,Faiyum,Al Fayyūm,EG-FYM
Egypt,EGY,EG,北アフリカ,Gharbia,Al Gharbīyah,EG-GH
Egypt,EGY,EG,北アフリカ,Giza,Al Jīzah,EG-GZ
Egypt,EGY,EG,北アフリカ,Ismailia,Al Ismā'īlīyah,EG-IS
Egypt,EGY,EG,北アフリカ,South Sinai,Janūb Sīnā',EG-JS
Egypt,EGY,EG,北アフリカ,Qalyubia,Al Qalyūbīyah,EG-KB
Egypt,EGY,EG,北アフリカ,Kafr el-Sheikh,Kafr ash Shaykh,EG-KFS
Egypt,EGY,EG,北アフリカ,Qena,Qinā,EG-KN
Egypt,EGY,EG,北アフリカ,Luxor,Al Uqşur,EG-LX
Egypt,EGY,EG,北アフリカ,Minya,Al Minyā,EG-MN
Egypt,EGY,EG,北アフリカ,Monufia,Al Minūfīyah,EG-MNF
Egypt,EGY,EG,北アフリカ,Matrouh,Maţrūḩ,EG-MT
Egypt,EGY,EG,北アフリカ,Port Said,Būr Sa‘īd,EG-PTS
Egypt,EGY,EG,北アフリカ,Sohag,Sūhāj,EG-SHG
Egypt,EGY,EG,北アフリカ,Al Sharqia,Ash Sharqīyah,EG-SHR
Egypt,EGY,EG,北アフリカ,North Sinai,Shamāl Sīnā',EG-SIN
Egypt,EGY,EG,北アフリカ,Suez,As Suways,EG-SUZ
Egypt,EGY,EG,北アフリカ,New Valley,Al Wādī al Jadīd,EG-WAD
Eritrea,ERI,ER,東アフリカ,Anseba,Ansabā,ER-AN
Eritrea,ERI,ER,東アフリカ,Southern Red Sea,Janūbī al Baḩrī al Aḩmar,ER-DK
Eritrea,ERI,ER,東アフリカ,Southern,Al Janūbī,ER-DU
Eritrea,ERI,ER,東アフリカ,Gash-Barka,Qāsh-Barkah,ER-GB
Eritrea,ERI,ER,東アフリカ,Central,Al Awsaţ,ER-MA
Eritrea,ERI,ER,東アフリカ,Northern Red Sea,Shimālī al Baḩrī al Aḩmar,ER-SK
Spain,ESP,ES,西ヨーロッパ,AlicanteAlacant (ca),AlicanteAlacant (ca),ES-A
Spain,ESP,ES,西ヨーロッパ,Albacete,Albacete,ES-AB
Spain,ESP,ES,西ヨーロッパ,Almería,Almería,ES-AL
Spain,ESP,ES,西ヨーロッパ,Ávila,Ávila,ES-AV
Spain,ESP,ES,西ヨーロッパ,Barcelona (ca) [Barcelona],Barcelona (ca) [Barcelona],ES-B
Spain,ESP,ES,西ヨーロッパ,Badajoz,Badajoz,ES-BA
Spain,ESP,ES,西ヨーロッパ,Bizkaia (eu),Bizkaia (eu),ES-BI
Spain,ESP,ES,西ヨーロッパ,Burgos,Burgos,ES-BU
Spain,ESP,ES,西ヨーロッパ,A Coruña (gl) [La Coruña],A Coruña (gl) [La Coruña],ES-C
Spain,ESP,ES,西ヨーロッパ,Cádiz,Cádiz,ES-CA
Spain,ESP,ES,西ヨーロッパ,Cáceres,Cáceres,ES-CC
Spain,ESP,ES,西ヨーロッパ,Córdoba,Córdoba,ES-CO
Spain,ESP,ES,西ヨーロッパ,Ciudad Real,Ciudad Real,ES-CR
Spain,ESP,ES,西ヨーロッパ,CastellónCastelló (ca),CastellónCastelló (ca),ES-CS
Spain,ESP,ES,西ヨーロッパ,Cuenca,Cuenca,ES-CU
Spain,ESP,ES,西ヨーロッパ,Las Palmas,Las Palmas,ES-GC
Spain,ESP,ES,西ヨーロッパ,Girona (ca) [Gerona],Girona (ca) [Gerona],ES-GI
Spain,ESP,ES,西ヨーロッパ,Granada,Granada,ES-GR
Spain,ESP,ES,西ヨーロッパ,Guadalajara,Guadalajara,ES-GU
Spain,ESP,ES,西ヨーロッパ,Huelva,Huelva,ES-H
Spain,ESP,ES,西ヨーロッパ,Huesca,Huesca,ES-HU
Spain,ESP,ES,西ヨーロッパ,Jaén,Jaén,ES-J
Spain,ESP,ES,西ヨーロッパ,Lleida (ca) [Lérida],Lleida (ca) [Lérida],ES-L
Spain,ESP,ES,西ヨーロッパ,León,León,ES-LE
Spain,ESP,ES,西ヨーロッパ,La Rioja,La Rioja,ES-LO
Spain,ESP,ES,西ヨーロッパ,Lugo (gl) [Lugo],Lugo (gl) [Lugo],ES-LU
Spain,ESP,ES,西ヨーロッパ,Madrid,Madrid,ES-M
Spain,ESP,ES,西ヨーロッパ,Málaga,Málaga,ES-MA
Spain,ESP,ES,西ヨーロッパ,Murcia,Murcia,ES-MU
Spain,ESP,ES,西ヨーロッパ,NavarraNafarroa (eu),NavarraNafarroa (eu),ES-NA
Spain,ESP,ES,西ヨーロッパ,Asturias,Asturias,ES-O
Spain,ESP,ES,西ヨーロッパ,Ourense (gl) [Orense],Ourense (gl) [Orense],ES-OR
Spain,ESP,ES,西ヨーロッパ,Palencia,Palencia,ES-P
Spain,ESP,ES,西ヨーロッパ,Illes Balears (ca) [Islas Baleares],Illes Balears (ca) [Islas Baleares],ES-PM
Spain,ESP,ES,西ヨーロッパ,Pontevedra (gl) [Pontevedra],Pontevedra (gl) [Pontevedra],ES-PO
Spain,ESP,ES,西ヨーロッパ,Cantabria,Cantabria,ES-S
Spain,ESP,ES,西ヨーロッパ,Salamanca,Salamanca,ES-SA
Spain,ESP,ES,西ヨーロッパ,Sevilla,Sevilla,ES-SE
Spain,ESP,ES,西ヨーロッパ,Segovia,Segovia,ES-SG
Spain,ESP,ES,西ヨーロッパ,Soria,Soria,ES-SO
Spain,ESP,ES,西ヨーロッパ,Gipuzkoa (eu),Gipuzkoa (eu),ES-SS
Spain,ESP,ES,西ヨーロッパ,Tarragona (ca) [Tarragona],Tarragona (ca) [Tarragona],ES-T
Spain,ESP,ES,西ヨーロッパ,Teruel,Teruel,ES-TE
Spain,ESP,ES,西ヨーロッパ,Santa Cruz de Tenerife,Santa Cruz de Tenerife,ES-TF
Spain,ESP,ES,西ヨーロッパ,Toledo,Toledo,ES-TO
Spain,ESP,ES,西ヨーロッパ,ValenciaValència (ca),ValenciaValència (ca),ES-V
Spain,ESP,ES,西ヨーロッパ,Valladolid,Valladolid,ES-VA
Spain,ESP,ES,西ヨーロッパ,ÁlavaAraba (eu),ÁlavaAraba (eu),ES-VI
Spain,ESP,ES,西ヨーロッパ,Zaragoza,Zaragoza,ES-Z
Spain,ESP,ES,西ヨーロッパ,Zamora,Zamora,ES-ZA
Ethiopia,ETH,ET,東アフリカ,Addis Ababa,Ādīs Ābeba,ET-AA
Ethiopia,ETH,ET,東アフリカ,Afar,Āfar,ET-AF
Ethiopia,ETH,ET,東アフリカ,Amara,Āmara,ET-AM
Ethiopia,ETH,ET,東アフリカ,Benshangul-Gumaz,Bīnshangul Gumuz,ET-BE
Ethiopia,ETH,ET,東アフリカ,Dire Dawa,Dirē Dawa,ET-DD
Ethiopia,ETH,ET,東アフリカ,Gambela Peoples,Gambēla Hizboch,ET-GA
Ethiopia,ETH,ET,東アフリカ,Harari People,Hārerī Hizb,ET-HA
Ethiopia,ETH,ET,東アフリカ,Oromia,Oromīya,ET-OR
Ethiopia,ETH,ET,東アフリカ,Sidama,Sīdama,ET-SI
Ethiopia,ETH,ET,東アフリカ,"Southern Nations, Nationalities and Peoples",YeDebub Bihēroch Bihēreseboch na Hizboch,ET-SN
Ethiopia,ETH,ET,東アフリカ,Somali,Sumalē,ET-SO
Ethiopia,ETH,ET,東アフリカ,Southwest EthiopiaPeoples,YeDebub M‘irab Ītyop’iya Hizboch,ET-SW
Ethiopia,ETH,ET,東アフリカ,Tigrai,Tigray,ET-TI
Finland,FIN,FI,北ヨーロッパ,Åland,Ahvenanmaan maakunta,FI-01
Finland,FIN,FI,北ヨーロッパ,South Karelia,Etelä-Karjala,FI-02
Finland,FIN,FI,北ヨーロッパ,South Ostrobothnia,Etelä-Pohjanmaa,FI-03
Finland,FIN,FI,北ヨーロッパ,South Savo,Etelä-Savo,FI-04
Finland,FIN,FI,北ヨーロッパ,Kainuu,Kainuu,FI-05
Finland,FIN,FI,北ヨーロッパ,Kanta-Häme,Kanta-Häme,FI-06
Finland,FIN,FI,北ヨーロッパ,Central Ostrobothnia,Keski-Pohjanmaa,FI-07
Finland,FIN,FI,北ヨーロッパ,Central Finland,Keski-Suomi,FI-08
Finland,FIN,FI,北ヨーロッパ,Kymenlaakso,Kymenlaakso,FI-09
Finland,FIN,FI,北ヨーロッパ,Lapland,Lappi,FI-10
Finland,FIN,FI,北ヨーロッパ,Pirkanmaa,Pirkanmaa,FI-11
Finland,FIN,FI,北ヨーロッパ,Ostrobothnia,Pohjanmaa,FI-12
Finland,FIN,FI,北ヨーロッパ,North Karelia,Pohjois-Karjala,FI-13
Finland,FIN,FI,北ヨーロッパ,North Ostrobothnia,Pohjois-Pohjanmaa,FI-14
Finland,FIN,FI,北ヨーロッパ,North Savo,Pohjois-Savo,FI-15
Finland,FIN,FI,北ヨーロッパ,Päijät-Häme,Päijät-Häme,FI-16
Finland,FIN,FI,北ヨーロッパ,Satakunta,Satakunta,FI-17
Finland,FIN,FI,北ヨーロッパ,Uusimaa,Uusimaa,FI-18
Finland,FIN,FI,北ヨーロッパ,Southwest Finland,Varsinais-Suomi,FI-19
Fiji,FJI,FJ,オセアニア,Ba,Ba,FJ-01
Fiji,FJI,FJ,オセアニア,Bua,Bua,FJ-02
Fiji,FJI,FJ,オセアニア,Cakaudrove,Cakaudrove,FJ-03
Fiji,FJI,FJ,オセアニア,Kadavu,Kadavu,FJ-04
Fiji,FJI,FJ,オセアニア,Lau,Lau,FJ-05
Fiji,FJI,FJ,オセアニア,Lomaiviti,Lomaiviti,FJ-06
Fiji,FJI,FJ,オセアニア,Macuata,Macuata,FJ-07
Fiji,FJI,FJ,オセアニア,Nadroga and Navosa,Nadroga and Navosa,FJ-08
Fiji,FJI,FJ,オセアニア,Naitasiri,Naitasiri,FJ-09
Fiji,FJI,FJ,オセアニア,Namosi,Namosi,FJ-10
Fiji,FJI,FJ,オセアニア,Ra,Ra,FJ-11
Fiji,FJI,FJ,オセアニア,Rewa,Rewa,FJ-12
Fiji,FJI,FJ,オセアニア,Serua,Serua,FJ-13
Fiji,FJI,FJ,オセアニア,Tailevu,Tailevu,FJ-14
Micronesia (Federated States of),FSM,FM,オセアニア,Kosrae,Kosrae,FM-KSA
Micronesia (Federated States of),FSM,FM,オセアニア,Pohnpei,Pohnpei,FM-PNI
Micronesia (Federated States of),FSM,FM,オセアニア,Chuuk,Chuuk,FM-TRK
Micronesia (Federated States of),FSM,FM,オセアニア,Yap,Yap,FM-YAP
France,FRA,FR,西ヨーロッパ,Ain[note 1],Ain,FR-01
France,FRA,FR,西ヨーロッパ,Aisne[note 1],Aisne,FR-02
France,FRA,FR,西ヨーロッパ,Allier[note 1],Allier,FR-03
France,FRA,FR,西ヨーロッパ,Alps of Upper Provence,Alpes-de-Haute-Provence,FR-04
France,FRA,FR,西ヨーロッパ,Upper Alps,Hautes-Alpes,FR-05
France,FRA,FR,西ヨーロッパ,Maritime Alps,Alpes-Maritimes,FR-06
France,FRA,FR,西ヨーロッパ,Ardèche[note 1],Ardèche,FR-07
France,FRA,FR,西ヨーロッパ,Ardennes,Ardennes,FR-08
France,FRA,FR,西ヨーロッパ,Ariège[note 1],Ariège,FR-09
France,FRA,FR,西ヨーロッパ,Aube[note 1],Aube,FR-10
France,FRA,FR,西ヨーロッパ,Aude[note 1],Aude,FR-11
France,FRA,FR,西ヨーロッパ,Aveyron[note 1],Aveyron,FR-12
France,FRA,FR,西ヨーロッパ,Rhône Delta,Bouches-du-Rhône,FR-13
France,FRA,FR,西ヨーロッパ,Calvados,Calvados,FR-14
France,FRA,FR,西ヨーロッパ,Cantal,Cantal,FR-15
France,FRA,FR,西ヨーロッパ,Charente[note 1],Charente,FR-16
France,FRA,FR,西ヨーロッパ,Maritime Charente[note 1],Charente-Maritime,FR-17
France,FRA,FR,西ヨーロッパ,Cher[note 1],Cher,FR-18
France,FRA,FR,西ヨーロッパ,Corrèze[note 1],Corrèze,FR-19
France,FRA,FR,西ヨーロッパ,Gold Coast,Côte-d'Or,FR-21
France,FRA,FR,西ヨーロッパ,Armor Coast[note 2],Côtes-d'Armor,FR-22
France,FRA,FR,西ヨーロッパ,Creuse[note 1],Creuse,FR-23
France,FRA,FR,西ヨーロッパ,Dordogne[note 1],Dordogne,FR-24
France,FRA,FR,西ヨーロッパ,Doubs[note 1],Doubs,FR-25
France,FRA,FR,西ヨーロッパ,Drôme[note 1],Drôme,FR-26
France,FRA,FR,西ヨーロッパ,Eure[note 1],Eure,FR-27
France,FRA,FR,西ヨーロッパ,Eure and Loir,Eure-et-Loir,FR-28
France,FRA,FR,西ヨーロッパ,Finisterre,Finistère,FR-29
France,FRA,FR,西ヨーロッパ,Southern Corsica,Corse-du-Sud,FR-2A
France,FRA,FR,西ヨーロッパ,Upper Corsica,Haute-Corse,FR-2B
France,FRA,FR,西ヨーロッパ,Gard[note 4],Gard,FR-30
France,FRA,FR,西ヨーロッパ,Upper Garonne[note 1],Haute-Garonne,FR-31
France,FRA,FR,西ヨーロッパ,Gers[note 1],Gers,FR-32
France,FRA,FR,西ヨーロッパ,Gironde,Gironde,FR-33
France,FRA,FR,西ヨーロッパ,Herault,Hérault,FR-34
France,FRA,FR,西ヨーロッパ,Ille and Vilaine,Ille-et-Vilaine,FR-35
France,FRA,FR,西ヨーロッパ,Indre,Indre,FR-36
France,FRA,FR,西ヨーロッパ,Indre and Loire,Indre-et-Loire,FR-37
France,FRA,FR,西ヨーロッパ,Isere,Isère,FR-38
France,FRA,FR,西ヨーロッパ,Jura,Jura,FR-39
France,FRA,FR,西ヨーロッパ,Landes,Landes,FR-40
France,FRA,FR,西ヨーロッパ,Loir and Cher,Loir-et-Cher,FR-41
France,FRA,FR,西ヨーロッパ,Loire,Loire,FR-42
France,FRA,FR,西ヨーロッパ,Upper Loire[note 1],Haute-Loire,FR-43
France,FRA,FR,西ヨーロッパ,Atlantic Loire,Loire-Atlantique,FR-44
France,FRA,FR,西ヨーロッパ,Loiret,Loiret,FR-45
France,FRA,FR,西ヨーロッパ,Lot,Lot,FR-46
France,FRA,FR,西ヨーロッパ,Lot and Garonne,Lot-et-Garonne,FR-47
France,FRA,FR,西ヨーロッパ,Lozere,Lozère,FR-48
France,FRA,FR,西ヨーロッパ,Maine and Loire,Maine-et-Loire,FR-49
France,FRA,FR,西ヨーロッパ,Channel[note 5],Manche,FR-50
France,FRA,FR,西ヨーロッパ,Marne,Marne,FR-51
France,FRA,FR,西ヨーロッパ,Upper Marne[note 1],Haute-Marne,FR-52
France,FRA,FR,西ヨーロッパ,Mayenne,Mayenne,FR-53
France,FRA,FR,西ヨーロッパ,Meurthe and Moselle,Meurthe-et-Moselle,FR-54
France,FRA,FR,西ヨーロッパ,Meuse,Meuse,FR-55
France,FRA,FR,西ヨーロッパ,Morbihan,Morbihan,FR-56
France,FRA,FR,西ヨーロッパ,Moselle,Moselle,FR-57
France,FRA,FR,西ヨーロッパ,Nievre,Nièvre,FR-58
France,FRA,FR,西ヨーロッパ,North,Nord,FR-59
France,FRA,FR,西ヨーロッパ,Oise,Oise,FR-60
France,FRA,FR,西ヨーロッパ,Orne,Orne,FR-61
France,FRA,FR,西ヨーロッパ,Strait of Calais[note 6],Pas-de-Calais,FR-62
France,FRA,FR,西ヨーロッパ,Puy de Dome[note 7],Puy-de-Dôme,FR-63
France,FRA,FR,西ヨーロッパ,Atlantic Pyrenees,Pyrénées-Atlantiques,FR-64
France,FRA,FR,西ヨーロッパ,Upper Pyrenees,Hautes-Pyrénées,FR-65
France,FRA,FR,西ヨーロッパ,Eastern Pyrenees,Pyrénées-Orientales,FR-66
France,FRA,FR,西ヨーロッパ,Rhône,Rhône[1],FR-69
France,FRA,FR,西ヨーロッパ,Greater Lyon,Métropole de Lyon,FR-69M
France,FRA,FR,西ヨーロッパ,Alsace,Alsace,FR-6AE
France,FRA,FR,西ヨーロッパ,Upper Saône[note 1],Haute-Saône,FR-70
France,FRA,FR,西ヨーロッパ,Saone and Loire,Saône-et-Loire,FR-71
France,FRA,FR,西ヨーロッパ,Sarthe,Sarthe,FR-72
France,FRA,FR,西ヨーロッパ,Savoy,Savoie,FR-73
France,FRA,FR,西ヨーロッパ,Upper Savoy,Haute-Savoie,FR-74
France,FRA,FR,西ヨーロッパ,City of Paris,Paris,FR-75C
France,FRA,FR,西ヨーロッパ,Maritime Seine,Seine-Maritime,FR-76
France,FRA,FR,西ヨーロッパ,Seine and Marne,Seine-et-Marne,FR-77
France,FRA,FR,西ヨーロッパ,Yvelines,Yvelines,FR-78
France,FRA,FR,西ヨーロッパ,Two Sèvres[note 3],Deux-Sèvres,FR-79
France,FRA,FR,西ヨーロッパ,Somme,Somme,FR-80
France,FRA,FR,西ヨーロッパ,Tarn,Tarn,FR-81
France,FRA,FR,西ヨーロッパ,Tarn and Garonne,Tarn-et-Garonne,FR-82
France,FRA,FR,西ヨーロッパ,Var[note 8],Var,FR-83
France,FRA,FR,西ヨーロッパ,Vaucluse,Vaucluse,FR-84
France,FRA,FR,西ヨーロッパ,Vendee,Vendée,FR-85
France,FRA,FR,西ヨーロッパ,Vienne,Vienne,FR-86
France,FRA,FR,西ヨーロッパ,Upper Vienne[note 1],Haute-Vienne,FR-87
France,FRA,FR,西ヨーロッパ,Vosges,Vosges,FR-88
France,FRA,FR,西ヨーロッパ,Yonne,Yonne,FR-89
France,FRA,FR,西ヨーロッパ,Belfort Territory,Territoire de Belfort,FR-90
France,FRA,FR,西ヨーロッパ,Essonne[note 1],Essonne,FR-91
France,FRA,FR,西ヨーロッパ,Upper Seine,Hauts-de-Seine,FR-92
France,FRA,FR,西ヨーロッパ,Saint Denis Seine,Seine-Saint-Denis,FR-93
France,FRA,FR,西ヨーロッパ,Marne Valley,Val-de-Marne,FR-94
France,FRA,FR,西ヨーロッパ,Oise Valley,Val-d'Oise,FR-95
France,FRA,FR,西ヨーロッパ,Guadeloupe,Guadeloupe,FR-971
France,FRA,FR,西ヨーロッパ,Martinique,Martinique,FR-972
France,FRA,FR,西ヨーロッパ,French Guiana,Guyane (française),FR-973
France,FRA,FR,西ヨーロッパ,Reunion,La Réunion,FR-974
France,FRA,FR,西ヨーロッパ,Mayotte,Mayotte,FR-976
Gabon,GAB,GA,中央アフリカ,Estuary,Estuaire,GA-1
Gabon,GAB,GA,中央アフリカ,Upper Ogooué,Haut-Ogooué,GA-2
Gabon,GAB,GA,中央アフリカ,Middle Ogooué,Moyen-Ogooué,GA-3
Gabon,GAB,GA,中央アフリカ,Ngounié,Ngounié,GA-4
Gabon,GAB,GA,中央アフリカ,Nyanga,Nyanga,GA-5
Gabon,GAB,GA,中央アフリカ,Ogooué-Ivindo,Ogooué-Ivindo,GA-6
Gabon,GAB,GA,中央アフリカ,Ogooué-Lolo,Ogooué-Lolo,GA-7
Gabon,GAB,GA,中央アフリカ,Maritime Ogooué,Ogooué-Maritime,GA-8
Gabon,GAB,GA,中央アフリカ,Woleu-Ntem,Woleu-Ntem,GA-9
United Kingdom of Great Britain and Northern Ireland,GBR,GB,西ヨーロッパ,"Armagh City, Banbridge and Craigavon","Armagh City, Banbridge and Craigavon",GB-ABC
United Kingdom of Great Britain and Northern Ireland,GBR,GB,西ヨーロッパ,Aberdeenshire,Aberdeenshire,GB-ABD
United Kingdom of Great Britain and Northern Ireland,GBR,GB,西ヨーロッパ,Aberdeen City,Aberdeen City,GB-ABE
United Kingdom of Great Britain and Northern Ireland,GBR,GB,西ヨーロッパ,Argyll and Bute,Argyll and Bute,GB-AGB
United Kingdom of Great Britain and Northern Ireland,GBR,GB,西ヨーロッパ,Isle of Anglesey [Sir Ynys Môn GB-YNM],Isle of Anglesey [Sir Ynys Môn GB-YNM],GB-AGY
United Kingdom of Great Britain and Northern Ireland,GBR,GB,西ヨーロッパ,Ards and North Down,Ards and North Down,GB-AND
United Kingdom of Great Britain and Northern Ireland,GBR,GB,西ヨーロッパ,Antrim and Newtownabbey,Antrim and Newtownabbey,GB-ANN
United Kingdom of Great Britain and Northern Ireland,GBR,GB,西ヨーロッパ,Angus,Angus,GB-ANS
United Kingdom of Great Britain and Northern Ireland,GBR,GB,西ヨーロッパ,Bath and North East Somerset,Bath and North East Somerset,GB-BAS
United Kingdom of Great Britain and Northern Ireland,GBR,GB,西ヨーロッパ,Blackburn with Darwen,Blackburn with Darwen,GB-BBD
United Kingdom of Great Britain and Northern Ireland,GBR,GB,西ヨーロッパ,"Bournemouth, Christchurch and Poole","Bournemouth, Christchurch and Poole",GB-BCP
United Kingdom of Great Britain and Northern Ireland,GBR,GB,西ヨーロッパ,Bedford,Bedford,GB-BDF
United Kingdom of Great Britain and Northern Ireland,GBR,GB,西ヨーロッパ,Barking and Dagenham,Barking and Dagenham,GB-BDG
United Kingdom of Great Britain and Northern Ireland,GBR,GB,西ヨーロッパ,Brent,Brent,GB-BEN
United Kingdom of Great Britain and Northern Ireland,GBR,GB,西ヨーロッパ,Bexley,Bexley,GB-BEX
United Kingdom of Great Britain and Northern Ireland,GBR,GB,西ヨーロッパ,Belfast City,Belfast City,GB-BFS
United Kingdom of Great Britain and Northern Ireland,GBR,GB,西ヨーロッパ,Bridgend [Pen-y-bont ar Ogwr GB-POG],Bridgend [Pen-y-bont ar Ogwr GB-POG],GB-BGE
United Kingdom of Great Britain and Northern Ireland,GBR,GB,西ヨーロッパ,Blaenau Gwent,Blaenau Gwent,GB-BGW
United Kingdom of Great Britain and Northern Ireland,GBR,GB,西ヨーロッパ,Birmingham,Birmingham,GB-BIR
United Kingdom of Great Britain and Northern Ireland,GBR,GB,西ヨーロッパ,Buckinghamshire,Buckinghamshire,GB-BKM
United Kingdom of Great Britain and Northern Ireland,GBR,GB,西ヨーロッパ,Barnet,Barnet,GB-BNE
United Kingdom of Great Britain and Northern Ireland,GBR,GB,西ヨーロッパ,Brighton and Hove,Brighton and Hove,GB-BNH
United Kingdom of Great Britain and Northern Ireland,GBR,GB,西ヨーロッパ,Barnsley,Barnsley,GB-BNS
United Kingdom of Great Britain and Northern Ireland,GBR,GB,西ヨーロッパ,Bolton,Bolton,GB-BOL
United Kingdom of Great Britain and Northern Ireland,GBR,GB,西ヨーロッパ,Blackpool,Blackpool,GB-BPL
United Kingdom of Great Britain and Northern Ireland,GBR,GB,西ヨーロッパ,Bracknell Forest,Bracknell Forest,GB-BRC
United Kingdom of Great Britain and Northern Ireland,GBR,GB,西ヨーロッパ,Bradford,Bradford,GB-BRD
United Kingdom of Great Britain and Northern Ireland,GBR,GB,西ヨーロッパ,Bromley,Bromley,GB-BRY
United Kingdom of Great Britain and Northern Ireland,GBR,GB,西ヨーロッパ,"Bristol, City of","Bristol, City of",GB-BST
United Kingdom of Great Britain and Northern Ireland,GBR,GB,西ヨーロッパ,Bury,Bury,GB-BUR
United Kingdom of Great Britain and Northern Ireland,GBR,GB,西ヨーロッパ,Cambridgeshire,Cambridgeshire,GB-CAM
United Kingdom of Great Britain and Northern Ireland,GBR,GB,西ヨーロッパ,Caerphilly [Caerffili GB-CAF],Caerphilly [Caerffili GB-CAF],GB-CAY
United Kingdom of Great Britain and Northern Ireland,GBR,GB,西ヨーロッパ,Central Bedfordshire,Central Bedfordshire,GB-CBF
United Kingdom of Great Britain and Northern Ireland,GBR,GB,西ヨーロッパ,Causeway Coast and Glens,Causeway Coast and Glens,GB-CCG
United Kingdom of Great Britain and Northern Ireland,GBR,GB,西ヨーロッパ,Ceredigion [Sir Ceredigion],Ceredigion [Sir Ceredigion],GB-CGN
United Kingdom of Great Britain and Northern Ireland,GBR,GB,西ヨーロッパ,Cheshire East,Cheshire East,GB-CHE
United Kingdom of Great Britain and Northern Ireland,GBR,GB,西ヨーロッパ,Cheshire West and Chester,Cheshire West and Chester,GB-CHW
United Kingdom of Great Britain and Northern Ireland,GBR,GB,西ヨーロッパ,Calderdale,Calderdale,GB-CLD
United Kingdom of Great Britain and Northern Ireland,GBR,GB,西ヨーロッパ,Clackmannanshire,Clackmannanshire,GB-CLK
United Kingdom of Great Britain and Northern Ireland,GBR,GB,西ヨーロッパ,Cumbria,Cumbria,GB-CMA
United Kingdom of Great Britain and Northern Ireland,GBR,GB,西ヨーロッパ,Camden,Camden,GB-CMD
United Kingdom of Great Britain and Northern Ireland,GBR,GB,西ヨーロッパ,Carmarthenshire [Sir Gaerfyrddin GB-GFY],Carmarthenshire [Sir Gaerfyrddin GB-GFY],GB-CMN
United Kingdom of Great Britain and Northern Ireland,GBR,GB,西ヨーロッパ,Cornwall,Cornwall,GB-CON
United Kingdom of Great Britain and Northern Ireland,GBR,GB,西ヨーロッパ,Coventry,Coventry,GB-COV
United Kingdom of Great Britain and Northern Ireland,GBR,GB,西ヨーロッパ,Cardiff [Caerdydd GB-CRD],Cardiff [Caerdydd GB-CRD],GB-CRF
United Kingdom of Great Britain and Northern Ireland,GBR,GB,西ヨーロッパ,Croydon,Croydon,GB-CRY
United Kingdom of Great Britain and Northern Ireland,GBR,GB,西ヨーロッパ,Conwy,Conwy,GB-CWY
United Kingdom of Great Britain and Northern Ireland,GBR,GB,西ヨーロッパ,Darlington,Darlington,GB-DAL
United Kingdom of Great Britain and Northern Ireland,GBR,GB,西ヨーロッパ,Derbyshire,Derbyshire,GB-DBY
United Kingdom of Great Britain and Northern Ireland,GBR,GB,西ヨーロッパ,Denbighshire [Sir Ddinbych GB-DDB],Denbighshire [Sir Ddinbych GB-DDB],GB-DEN
United Kingdom of Great Britain and Northern Ireland,GBR,GB,西ヨーロッパ,Derby,Derby,GB-DER
United Kingdom of Great Britain and Northern Ireland,GBR,GB,西ヨーロッパ,Devon,Devon,GB-DEV
United Kingdom of Great Britain and Northern Ireland,GBR,GB,西ヨーロッパ,Dumfries and Galloway,Dumfries and Galloway,GB-DGY
United Kingdom of Great Britain and Northern Ireland,GBR,GB,西ヨーロッパ,Doncaster,Doncaster,GB-DNC
United Kingdom of Great Britain and Northern Ireland,GBR,GB,西ヨーロッパ,Dundee City,Dundee City,GB-DND
United Kingdom of Great Britain and Northern Ireland,GBR,GB,西ヨーロッパ,Dorset,Dorset,GB-DOR
United Kingdom of Great Britain and Northern Ireland,GBR,GB,西ヨーロッパ,Derry and Strabane,Derry and Strabane,GB-DRS
United Kingdom of Great Britain and Northern Ireland,GBR,GB,西ヨーロッパ,Dudley,Dudley,GB-DUD
United Kingdom of Great Britain and Northern Ireland,GBR,GB,西ヨーロッパ,"Durham, County","Durham, County",GB-DUR
United Kingdom of Great Britain and Northern Ireland,GBR,GB,西ヨーロッパ,Ealing,Ealing,GB-EAL
United Kingdom of Great Britain and Northern Ireland,GBR,GB,西ヨーロッパ,East Ayrshire,East Ayrshire,GB-EAY
United Kingdom of Great Britain and Northern Ireland,GBR,GB,西ヨーロッパ,"Edinburgh, City of","Edinburgh, City of",GB-EDH
United Kingdom of Great Britain and Northern Ireland,GBR,GB,西ヨーロッパ,East Dunbartonshire,East Dunbartonshire,GB-EDU
United Kingdom of Great Britain and Northern Ireland,GBR,GB,西ヨーロッパ,East Lothian,East Lothian,GB-ELN
United Kingdom of Great Britain and Northern Ireland,GBR,GB,西ヨーロッパ,Eilean Siar,Eilean Siar,GB-ELS
United Kingdom of Great Britain and Northern Ireland,GBR,GB,西ヨーロッパ,Enfield,Enfield,GB-ENF
United Kingdom of Great Britain and Northern Ireland,GBR,GB,西ヨーロッパ,East Renfrewshire,East Renfrewshire,GB-ERW
United Kingdom of Great Britain and Northern Ireland,GBR,GB,西ヨーロッパ,East Riding of Yorkshire,East Riding of Yorkshire,GB-ERY
United Kingdom of Great Britain and Northern Ireland,GBR,GB,西ヨーロッパ,Essex,Essex,GB-ESS
United Kingdom of Great Britain and Northern Ireland,GBR,GB,西ヨーロッパ,East Sussex,East Sussex,GB-ESX
United Kingdom of Great Britain and Northern Ireland,GBR,GB,西ヨーロッパ,Falkirk,Falkirk,GB-FAL
United Kingdom of Great Britain and Northern Ireland,GBR,GB,西ヨーロッパ,Fife,Fife,GB-FIF
United Kingdom of Great Britain and Northern Ireland,GBR,GB,西ヨーロッパ,Flintshire [Sir y Fflint GB-FFL],Flintshire [Sir y Fflint GB-FFL],GB-FLN
United Kingdom of Great Britain and Northern Ireland,GBR,GB,西ヨーロッパ,Fermanagh and Omagh,Fermanagh and Omagh,GB-FMO
United Kingdom of Great Britain and Northern Ireland,GBR,GB,西ヨーロッパ,Gateshead,Gateshead,GB-GAT
United Kingdom of Great Britain and Northern Ireland,GBR,GB,西ヨーロッパ,Glasgow City,Glasgow City,GB-GLG
United Kingdom of Great Britain and Northern Ireland,GBR,GB,西ヨーロッパ,Gloucestershire,Gloucestershire,GB-GLS
United Kingdom of Great Britain and Northern Ireland,GBR,GB,西ヨーロッパ,Greenwich,Greenwich,GB-GRE
United Kingdom of Great Britain and Northern Ireland,GBR,GB,西ヨーロッパ,Gwynedd,Gwynedd,GB-GWN
United Kingdom of Great Britain and Northern Ireland,GBR,GB,西ヨーロッパ,Halton,Halton,GB-HAL
United Kingdom of Great Britain and Northern Ireland,GBR,GB,西ヨーロッパ,Hampshire,Hampshire,GB-HAM
United Kingdom of Great Britain and Northern Ireland,GBR,GB,西ヨーロッパ,Havering,Havering,GB-HAV
United Kingdom of Great Britain and Northern Ireland,GBR,GB,西ヨーロッパ,Hackney,Hackney,GB-HCK
United Kingdom of Great Britain and Northern Ireland,GBR,GB,西ヨーロッパ,Herefordshire,Herefordshire,GB-HEF
United Kingdom of Great Britain and Northern Ireland,GBR,GB,西ヨーロッパ,Hillingdon,Hillingdon,GB-HIL
United Kingdom of Great Britain and Northern Ireland,GBR,GB,西ヨーロッパ,Highland,Highland,GB-HLD
United Kingdom of Great Britain and Northern Ireland,GBR,GB,西ヨーロッパ,Hammersmith and Fulham,Hammersmith and Fulham,GB-HMF
United Kingdom of Great Britain and Northern Ireland,GBR,GB,西ヨーロッパ,Hounslow,Hounslow,GB-HNS
United Kingdom of Great Britain and Northern Ireland,GBR,GB,西ヨーロッパ,Hartlepool,Hartlepool,GB-HPL
United Kingdom of Great Britain and Northern Ireland,GBR,GB,西ヨーロッパ,Hertfordshire,Hertfordshire,GB-HRT
United Kingdom of Great Britain and Northern Ireland,GBR,GB,西ヨーロッパ,Harrow,Harrow,GB-HRW
United Kingdom of Great Britain and Northern Ireland,GBR,GB,西ヨーロッパ,Haringey,Haringey,GB-HRY
United Kingdom of Great Britain and Northern Ireland,GBR,GB,西ヨーロッパ,Isles of Scilly,Isles of Scilly,GB-IOS
United Kingdom of Great Britain and Northern Ireland,GBR,GB,西ヨーロッパ,Isle of Wight,Isle of Wight,GB-IOW
United Kingdom of Great Britain and Northern Ireland,GBR,GB,西ヨーロッパ,Islington,Islington,GB-ISL
United Kingdom of Great Britain and Northern Ireland,GBR,GB,西ヨーロッパ,Inverclyde,Inverclyde,GB-IVC
United Kingdom of Great Britain and Northern Ireland,GBR,GB,西ヨーロッパ,Kensington and Chelsea,Kensington and Chelsea,GB-KEC
United Kingdom of Great Britain and Northern Ireland,GBR,GB,西ヨーロッパ,Kent,Kent,GB-KEN
United Kingdom of Great Britain and Northern Ireland,GBR,GB,西ヨーロッパ,Kingston upon Hull,Kingston upon Hull,GB-KHL
United Kingdom of Great Britain and Northern Ireland,GBR,GB,西ヨーロッパ,Kirklees,Kirklees,GB-KIR
United Kingdom of Great Britain and Northern Ireland,GBR,GB,西ヨーロッパ,Kingston upon Thames,Kingston upon Thames,GB-KTT
United Kingdom of Great Britain and Northern Ireland,GBR,GB,西ヨーロッパ,Knowsley,Knowsley,GB-KWL
United Kingdom of Great Britain and Northern Ireland,GBR,GB,西ヨーロッパ,Lancashire,Lancashire,GB-LAN
United Kingdom of Great Britain and Northern Ireland,GBR,GB,西ヨーロッパ,Lisburn and Castlereagh,Lisburn and Castlereagh,GB-LBC
United Kingdom of Great Britain and Northern Ireland,GBR,GB,西ヨーロッパ,Lambeth,Lambeth,GB-LBH
United Kingdom of Great Britain and Northern Ireland,GBR,GB,西ヨーロッパ,Leicester,Leicester,GB-LCE
United Kingdom of Great Britain and Northern Ireland,GBR,GB,西ヨーロッパ,Leeds,Leeds,GB-LDS
United Kingdom of Great Britain and Northern Ireland,GBR,GB,西ヨーロッパ,Leicestershire,Leicestershire,GB-LEC
United Kingdom of Great Britain and Northern Ireland,GBR,GB,西ヨーロッパ,Lewisham,Lewisham,GB-LEW
United Kingdom of Great Britain and Northern Ireland,GBR,GB,西ヨーロッパ,Lincolnshire,Lincolnshire,GB-LIN
United Kingdom of Great Britain and Northern Ireland,GBR,GB,西ヨーロッパ,Liverpool,Liverpool,GB-LIV
United Kingdom of Great Britain and Northern Ireland,GBR,GB,西ヨーロッパ,"London, City of","London, City of",GB-LND
United Kingdom of Great Britain and Northern Ireland,GBR,GB,西ヨーロッパ,Luton,Luton,GB-LUT
United Kingdom of Great Britain and Northern Ireland,GBR,GB,西ヨーロッパ,Manchester,Manchester,GB-MAN
United Kingdom of Great Britain and Northern Ireland,GBR,GB,西ヨーロッパ,Middlesbrough,Middlesbrough,GB-MDB
United Kingdom of Great Britain and Northern Ireland,GBR,GB,西ヨーロッパ,Medway,Medway,GB-MDW
United Kingdom of Great Britain and Northern Ireland,GBR,GB,西ヨーロッパ,Mid and East Antrim,Mid and East Antrim,GB-MEA
United Kingdom of Great Britain and Northern Ireland,GBR,GB,西ヨーロッパ,Milton Keynes,Milton Keynes,GB-MIK
United Kingdom of Great Britain and Northern Ireland,GBR,GB,西ヨーロッパ,Midlothian,Midlothian,GB-MLN
United Kingdom of Great Britain and Northern Ireland,GBR,GB,西ヨーロッパ,Monmouthshire [Sir Fynwy GB-FYN],Monmouthshire [Sir Fynwy GB-FYN],GB-MON
United Kingdom of Great Britain and Northern Ireland,GBR,GB,西ヨーロッパ,Merton,Merton,GB-MRT
United Kingdom of Great Britain and Northern Ireland,GBR,GB,西ヨーロッパ,Moray,Moray,GB-MRY
United Kingdom of Great Britain and Northern Ireland,GBR,GB,西ヨーロッパ,Merthyr Tydfil [Merthyr Tudful GB-MTU],Merthyr Tydfil [Merthyr Tudful GB-MTU],GB-MTY
United Kingdom of Great Britain and Northern Ireland,GBR,GB,西ヨーロッパ,Mid-Ulster,Mid-Ulster,GB-MUL
United Kingdom of Great Britain and Northern Ireland,GBR,GB,西ヨーロッパ,North Ayrshire,North Ayrshire,GB-NAY
United Kingdom of Great Britain and Northern Ireland,GBR,GB,西ヨーロッパ,Northumberland,Northumberland,GB-NBL
United Kingdom of Great Britain and Northern Ireland,GBR,GB,西ヨーロッパ,North East Lincolnshire,North East Lincolnshire,GB-NEL
United Kingdom of Great Britain and Northern Ireland,GBR,GB,西ヨーロッパ,Newcastle upon Tyne,Newcastle upon Tyne,GB-NET
United Kingdom of Great Britain and Northern Ireland,GBR,GB,西ヨーロッパ,Norfolk,Norfolk,GB-NFK
United Kingdom of Great Britain and Northern Ireland,GBR,GB,西ヨーロッパ,Nottingham,Nottingham,GB-NGM
United Kingdom of Great Britain and Northern Ireland,GBR,GB,西ヨーロッパ,North Lanarkshire,North Lanarkshire,GB-NLK
United Kingdom of Great Britain and Northern Ireland,GBR,GB,西ヨーロッパ,North Lincolnshire,North Lincolnshire,GB-NLN
United Kingdom of Great Britain and Northern Ireland,GBR,GB,西ヨーロッパ,"Newry, Mourne and Down","Newry, Mourne and Down",GB-NMD
United Kingdom of Great Britain and Northern Ireland,GBR,GB,西ヨーロッパ,North Northamptonshire,North Northamptonshire,GB-NNH
United Kingdom of Great Britain and Northern Ireland,GBR,GB,西ヨーロッパ,North Somerset,North Somerset,GB-NSM
United Kingdom of Great Britain and Northern Ireland,GBR,GB,西ヨーロッパ,Neath Port Talbot [Castell-nedd Port Talbot GB-CTL],Neath Port Talbot [Castell-nedd Port Talbot GB-CTL],GB-NTL
United Kingdom of Great Britain and Northern Ireland,GBR,GB,西ヨーロッパ,Nottinghamshire,Nottinghamshire,GB-NTT
United Kingdom of Great Britain and Northern Ireland,GBR,GB,西ヨーロッパ,North Tyneside,North Tyneside,GB-NTY
United Kingdom of Great Britain and Northern Ireland,GBR,GB,西ヨーロッパ,Newham,Newham,GB-NWM
United Kingdom of Great Britain and Northern Ireland,GBR,GB,西ヨーロッパ,Newport [Casnewydd GB-CNW],Newport [Casnewydd GB-CNW],GB-NWP
United Kingdom of Great Britain and Northern Ireland,GBR,GB,西ヨーロッパ,North Yorkshire,North Yorkshire,GB-NYK
United Kingdom of Great Britain and Northern Ireland,GBR,GB,西ヨーロッパ,Oldham,Oldham,GB-OLD
United Kingdom of Great Britain and Northern Ireland,GBR,GB,西ヨーロッパ,Orkney Islands,Orkney Islands,GB-ORK
United Kingdom of Great Britain and Northern Ireland,GBR,GB,西ヨーロッパ,Oxfordshire,Oxfordshire,GB-OXF
United Kingdom of Great Britain and Northern Ireland,GBR,GB,西ヨーロッパ,Pembrokeshire [Sir Benfro GB-BNF],Pembrokeshire [Sir Benfro GB-BNF],GB-PEM
United Kingdom of Great Britain and Northern Ireland,GBR,GB,西ヨーロッパ,Perth and Kinross,Perth and Kinross,GB-PKN
United Kingdom of Great Britain and Northern Ireland,GBR,GB,西ヨーロッパ,Plymouth,Plymouth,GB-PLY
United Kingdom of Great Britain and Northern Ireland,GBR,GB,西ヨーロッパ,Portsmouth,Portsmouth,GB-POR
United Kingdom of Great Britain and Northern Ireland,GBR,GB,西ヨーロッパ,Powys,Powys,GB-POW
United Kingdom of Great Britain and Northern Ireland,GBR,GB,西ヨーロッパ,Peterborough,Peterborough,GB-PTE
United Kingdom of Great Britain and Northern Ireland,GBR,GB,西ヨーロッパ,Redcar and Cleveland,Redcar and Cleveland,GB-RCC
United Kingdom of Great Britain and Northern Ireland,GBR,GB,西ヨーロッパ,Rochdale,Rochdale,GB-RCH
United Kingdom of Great Britain and Northern Ireland,GBR,GB,西ヨーロッパ,Rhondda Cynon Taff [Rhondda CynonTaf],Rhondda Cynon Taff [Rhondda CynonTaf],GB-RCT
United Kingdom of Great Britain and Northern Ireland,GBR,GB,西ヨーロッパ,Redbridge,Redbridge,GB-RDB
United Kingdom of Great Britain and Northern Ireland,GBR,GB,西ヨーロッパ,Reading,Reading,GB-RDG
United Kingdom of Great Britain and Northern Ireland,GBR,GB,西ヨーロッパ,Renfrewshire,Renfrewshire,GB-RFW
United Kingdom of Great Britain and Northern Ireland,GBR,GB,西ヨーロッパ,Richmond upon Thames,Richmond upon Thames,GB-RIC
United Kingdom of Great Britain and Northern Ireland,GBR,GB,西ヨーロッパ,Rotherham,Rotherham,GB-ROT
United Kingdom of Great Britain and Northern Ireland,GBR,GB,西ヨーロッパ,Rutland,Rutland,GB-RUT
United Kingdom of Great Britain and Northern Ireland,GBR,GB,西ヨーロッパ,Sandwell,Sandwell,GB-SAW
United Kingdom of Great Britain and Northern Ireland,GBR,GB,西ヨーロッパ,South Ayrshire,South Ayrshire,GB-SAY
United Kingdom of Great Britain and Northern Ireland,GBR,GB,西ヨーロッパ,Scottish Borders,Scottish Borders,GB-SCB
United Kingdom of Great Britain and Northern Ireland,GBR,GB,西ヨーロッパ,Suffolk,Suffolk,GB-SFK
United Kingdom of Great Britain and Northern Ireland,GBR,GB,西ヨーロッパ,Sefton,Sefton,GB-SFT
United Kingdom of Great Britain and Northern Ireland,GBR,GB,西ヨーロッパ,South Gloucestershire,South Gloucestershire,GB-SGC
United Kingdom of Great Britain and Northern Ireland,GBR,GB,西ヨーロッパ,Sheffield,Sheffield,GB-SHF
United Kingdom of Great Britain and Northern Ireland,GBR,GB,西ヨーロッパ,St. Helens,St. Helens,GB-SHN
United Kingdom of Great Britain and Northern Ireland,GBR,GB,西ヨーロッパ,Shropshire,Shropshire,GB-SHR
United Kingdom of Great Britain and Northern Ireland,GBR,GB,西ヨーロッパ,Stockport,Stockport,GB-SKP
United Kingdom of Great Britain and Northern Ireland,GBR,GB,西ヨーロッパ,Salford,Salford,GB-SLF
United Kingdom of Great Britain and Northern Ireland,GBR,GB,西ヨーロッパ,Slough,Slough,GB-SLG
United Kingdom of Great Britain and Northern Ireland,GBR,GB,西ヨーロッパ,South Lanarkshire,South Lanarkshire,GB-SLK
United Kingdom of Great Britain and Northern Ireland,GBR,GB,西ヨーロッパ,Sunderland,Sunderland,GB-SND
United Kingdom of Great Britain and Northern Ireland,GBR,GB,西ヨーロッパ,Solihull,Solihull,GB-SOL
United Kingdom of Great Britain and Northern Ireland,GBR,GB,西ヨーロッパ,Somerset,Somerset,GB-SOM
United Kingdom of Great Britain and Northern Ireland,GBR,GB,西ヨーロッパ,Southend-on-Sea,Southend-on-Sea,GB-SOS
United Kingdom of Great Britain and Northern Ireland,GBR,GB,西ヨーロッパ,Surrey,Surrey,GB-SRY
United Kingdom of Great Britain and Northern Ireland,GBR,GB,西ヨーロッパ,Stoke-on-Trent,Stoke-on-Trent,GB-STE
United Kingdom of Great Britain and Northern Ireland,GBR,GB,西ヨーロッパ,Stirling,Stirling,GB-STG
United Kingdom of Great Britain and Northern Ireland,GBR,GB,西ヨーロッパ,Southampton,Southampton,GB-STH
United Kingdom of Great Britain and Northern Ireland,GBR,GB,西ヨーロッパ,Sutton,Sutton,GB-STN
United Kingdom of Great Britain and Northern Ireland,GBR,GB,西ヨーロッパ,Staffordshire,Staffordshire,GB-STS
United Kingdom of Great Britain and Northern Ireland,GBR,GB,西ヨーロッパ,Stockton-on-Tees,Stockton-on-Tees,GB-STT
United Kingdom of Great Britain and Northern Ireland,GBR,GB,西ヨーロッパ,South Tyneside,South Tyneside,GB-STY
United Kingdom of Great Britain and Northern Ireland,GBR,GB,西ヨーロッパ,Swansea [Abertawe GB-ATA],Swansea [Abertawe GB-ATA],GB-SWA
United Kingdom of Great Britain and Northern Ireland,GBR,GB,西ヨーロッパ,Swindon,Swindon,GB-SWD
United Kingdom of Great Britain and Northern Ireland,GBR,GB,西ヨーロッパ,Southwark,Southwark,GB-SWK
United Kingdom of Great Britain and Northern Ireland,GBR,GB,西ヨーロッパ,Tameside,Tameside,GB-TAM
United Kingdom of Great Britain and Northern Ireland,GBR,GB,西ヨーロッパ,Telford and Wrekin,Telford and Wrekin,GB-TFW
United Kingdom of Great Britain and Northern Ireland,GBR,GB,西ヨーロッパ,Thurrock,Thurrock,GB-THR
United Kingdom of Great Britain and Northern Ireland,GBR,GB,西ヨーロッパ,Torbay,Torbay,GB-TOB
United Kingdom of Great Britain and Northern Ireland,GBR,GB,西ヨーロッパ,Torfaen [Tor-faen],Torfaen [Tor-faen],GB-TOF
United Kingdom of Great Britain and Northern Ireland,GBR,GB,西ヨーロッパ,Trafford,Trafford,GB-TRF
United Kingdom of Great Britain and Northern Ireland,GBR,GB,西ヨーロッパ,Tower Hamlets,Tower Hamlets,GB-TWH
United Kingdom of Great Britain and Northern Ireland,GBR,GB,西ヨーロッパ,"Vale of Glamorgan, The [Bro Morgannwg GB-BMG]","Vale of Glamorgan, The [Bro Morgannwg GB-BMG]",GB-VGL
United Kingdom of Great Britain and Northern Ireland,GBR,GB,西ヨーロッパ,Warwickshire,Warwickshire,GB-WAR
United Kingdom of Great Britain and Northern Ireland,GBR,GB,西ヨーロッパ,West Berkshire,West Berkshire,GB-WBK
United Kingdom of Great Britain and Northern Ireland,GBR,GB,西ヨーロッパ,West Dunbartonshire,West Dunbartonshire,GB-WDU
United Kingdom of Great Britain and Northern Ireland,GBR,GB,西ヨーロッパ,Waltham Forest,Waltham Forest,GB-WFT
United Kingdom of Great Britain and Northern Ireland,GBR,GB,西ヨーロッパ,Wigan,Wigan,GB-WGN
United Kingdom of Great Britain and Northern Ireland,GBR,GB,西ヨーロッパ,Wiltshire,Wiltshire,GB-WIL
United Kingdom of Great Britain and Northern Ireland,GBR,GB,西ヨーロッパ,Wakefield,Wakefield,GB-WKF
United Kingdom of Great Britain and Northern Ireland,GBR,GB,西ヨーロッパ,Walsall,Walsall,GB-WLL
United Kingdom of Great Britain and Northern Ireland,GBR,GB,西ヨーロッパ,West Lothian,West Lothian,GB-WLN
United Kingdom of Great Britain and Northern Ireland,GBR,GB,西ヨーロッパ,Wolverhampton,Wolverhampton,GB-WLV
United Kingdom of Great Britain and Northern Ireland,GBR,GB,西ヨーロッパ,Wandsworth,Wandsworth,GB-WND
United Kingdom of Great Britain and Northern Ireland,GBR,GB,西ヨーロッパ,West Northamptonshire,West Northamptonshire,GB-WNH
United Kingdom of Great Britain and Northern Ireland,GBR,GB,西ヨーロッパ,Windsor and Maidenhead,Windsor and Maidenhead,GB-WNM
United Kingdom of Great Britain and Northern Ireland,GBR,GB,西ヨーロッパ,Wokingham,Wokingham,GB-WOK
United Kingdom of Great Britain and Northern Ireland,GBR,GB,西ヨーロッパ,Worcestershire,Worcestershire,GB-WOR
United Kingdom of Great Britain and Northern Ireland,GBR,GB,西ヨーロッパ,Wirral,Wirral,GB-WRL
United Kingdom of Great Britain and Northern Ireland,GBR,GB,西ヨーロッパ,Warrington,Warrington,GB-WRT
United Kingdom of Great Britain and Northern Ireland,GBR,GB,西ヨーロッパ,Wrexham [Wrecsam GB-WRC],Wrexham [Wrecsam GB-WRC],GB-WRX
United Kingdom of Great Britain and Northern Ireland,GBR,GB,西ヨーロッパ,Westminster,Westminster,GB-WSM
United Kingdom of Great Britain and Northern Ireland,GBR,GB,西ヨーロッパ,West Sussex,West Sussex,GB-WSX
United Kingdom of Great Britain and Northern Ireland,GBR,GB,西ヨーロッパ,York,York,GB-YOR
United Kingdom of Great Britain and Northern Ireland,GBR,GB,西ヨーロッパ,Shetland Islands,Shetland Islands,GB-ZET
Grenada,GRD,GD,中央アメリカ,Saint Andrew,Saint Andrew,GD-01
Grenada,GRD,GD,中央アメリカ,Saint David,Saint David,GD-02
Grenada,GRD,GD,中央アメリカ,Saint George,Saint George,GD-03
Grenada,GRD,GD,中央アメリカ,Saint John,Saint John,GD-04
Grenada,GRD,GD,中央アメリカ,Saint Mark,Saint Mark,GD-05
Grenada,GRD,GD,中央アメリカ,Saint Patrick,Saint Patrick,GD-06
Grenada,GRD,GD,中央アメリカ,Southern Grenadine Islands,Southern Grenadine Islands,GD-10
Georgia,GEO,GE,東ヨーロッパ,Abashis Raioni,Abashis Raioni,GE-01
Georgia,GEO,GE,東ヨーロッパ,Adigenis Raioni,Adigenis Raioni,GE-02
Georgia,GEO,GE,東ヨーロッパ,Akhalgoris Raioni,Akhalgoris Raioni,GE-03
Georgia,GEO,GE,東ヨーロッパ,Akhalk'alak'is Raioni,Akhalk'alak'is Raioni,GE-04
Georgia,GEO,GE,東ヨーロッパ,Akhalts'ikhis Raioni,Akhalts'ikhis Raioni,GE-05
Georgia,GEO,GE,東ヨーロッパ,Akhmetis Raioni,Akhmetis Raioni,GE-06
Georgia,GEO,GE,東ヨーロッパ,Ambrolauris Raioni,Ambrolauris Raioni,GE-07
Georgia,GEO,GE,東ヨーロッパ,Aspindzis Raioni,Aspindzis Raioni,GE-08
Georgia,GEO,GE,東ヨーロッパ,Baghdat'is Raioni,Baghdat'is Raioni,GE-09
Georgia,GEO,GE,東ヨーロッパ,Bolnisis Raioni,Bolnisis Raioni,GE-10
Georgia,GEO,GE,東ヨーロッパ,Borjomis Raioni,Borjomis Raioni,GE-11
Georgia,GEO,GE,東ヨーロッパ,Ch'khorotsqus Raioni,Ch'khorotsqus Raioni,GE-12
Georgia,GEO,GE,東ヨーロッパ,Ch'okhatauris Raioni,Ch'okhatauris Raioni,GE-13
Georgia,GEO,GE,東ヨーロッパ,Dedop'listsqaros Raioni,Dedop'listsqaros Raioni,GE-14
Georgia,GEO,GE,東ヨーロッパ,Dmanisis Raioni,Dmanisis Raioni,GE-15
Georgia,GEO,GE,東ヨーロッパ,Dushet'is Raioni,Dushet'is Raioni,GE-16
Georgia,GEO,GE,東ヨーロッパ,Galis Raioni,Galis Raioni,GE-17
Georgia,GEO,GE,東ヨーロッパ,Gardabnis Raioni,Gardabnis Raioni,GE-18
Georgia,GEO,GE,東ヨーロッパ,Goris Raioni,Goris Raioni,GE-19
Georgia,GEO,GE,東ヨーロッパ,Gudauta District,Gudauta District,GE-20
Georgia,GEO,GE,東ヨーロッパ,Gulripshi District,Gulripshi District,GE-21
Georgia,GEO,GE,東ヨーロッパ,Gurjaanis Raioni,Gurjaanis Raioni,GE-22
Georgia,GEO,GE,東ヨーロッパ,Javis Raioni,Javis Raioni,GE-23
Georgia,GEO,GE,東ヨーロッパ,K'arelis Raioni,K'arelis Raioni,GE-24
Georgia,GEO,GE,東ヨーロッパ,Kaspis Raioni,Kaspis Raioni,GE-25
Georgia,GEO,GE,東ヨーロッパ,K'edis Raioni,K'edis Raioni,GE-26
Georgia,GEO,GE,東ヨーロッパ,Kharagaulis Raioni,Kharagaulis Raioni,GE-27
Georgia,GEO,GE,東ヨーロッパ,Khashuris Raioni,Khashuris Raioni,GE-28
Georgia,GEO,GE,東ヨーロッパ,Khelvach'auris Raioni,Khelvach'auris Raioni,GE-29
Georgia,GEO,GE,東ヨーロッパ,Khobis Raioni,Khobis Raioni,GE-30
Georgia,GEO,GE,東ヨーロッパ,Khonis Raioni,Khonis Raioni,GE-31
Georgia,GEO,GE,東ヨーロッパ,Khulos Raioni,Khulos Raioni,GE-32
Georgia,GEO,GE,東ヨーロッパ,K'obuletis Raioni,K'obuletis Raioni,GE-33
Georgia,GEO,GE,東ヨーロッパ,Lagodekhis Raioni,Lagodekhis Raioni,GE-34
Georgia,GEO,GE,東ヨーロッパ,Lanch'khut'is Raioni,Lanch'khut'is Raioni,GE-35
Georgia,GEO,GE,東ヨーロッパ,Lentekhis Raioni,Lentekhis Raioni,GE-36
Georgia,GEO,GE,東ヨーロッパ,Marneulis Raioni,Marneulis Raioni,GE-37
Georgia,GEO,GE,東ヨーロッパ,Martvilis Raioni,Martvilis Raioni,GE-38
Georgia,GEO,GE,東ヨーロッパ,Mestiis Raioni,Mestiis Raioni,GE-39
Georgia,GEO,GE,東ヨーロッパ,Mts'khet'is Raioni,Mts'khet'is Raioni,GE-40
Georgia,GEO,GE,東ヨーロッパ,Ninotsmindis Raioni,Ninotsmindis Raioni,GE-41
Georgia,GEO,GE,東ヨーロッパ,Och'amch'iris Raioni,Och'amch'iris Raioni,GE-42
Georgia,GEO,GE,東ヨーロッパ,Onis Raioni,Onis Raioni,GE-43
Georgia,GEO,GE,東ヨーロッパ,Ozurget'is Raioni,Ozurget'is Raioni,GE-44
Georgia,GEO,GE,東ヨーロッパ,Qazbegis Raioni,Qazbegis Raioni,GE-45
Georgia,GEO,GE,東ヨーロッパ,Qvarlis Raioni,Qvarlis Raioni,GE-46
Georgia,GEO,GE,東ヨーロッパ,Sach'kheris Raioni,Sach'kheris Raioni,GE-47
Georgia,GEO,GE,東ヨーロッパ,Sagarejos Raioni,Sagarejos Raioni,GE-48
Georgia,GEO,GE,東ヨーロッパ,Samtrediis Raioni,Samtrediis Raioni,GE-49
Georgia,GEO,GE,東ヨーロッパ,Senakis Raioni,Senakis Raioni,GE-50
Georgia,GEO,GE,東ヨーロッパ,Shuakhevis Raioni,Shuakhevis Raioni,GE-51
Georgia,GEO,GE,東ヨーロッパ,Sighnaghis Raioni,Sighnaghis Raioni,GE-52
Georgia,GEO,GE,東ヨーロッパ,Sukhumi District,Sukhumi District,GE-53
Georgia,GEO,GE,東ヨーロッパ,T'elavis Raioni,T'elavis Raioni,GE-54
Georgia,GEO,GE,東ヨーロッパ,T'erjolis Raioni,T'erjolis Raioni,GE-55
Georgia,GEO,GE,東ヨーロッパ,T'et'ritsqaros Raioni,T'et'ritsqaros Raioni,GE-56
Georgia,GEO,GE,東ヨーロッパ,T'ianet'is Raioni,T'ianet'is Raioni,GE-57
Georgia,GEO,GE,東ヨーロッパ,Ts'ageris Raioni,Ts'ageris Raioni,GE-58
Georgia,GEO,GE,東ヨーロッパ,Tsalenjikhis Raioni,Tsalenjikhis Raioni,GE-59
Georgia,GEO,GE,東ヨーロッパ,Tsalkis Raioni,Tsalkis Raioni,GE-60
Georgia,GEO,GE,東ヨーロッパ,Vanis Raioni,Vanis Raioni,GE-61
Georgia,GEO,GE,東ヨーロッパ,Zestap'onis Raioni,Zestap'onis Raioni,GE-62
Georgia,GEO,GE,東ヨーロッパ,Zugdidis Raioni,Zugdidis Raioni,GE-63
Georgia,GEO,GE,東ヨーロッパ,Batumi,Batumi,GE-BUS
Georgia,GEO,GE,東ヨーロッパ,Chiat'ura,Chiat'ura,GE-CHI
Georgia,GEO,GE,東ヨーロッパ,Gagra,Gagra,GE-GAG
Georgia,GEO,GE,東ヨーロッパ,Gori,Gori,GE-GOR
Georgia,GEO,GE,東ヨーロッパ,Kutaisi,Kutaisi,GE-KUT
Georgia,GEO,GE,東ヨーロッパ,Poti,Poti,GE-PTI
Georgia,GEO,GE,東ヨーロッパ,Rustavi,Rustavi,GE-RUS
Georgia,GEO,GE,東ヨーロッパ,Sokhumi,Sokhumi,GE-SUI
Georgia,GEO,GE,東ヨーロッパ,T'bilisi,T'bilisi,GE-TBS
Georgia,GEO,GE,東ヨーロッパ,Tqibuli,Tqibuli,GE-TQI
Georgia,GEO,GE,東ヨーロッパ,Tqvarcheli,Tqvarcheli,GE-TQV
Georgia,GEO,GE,東ヨーロッパ,Tsqaltubo,Tsqaltubo,GE-TSQ
Georgia,GEO,GE,東ヨーロッパ,Zugdidi,Zugdidi,GE-ZUG
Ghana,GHA,GH,西アフリカ,Greater Accra,Greater Accra,GH-AA
Ghana,GHA,GH,西アフリカ,Ahafo,Ahafo,GH-AF
Ghana,GHA,GH,西アフリカ,Ashanti,Ashanti,GH-AH
Ghana,GHA,GH,西アフリカ,Bono East,Bono East,GH-BE
Ghana,GHA,GH,西アフリカ,Bono,Bono,GH-BO
Ghana,GHA,GH,西アフリカ,Central,Central,GH-CP
Ghana,GHA,GH,西アフリカ,Eastern,Eastern,GH-EP
Ghana,GHA,GH,西アフリカ,North East,North East,GH-NE
Ghana,GHA,GH,西アフリカ,Northern,Northern,GH-NP
Ghana,GHA,GH,西アフリカ,Oti,Oti,GH-OT
Ghana,GHA,GH,西アフリカ,Savannah,Savannah,GH-SV
Ghana,GHA,GH,西アフリカ,Volta,Volta,GH-TV
Ghana,GHA,GH,西アフリカ,Upper East,Upper East,GH-UE
Ghana,GHA,GH,西アフリカ,Upper West,Upper West,GH-UW
Ghana,GHA,GH,西アフリカ,Western North,Western North,GH-WN
Ghana,GHA,GH,西アフリカ,Western,Western,GH-WP
Greenland,GRL,GL,北ヨーロッパ,Avannaata,Avannaata Kommunia,GL-AV
Greenland,GRL,GL,北ヨーロッパ,Kujalleq,Kommune Kujalleq,GL-KU
Greenland,GRL,GL,北ヨーロッパ,Qeqqata,Qeqqata Kommunia,GL-QE
Greenland,GRL,GL,北ヨーロッパ,Qeqertalik,Kommune Qeqertalik,GL-QT
Greenland,GRL,GL,北ヨーロッパ,Sermersooq,Kommuneqarfik Sermersooq,GL-SM
Gambia,GMB,GM,西アフリカ,Banjul,Banjul,GM-B
Gambia,GMB,GM,西アフリカ,Lower River,Lower River,GM-L
Gambia,GMB,GM,西アフリカ,Central River,Central River,GM-M
Gambia,GMB,GM,西アフリカ,North Bank,North Bank,GM-N
Gambia,GMB,GM,西アフリカ,Upper River,Upper River,GM-U
Gambia,GMB,GM,西アフリカ,Western,Western,GM-W
Guinea,GIN,GN,西アフリカ,Beyla,Beyla,GN-BE
Guinea,GIN,GN,西アフリカ,Boffa,Boffa,GN-BF
Guinea,GIN,GN,西アフリカ,Boké,Boké,GN-BK
Guinea,GIN,GN,西アフリカ,Coyah,Coyah,GN-CO
Guinea,GIN,GN,西アフリカ,Dabola,Dabola,GN-DB
Guinea,GIN,GN,西アフリカ,Dinguiraye,Dinguiraye,GN-DI
Guinea,GIN,GN,西アフリカ,Dalaba,Dalaba,GN-DL
Guinea,GIN,GN,西アフリカ,Dubréka,Dubréka,GN-DU
Guinea,GIN,GN,西アフリカ,Faranah,Faranah,GN-FA
Guinea,GIN,GN,西アフリカ,Forécariah,Forécariah,GN-FO
Guinea,GIN,GN,西アフリカ,Fria,Fria,GN-FR
Guinea,GIN,GN,西アフリカ,Gaoual,Gaoual,GN-GA
Guinea,GIN,GN,西アフリカ,Guékédou,Guékédou,GN-GU
Guinea,GIN,GN,西アフリカ,Kankan,Kankan,GN-KA
Guinea,GIN,GN,西アフリカ,Koubia,Koubia,GN-KB
Guinea,GIN,GN,西アフリカ,Kindia,Kindia,GN-KD
Guinea,GIN,GN,西アフリカ,Kérouané,Kérouané,GN-KE
Guinea,GIN,GN,西アフリカ,Koundara,Koundara,GN-KN
Guinea,GIN,GN,西アフリカ,Kouroussa,Kouroussa,GN-KO
Guinea,GIN,GN,西アフリカ,Kissidougou,Kissidougou,GN-KS
Guinea,GIN,GN,西アフリカ,Labé,Labé,GN-LA
Guinea,GIN,GN,西アフリカ,Lélouma,Lélouma,GN-LE
Guinea,GIN,GN,西アフリカ,Lola,Lola,GN-LO
Guinea,GIN,GN,西アフリカ,Macenta,Macenta,GN-MC
Guinea,GIN,GN,西アフリカ,Mandiana,Mandiana,GN-MD
Guinea,GIN,GN,西アフリカ,Mali,Mali,GN-ML
Guinea,GIN,GN,西アフリカ,Mamou,Mamou,GN-MM
Guinea,GIN,GN,西アフリカ,Nzérékoré,Nzérékoré,GN-NZ
Guinea,GIN,GN,西アフリカ,Pita,Pita,GN-PI
Guinea,GIN,GN,西アフリカ,Siguiri,Siguiri,GN-SI
Guinea,GIN,GN,西アフリカ,Télimélé,Télimélé,GN-TE
Guinea,GIN,GN,西アフリカ,Tougué,Tougué,GN-TO
Guinea,GIN,GN,西アフリカ,Yomou,Yomou,GN-YO
Equatorial Guinea,GNQ,GQ,中央アフリカ,Annobon,Annobón,GQ-AN
Equatorial Guinea,GNQ,GQ,中央アフリカ,North Bioko,Bioko Norte,GQ-BN
Equatorial Guinea,GNQ,GQ,中央アフリカ,South Bioko,Bioko Sur,GQ-BS
Equatorial Guinea,GNQ,GQ,中央アフリカ,South Center,Centro Sur,GQ-CS
Equatorial Guinea,GNQ,GQ,中央アフリカ,Djibloho,Djibloho,GQ-DJ
Equatorial Guinea,GNQ,GQ,中央アフリカ,Kie-Ntem,Kié-Ntem,GQ-KN
Equatorial Guinea,GNQ,GQ,中央アフリカ,Coast,Litoral,GQ-LI
Equatorial Guinea,GNQ,GQ,中央アフリカ,Wele-Nzas,Wele-Nzas,GQ-WN
Greece,GRC,GR,西ヨーロッパ,Aitoloakarnanía,Aitoloakarnanía,GR-01
Greece,GRC,GR,西ヨーロッパ,Voiotía,Voiotía,GR-03
Greece,GRC,GR,西ヨーロッパ,Évvoia,Évvoia,GR-04
Greece,GRC,GR,西ヨーロッパ,Evrytanía,Evrytanía,GR-05
Greece,GRC,GR,西ヨーロッパ,Fthiótida,Fthiótida,GR-06
Greece,GRC,GR,西ヨーロッパ,Fokída,Fokída,GR-07
Greece,GRC,GR,西ヨーロッパ,Argolída,Argolída,GR-11
Greece,GRC,GR,西ヨーロッパ,Arkadía,Arkadía,GR-12
Greece,GRC,GR,西ヨーロッパ,Achaḯa,Achaḯa,GR-13
Greece,GRC,GR,西ヨーロッパ,Ileía,Ileía,GR-14
Greece,GRC,GR,西ヨーロッパ,Korinthía,Korinthía,GR-15
Greece,GRC,GR,西ヨーロッパ,Lakonía,Lakonía,GR-16
Greece,GRC,GR,西ヨーロッパ,Messinía,Messinía,GR-17
Greece,GRC,GR,西ヨーロッパ,Zákynthos,Zákynthos,GR-21
Greece,GRC,GR,西ヨーロッパ,Kérkyra,Kérkyra,GR-22
Greece,GRC,GR,西ヨーロッパ,Kefallinía,Kefallinía,GR-23
Greece,GRC,GR,西ヨーロッパ,Lefkáda,Lefkáda,GR-24
Greece,GRC,GR,西ヨーロッパ,Árta,Árta,GR-31
Greece,GRC,GR,西ヨーロッパ,Thesprotía,Thesprotía,GR-32
Greece,GRC,GR,西ヨーロッパ,Ioánnina,Ioánnina,GR-33
Greece,GRC,GR,西ヨーロッパ,Préveza,Préveza,GR-34
Greece,GRC,GR,西ヨーロッパ,Kardítsa,Kardítsa,GR-41
Greece,GRC,GR,西ヨーロッパ,Lárisa,Lárisa,GR-42
Greece,GRC,GR,西ヨーロッパ,Magnisía,Magnisía,GR-43
Greece,GRC,GR,西ヨーロッパ,Tríkala,Tríkala,GR-44
Greece,GRC,GR,西ヨーロッパ,Grevená,Grevená,GR-51
Greece,GRC,GR,西ヨーロッパ,Dráma,Dráma,GR-52
Greece,GRC,GR,西ヨーロッパ,Imathía,Imathía,GR-53
Greece,GRC,GR,西ヨーロッパ,Thessaloníki,Thessaloníki,GR-54
Greece,GRC,GR,西ヨーロッパ,Kavála,Kavála,GR-55
Greece,GRC,GR,西ヨーロッパ,Kastoriá,Kastoriá,GR-56
Greece,GRC,GR,西ヨーロッパ,Kilkís,Kilkís,GR-57
Greece,GRC,GR,西ヨーロッパ,Kozáni,Kozáni,GR-58
Greece,GRC,GR,西ヨーロッパ,Pélla,Pélla,GR-59
Greece,GRC,GR,西ヨーロッパ,Piería,Piería,GR-61
Greece,GRC,GR,西ヨーロッパ,Sérres,Sérres,GR-62
Greece,GRC,GR,西ヨーロッパ,Flórina,Flórina,GR-63
Greece,GRC,GR,西ヨーロッパ,Chalkidikí,Chalkidikí,GR-64
Greece,GRC,GR,西ヨーロッパ,Évros,Évros,GR-71
Greece,GRC,GR,西ヨーロッパ,Xánthi,Xánthi,GR-72
Greece,GRC,GR,西ヨーロッパ,Rodópi,Rodópi,GR-73
Greece,GRC,GR,西ヨーロッパ,Dodekánisa,Dodekánisa,GR-81
Greece,GRC,GR,西ヨーロッパ,Kykládes,Kykládes,GR-82
Greece,GRC,GR,西ヨーロッパ,Lésvos,Lésvos,GR-83
Greece,GRC,GR,西ヨーロッパ,Sámos,Sámos,GR-84
Greece,GRC,GR,西ヨーロッパ,Chíos,Chíos,GR-85
Greece,GRC,GR,西ヨーロッパ,Irakleío,Irakleío,GR-91
Greece,GRC,GR,西ヨーロッパ,Lasíthi,Lasíthi,GR-92
Greece,GRC,GR,西ヨーロッパ,Rethýmnis,Rethýmnis,GR-93
Greece,GRC,GR,西ヨーロッパ,Chaniá,Chaniá,GR-94
Greece,GRC,GR,西ヨーロッパ,Attikí,Attikí,GR-A1
Guatemala,GTM,GT,中央アメリカ,Guatemala,Guatemala,GT-01
Guatemala,GTM,GT,中央アメリカ,El Progreso,El Progreso,GT-02
Guatemala,GTM,GT,中央アメリカ,Sacatepéquez,Sacatepéquez,GT-03
Guatemala,GTM,GT,中央アメリカ,Chimaltenango,Chimaltenango,GT-04
Guatemala,GTM,GT,中央アメリカ,Escuintla,Escuintla,GT-05
Guatemala,GTM,GT,中央アメリカ,Saint Rose,Santa Rosa,GT-06
Guatemala,GTM,GT,中央アメリカ,Sololá,Sololá,GT-07
Guatemala,GTM,GT,中央アメリカ,Totonicapán,Totonicapán,GT-08
Guatemala,GTM,GT,中央アメリカ,Quetzaltenango,Quetzaltenango,GT-09
Guatemala,GTM,GT,中央アメリカ,Suchitepéquez,Suchitepéquez,GT-10
Guatemala,GTM,GT,中央アメリカ,Retalhuleu,Retalhuleu,GT-11
Guatemala,GTM,GT,中央アメリカ,Saint Mark,San Marcos,GT-12
Guatemala,GTM,GT,中央アメリカ,Huehuetenango,Huehuetenango,GT-13
Guatemala,GTM,GT,中央アメリカ,Quiché,Quiché,GT-14
Guatemala,GTM,GT,中央アメリカ,Lower Verapaz,Baja Verapaz,GT-15
Guatemala,GTM,GT,中央アメリカ,Upper Verapaz,Alta Verapaz,GT-16
Guatemala,GTM,GT,中央アメリカ,Petén,Petén,GT-17
Guatemala,GTM,GT,中央アメリカ,Izabal,Izabal,GT-18
Guatemala,GTM,GT,中央アメリカ,Zacapa,Zacapa,GT-19
Guatemala,GTM,GT,中央アメリカ,Chiquimula,Chiquimula,GT-20
Guatemala,GTM,GT,中央アメリカ,Jalapa,Jalapa,GT-21
Guatemala,GTM,GT,中央アメリカ,Jutiapa,Jutiapa,GT-22
Guinea-Bissau,GNB,GW,西アフリカ,East,Leste,GW-L
Guinea-Bissau,GNB,GW,西アフリカ,North,Norte,GW-N
Guinea-Bissau,GNB,GW,西アフリカ,South,Sul,GW-S
Guyana,GUY,GY,南アメリカ,Barima-Waini,Barima-Waini,GY-BA
Guyana,GUY,GY,南アメリカ,Cuyuni-Mazaruni,Cuyuni-Mazaruni,GY-CU
Guyana,GUY,GY,南アメリカ,Demerara-Mahaica,Demerara-Mahaica,GY-DE
Guyana,GUY,GY,南アメリカ,East Berbice-Corentyne,East Berbice-Corentyne,GY-EB
Guyana,GUY,GY,南アメリカ,Essequibo Islands-West Demerara,Essequibo Islands-West Demerara,GY-ES
Guyana,GUY,GY,南アメリカ,Mahaica-Berbice,Mahaica-Berbice,GY-MA
Guyana,GUY,GY,南アメリカ,Pomeroon-Supenaam,Pomeroon-Supenaam,GY-PM
Guyana,GUY,GY,南アメリカ,Potaro-Siparuni,Potaro-Siparuni,GY-PT
Guyana,GUY,GY,南アメリカ,Upper Demerara-Berbice,Upper Demerara-Berbice,GY-UD
Guyana,GUY,GY,南アメリカ,Upper Takutu-Upper Essequibo,Upper Takutu-Upper Essequibo,GY-UT
Honduras,HND,HN,中央アメリカ,Atlántida,Atlántida,HN-AT
Honduras,HND,HN,中央アメリカ,Choluteca,Choluteca,HN-CH
Honduras,HND,HN,中央アメリカ,Colón,Colón,HN-CL
Honduras,HND,HN,中央アメリカ,Comayagua,Comayagua,HN-CM
Honduras,HND,HN,中央アメリカ,Copán,Copán,HN-CP
Honduras,HND,HN,中央アメリカ,Cortés,Cortés,HN-CR
Honduras,HND,HN,中央アメリカ,El Paraíso,El Paraíso,HN-EP
Honduras,HND,HN,中央アメリカ,Francisco Morazán,Francisco Morazán,HN-FM
Honduras,HND,HN,中央アメリカ,Gracias a Dios,Gracias a Dios,HN-GD
Honduras,HND,HN,中央アメリカ,Islas de la Bahía,Islas de la Bahía,HN-IB
Honduras,HND,HN,中央アメリカ,Intibucá,Intibucá,HN-IN
Honduras,HND,HN,中央アメリカ,Lempira,Lempira,HN-LE
Honduras,HND,HN,中央アメリカ,La Paz,La Paz,HN-LP
Honduras,HND,HN,中央アメリカ,Ocotepeque,Ocotepeque,HN-OC
Honduras,HND,HN,中央アメリカ,Olancho,Olancho,HN-OL
Honduras,HND,HN,中央アメリカ,Santa Bárbara,Santa Bárbara,HN-SB
Honduras,HND,HN,中央アメリカ,Valle,Valle,HN-VA
Honduras,HND,HN,中央アメリカ,Yoro,Yoro,HN-YO
Croatia,HRV,HR,東ヨーロッパ,Zagreb County,Zagrebačka županija,HR-01
Croatia,HRV,HR,東ヨーロッパ,Krapina-Zagorje,Krapinsko-zagorska županija,HR-02
Croatia,HRV,HR,東ヨーロッパ,Sisak-Moslavina,Sisačko-moslavačka županija,HR-03
Croatia,HRV,HR,東ヨーロッパ,Karlovac,Karlovačka županija,HR-04
Croatia,HRV,HR,東ヨーロッパ,Varaždin,Varaždinska županija,HR-05
Croatia,HRV,HR,東ヨーロッパ,Koprivnica-Križevci,Koprivničko-križevačka županija,HR-06
Croatia,HRV,HR,東ヨーロッパ,Bjelovar-Bilogora,Bjelovarsko-bilogorska županija,HR-07
Croatia,HRV,HR,東ヨーロッパ,Primorje-Gorski Kotar,Primorsko-goranska županija,HR-08
Croatia,HRV,HR,東ヨーロッパ,Lika-Senj,Ličko-senjska županija,HR-09
Croatia,HRV,HR,東ヨーロッパ,Virovitica-Podravina,Virovitičko-podravska županija,HR-10
Croatia,HRV,HR,東ヨーロッパ,Požega-Slavonia,Požeško-slavonska županija,HR-11
Croatia,HRV,HR,東ヨーロッパ,Brod-Posavina,Brodsko-posavska županija,HR-12
Croatia,HRV,HR,東ヨーロッパ,Zadar,Zadarska županija,HR-13
Croatia,HRV,HR,東ヨーロッパ,Osijek-Baranja,Osječko-baranjska županija,HR-14
Croatia,HRV,HR,東ヨーロッパ,Šibenik-Knin,Šibensko-kninska županija,HR-15
Croatia,HRV,HR,東ヨーロッパ,Vukovar-Srijem,Vukovarsko-srijemska županija,HR-16
Croatia,HRV,HR,東ヨーロッパ,Split-Dalmatia,Splitsko-dalmatinska županija,HR-17
Croatia,HRV,HR,東ヨーロッパ,Istria,Istarska županija,HR-18
Croatia,HRV,HR,東ヨーロッパ,Dubrovnik-Neretva,Dubrovačko-neretvanska županija,HR-19
Croatia,HRV,HR,東ヨーロッパ,Međimurje,Međimurska županija,HR-20
Croatia,HRV,HR,東ヨーロッパ,Zagreb City,Grad Zagreb,HR-21
Haiti,HTI,HT,中央アメリカ,Artibonite,Artibonite,HT-AR
Haiti,HTI,HT,中央アメリカ,Center,Centre,HT-CE
Haiti,HTI,HT,中央アメリカ,Big Cove,Grande’Anse,HT-GA
Haiti,HTI,HT,中央アメリカ,North,Nord,HT-ND
Haiti,HTI,HT,中央アメリカ,Northeast,Nord-Est,HT-NE
Haiti,HTI,HT,中央アメリカ,Nippes,Nippes,HT-NI
Haiti,HTI,HT,中央アメリカ,Northwest,Nord-Ouest,HT-NO
Haiti,HTI,HT,中央アメリカ,West,Ouest,HT-OU
Haiti,HTI,HT,中央アメリカ,South,Sud,HT-SD
Haiti,HTI,HT,中央アメリカ,Southeast,Sud-Est,HT-SE
Hungary,HUN,HU,中央ヨーロッパ,Baranya,Baranya,HU-BA
Hungary,HUN,HU,中央ヨーロッパ,Békéscsaba,Békéscsaba,HU-BC
Hungary,HUN,HU,中央ヨーロッパ,Békés,Békés,HU-BE
Hungary,HUN,HU,中央ヨーロッパ,Bács-Kiskun,Bács-Kiskun,HU-BK
Hungary,HUN,HU,中央ヨーロッパ,Budapest,Budapest,HU-BU
Hungary,HUN,HU,中央ヨーロッパ,Borsod-Abaúj-Zemplén,Borsod-Abaúj-Zemplén,HU-BZ
Hungary,HUN,HU,中央ヨーロッパ,Csongrád-Csanád,Csongrád-Csanád,HU-CS
Hungary,HUN,HU,中央ヨーロッパ,Debrecen,Debrecen,HU-DE
Hungary,HUN,HU,中央ヨーロッパ,Dunaújváros,Dunaújváros,HU-DU
Hungary,HUN,HU,中央ヨーロッパ,Eger,Eger,HU-EG
Hungary,HUN,HU,中央ヨーロッパ,Érd,Érd,HU-ER
Hungary,HUN,HU,中央ヨーロッパ,Fejér,Fejér,HU-FE
Hungary,HUN,HU,中央ヨーロッパ,Győr-Moson-Sopron,Győr-Moson-Sopron,HU-GS
Hungary,HUN,HU,中央ヨーロッパ,Győr,Győr,HU-GY
Hungary,HUN,HU,中央ヨーロッパ,Hajdú-Bihar,Hajdú-Bihar,HU-HB
Hungary,HUN,HU,中央ヨーロッパ,Heves,Heves,HU-HE
Hungary,HUN,HU,中央ヨーロッパ,Hódmezővásárhely,Hódmezővásárhely,HU-HV
Hungary,HUN,HU,中央ヨーロッパ,Jász-Nagykun-Szolnok,Jász-Nagykun-Szolnok,HU-JN
Hungary,HUN,HU,中央ヨーロッパ,Komárom-Esztergom,Komárom-Esztergom,HU-KE
Hungary,HUN,HU,中央ヨーロッパ,Kecskemét,Kecskemét,HU-KM
Hungary,HUN,HU,中央ヨーロッパ,Kaposvár,Kaposvár,HU-KV
Hungary,HUN,HU,中央ヨーロッパ,Miskolc,Miskolc,HU-MI
Hungary,HUN,HU,中央ヨーロッパ,Nagykanizsa,Nagykanizsa,HU-NK
Hungary,HUN,HU,中央ヨーロッパ,Nógrád,Nógrád,HU-NO
Hungary,HUN,HU,中央ヨーロッパ,Nyíregyháza,Nyíregyháza,HU-NY
Hungary,HUN,HU,中央ヨーロッパ,Pest,Pest,HU-PE
Hungary,HUN,HU,中央ヨーロッパ,Pécs,Pécs,HU-PS
Hungary,HUN,HU,中央ヨーロッパ,Szeged,Szeged,HU-SD
Hungary,HUN,HU,中央ヨーロッパ,Székesfehérvár,Székesfehérvár,HU-SF
Hungary,HUN,HU,中央ヨーロッパ,Szombathely,Szombathely,HU-SH
Hungary,HUN,HU,中央ヨーロッパ,Szolnok,Szolnok,HU-SK
Hungary,HUN,HU,中央ヨーロッパ,Sopron,Sopron,HU-SN
Hungary,HUN,HU,中央ヨーロッパ,Somogy,Somogy,HU-SO
Hungary,HUN,HU,中央ヨーロッパ,Szekszárd,Szekszárd,HU-SS
Hungary,HUN,HU,中央ヨーロッパ,Salgótarján,Salgótarján,HU-ST
Hungary,HUN,HU,中央ヨーロッパ,Szabolcs-Szatmár-Bereg,Szabolcs-Szatmár-Bereg,HU-SZ
Hungary,HUN,HU,中央ヨーロッパ,Tatabánya,Tatabánya,HU-TB
Hungary,HUN,HU,中央ヨーロッパ,Tolna,Tolna,HU-TO
Hungary,HUN,HU,中央ヨーロッパ,Vas,Vas,HU-VA
Hungary,HUN,HU,中央ヨーロッパ,Veszprém,Veszprém,HU-VE
Hungary,HUN,HU,中央ヨーロッパ,Veszprém,Veszprém,HU-VM
Hungary,HUN,HU,中央ヨーロッパ,Zala,Zala,HU-ZA
Hungary,HUN,HU,中央ヨーロッパ,Zalaegerszeg,Zalaegerszeg,HU-ZE
Indonesia,IDN,ID,東南アジア,Aceh,Aceh,ID-AC
Indonesia,IDN,ID,東南アジア,Bali,Bali,ID-BA
Indonesia,IDN,ID,東南アジア,Bangka Belitung Islands,Kepulauan Bangka Belitung,ID-BB
Indonesia,IDN,ID,東南アジア,Bengkulu,Bengkulu,ID-BE
Indonesia,IDN,ID,東南アジア,Banten,Banten,ID-BT
Indonesia,IDN,ID,東南アジア,Gorontalo,Gorontalo,ID-GO
Indonesia,IDN,ID,東南アジア,Jambi,Jambi,ID-JA
Indonesia,IDN,ID,東南アジア,West Java,Jawa Barat,ID-JB
Indonesia,IDN,ID,東南アジア,East Java,Jawa Timur,ID-JI
Indonesia,IDN,ID,東南アジア,Jakarta,Jakarta Raya,ID-JK
Indonesia,IDN,ID,東南アジア,Central Java,Jawa Tengah,ID-JT
Indonesia,IDN,ID,東南アジア,West Kalimantan,Kalimantan Barat,ID-KB
Indonesia,IDN,ID,東南アジア,East Kalimantan,Kalimantan Timur,ID-KI
Indonesia,IDN,ID,東南アジア,Riau Islands,Kepulauan Riau,ID-KR
Indonesia,IDN,ID,東南アジア,South Kalimantan,Kalimantan Selatan,ID-KS
Indonesia,IDN,ID,東南アジア,Central Kalimantan,Kalimantan Tengah,ID-KT
Indonesia,IDN,ID,東南アジア,North Kalimantan,Kalimantan Utara,ID-KU
Indonesia,IDN,ID,東南アジア,Lampung,Lampung,ID-LA
Indonesia,IDN,ID,東南アジア,Maluku,Maluku,ID-MA
Indonesia,IDN,ID,東南アジア,North Maluku,Maluku Utara,ID-MU
Indonesia,IDN,ID,東南アジア,West Nusa Tenggara,Nusa Tenggara Barat,ID-NB
Indonesia,IDN,ID,東南アジア,East Nusa Tenggara,Nusa Tenggara Timur,ID-NT
Indonesia,IDN,ID,東南アジア,Papua,Papua,ID-PA
Indonesia,IDN,ID,東南アジア,West Papua,Papua Barat,ID-PB
Indonesia,IDN,ID,東南アジア,Southwest Papua,Papua Barat Daya,ID-PD
Indonesia,IDN,ID,東南アジア,Highland Papua,Papua Pengunungan,ID-PE
Indonesia,IDN,ID,東南アジア,South Papua,Papua Selatan,ID-PS
Indonesia,IDN,ID,東南アジア,Central Papua,Papua Tengah,ID-PT
Indonesia,IDN,ID,東南アジア,Riau,Riau,ID-RI
Indonesia,IDN,ID,東南アジア,North Sulawesi,Sulawesi Utara,ID-SA
Indonesia,IDN,ID,東南アジア,West Sumatra,Sumatera Barat,ID-SB
Indonesia,IDN,ID,東南アジア,Southeast Sulawesi,Sulawesi Tenggara,ID-SG
Indonesia,IDN,ID,東南アジア,South Sulawesi,Sulawesi Selatan,ID-SN
Indonesia,IDN,ID,東南アジア,West Sulawesi,Sulawesi Barat,ID-SR
Indonesia,IDN,ID,東南アジア,South Sumatra,Sumatera Selatan,ID-SS
Indonesia,IDN,ID,東南アジア,Central Sulawesi,Sulawesi Tengah,ID-ST
Indonesia,IDN,ID,東南アジア,North Sumatra,Sumatera Utara,ID-SU
Indonesia,IDN,ID,東南アジア,Yogyakarta,Yogyakarta,ID-YO
Ireland,IRL,IE,西ヨーロッパ,Clare,Clare,IE-CE
Ireland,IRL,IE,西ヨーロッパ,Cavan,Cavan,IE-CN
Ireland,IRL,IE,西ヨーロッパ,Cork,Cork,IE-CO
Ireland,IRL,IE,西ヨーロッパ,Carlow,Carlow,IE-CW
Ireland,IRL,IE,西ヨーロッパ,Dublin,Dublin,IE-D
Ireland,IRL,IE,西ヨーロッパ,Donegal,Donegal,IE-DL
Ireland,IRL,IE,西ヨーロッパ,Galway,Galway,IE-G
Ireland,IRL,IE,西ヨーロッパ,Kildare,Kildare,IE-KE
Ireland,IRL,IE,西ヨーロッパ,Kilkenny,Kilkenny,IE-KK
Ireland,IRL,IE,西ヨーロッパ,Kerry,Kerry,IE-KY
Ireland,IRL,IE,西ヨーロッパ,Longford,Longford,IE-LD
Ireland,IRL,IE,西ヨーロッパ,Louth,Louth,IE-LH
Ireland,IRL,IE,西ヨーロッパ,Limerick,Limerick,IE-LK
Ireland,IRL,IE,西ヨーロッパ,Leitrim,Leitrim,IE-LM
Ireland,IRL,IE,西ヨーロッパ,Laois,Laois,IE-LS
Ireland,IRL,IE,西ヨーロッパ,Meath,Meath,IE-MH
Ireland,IRL,IE,西ヨーロッパ,Monaghan,Monaghan,IE-MN
Ireland,IRL,IE,西ヨーロッパ,Mayo,Mayo,IE-MO
Ireland,IRL,IE,西ヨーロッパ,Offaly,Offaly,IE-OY
Ireland,IRL,IE,西ヨーロッパ,Roscommon,Roscommon,IE-RN
Ireland,IRL,IE,西ヨーロッパ,Sligo,Sligo,IE-SO
Ireland,IRL,IE,西ヨーロッパ,Tipperary,Tipperary,IE-TA
Ireland,IRL,IE,西ヨーロッパ,Waterford,Waterford,IE-WD
Ireland,IRL,IE,西ヨーロッパ,Westmeath,Westmeath,IE-WH
Ireland,IRL,IE,西ヨーロッパ,Wicklow,Wicklow,IE-WW
Ireland,IRL,IE,西ヨーロッパ,Wexford,Wexford,IE-WX
Israel,ISR,IL,中東,Al Janūbī,Al Janūbī,IL-D
Israel,ISR,IL,中東,Ḩayfā,Ḩayfā,IL-HA
Israel,ISR,IL,中東,Al Quds,Al Quds,IL-JM
Israel,ISR,IL,中東,Al Awsaţ,Al Awsaţ,IL-M
Israel,ISR,IL,中東,Tall Abīb,Tall Abīb,IL-TA
Israel,ISR,IL,中東,Ash Shamālī,Ash Shamālī,IL-Z
India,IND,IN,南アジア,Andhra Pradesh,Andhra Pradesh,IN-AP
India,IND,IN,南アジア,Arunāchal Pradesh,Arunāchal Pradesh,IN-AR
India,IND,IN,南アジア,Assam,Assam,IN-AS
India,IND,IN,南アジア,Bihār,Bihār,IN-BR
India,IND,IN,南アジア,Chhattīsgarh,Chhattīsgarh,IN-CG
India,IND,IN,南アジア,Chandigarh,Chandigarh,IN-CH
India,IND,IN,南アジア,Dādra and Nagar Haveli and Damān and Diu,Dādra and Nagar Haveli and Damān and Diu,IN-DH
India,IND,IN,南アジア,Delhi,Delhi,IN-DL
India,IND,IN,南アジア,Goa,Goa,IN-GA
India,IND,IN,南アジア,Gujarāt,Gujarāt,IN-GJ
India,IND,IN,南アジア,Himāchal Pradesh,Himāchal Pradesh,IN-HP
India,IND,IN,南アジア,Haryāna,Haryāna,IN-HR
India,IND,IN,南アジア,Jhārkhand,Jhārkhand,IN-JH
India,IND,IN,南アジア,Jammu and Kashmīr,Jammu and Kashmīr,IN-JK
India,IND,IN,南アジア,Karnātaka,Karnātaka,IN-KA
India,IND,IN,南アジア,Kerala,Kerala,IN-KL
India,IND,IN,南アジア,Ladākh,Ladākh,IN-LA
India,IND,IN,南アジア,Lakshadweep,Lakshadweep,IN-LD
India,IND,IN,南アジア,Mahārāshtra,Mahārāshtra,IN-MH
India,IND,IN,南アジア,Meghālaya,Meghālaya,IN-ML
India,IND,IN,南アジア,Manipur,Manipur,IN-MN
India,IND,IN,南アジア,Madhya Pradesh,Madhya Pradesh,IN-MP
India,IND,IN,南アジア,Mizoram,Mizoram,IN-MZ
India,IND,IN,南アジア,Nāgāland,Nāgāland,IN-NL
India,IND,IN,南アジア,Odisha,Odisha,IN-OD
India,IND,IN,南アジア,Punjab,Punjab,IN-PB
India,IND,IN,南アジア,Puducherry (Pondicherry),Puducherry (Pondicherry),IN-PY
India,IND,IN,南アジア,Rājasthān,Rājasthān,IN-RJ
India,IND,IN,南アジア,Sikkim,Sikkim,IN-SK
India,IND,IN,南アジア,Tamil Nādu,Tamil Nādu,IN-TN
India,IND,IN,南アジア,Tripura,Tripura,IN-TR
India,IND,IN,南アジア,Telangāna,Telangāna,IN-TS
India,IND,IN,南アジア,Uttarākhand,Uttarākhand,IN-UK
India,IND,IN,南アジア,Uttar Pradesh,Uttar Pradesh,IN-UP
India,IND,IN,南アジア,West Bengal,West Bengal,IN-WB
Iraq,IRQ,IQ,中東,Anbar,Al Anbār,IQ-AN
Iraq,IRQ,IQ,中東,Erbil,Arbīl,IQ-AR
Iraq,IRQ,IQ,中東,Basra,Al Başrah,IQ-BA
Iraq,IRQ,IQ,中東,Babylon,Bābil,IQ-BB
Iraq,IRQ,IQ,中東,Baghdad,Baghdād,IQ-BG
Iraq,IRQ,IQ,中東,Duhok,Dahūk,IQ-DA
Iraq,IRQ,IQ,中東,Diyala,Diyālá,IQ-DI
Iraq,IRQ,IQ,中東,Dhi Qar,Dhī Qār,IQ-DQ
Iraq,IRQ,IQ,中東,Karbala,Karbalā’,IQ-KA
Iraq,IRQ,IQ,中東,Kirkuk,Kirkūk,IQ-KI
Iraq,IRQ,IQ,中東,Kurdistan,Iqlīm Kūrdistān,IQ-KR
Iraq,IRQ,IQ,中東,Maysan,Maysān,IQ-MA
Iraq,IRQ,IQ,中東,Muthanna,Al Muthanná,IQ-MU
Iraq,IRQ,IQ,中東,Najaf,An Najaf,IQ-NA
Iraq,IRQ,IQ,中東,Nineveh,Nīnawá,IQ-NI
Iraq,IRQ,IQ,中東,Qadisiya,Al Qādisīyah,IQ-QA
Iraq,IRQ,IQ,中東,Saladin,Şalāḩ ad Dīn,IQ-SD
Iraq,IRQ,IQ,中東,Sulaymaniya,As Sulaymānīyah,IQ-SU
Iraq,IRQ,IQ,中東,Wasit,Wāsiţ,IQ-WA
Iran (Islamic Republic of),IRN,IR,中東,Markazi,Markazī,IR-00
Iran (Islamic Republic of),IRN,IR,中東,Gilan,Gīlān,IR-01
Iran (Islamic Republic of),IRN,IR,中東,Mazandaran,Māzandarān,IR-02
Iran (Islamic Republic of),IRN,IR,中東,East Azerbaijan,Āz̄ārbāyjān-e Shārqī,IR-03
Iran (Islamic Republic of),IRN,IR,中東,West Azerbaijan,Āz̄ārbāyjān-e Ghārbī,IR-04
Iran (Islamic Republic of),IRN,IR,中東,Kermanshah,Kermānshāh,IR-05
Iran (Islamic Republic of),IRN,IR,中東,Khuzestan,Khūzestān,IR-06
Iran (Islamic Republic of),IRN,IR,中東,Fars,Fārs,IR-07
Iran (Islamic Republic of),IRN,IR,中東,Kerman,Kermān,IR-08
Iran (Islamic Republic of),IRN,IR,中東,Central Khorasan,Khorāsān-e Raẕavī,IR-09
Iran (Islamic Republic of),IRN,IR,中東,Isfahan,Eşfahān,IR-10
Iran (Islamic Republic of),IRN,IR,中東,Sistan and Baluchestan,Sīstān va Balūchestān,IR-11
Iran (Islamic Republic of),IRN,IR,中東,Kurdistan,Kordestān,IR-12
Iran (Islamic Republic of),IRN,IR,中東,Hamadan,Hamadān,IR-13
Iran (Islamic Republic of),IRN,IR,中東,Chaharmahal and Bakhtiari,Chahār Maḩāl va Bakhtīārī,IR-14
Iran (Islamic Republic of),IRN,IR,中東,Lorestan,Lorestān,IR-15
Iran (Islamic Republic of),IRN,IR,中東,Ilam,Īlām,IR-16
Iran (Islamic Republic of),IRN,IR,中東,Kohgiluyeh and Boyer-Ahmad,Kohgīlūyeh va Bowyer Aḩmad,IR-17
Iran (Islamic Republic of),IRN,IR,中東,Bushehr,Būshehr,IR-18
Iran (Islamic Republic of),IRN,IR,中東,Zanjan,Zanjān,IR-19
Iran (Islamic Republic of),IRN,IR,中東,Semnan,Semnān,IR-20
Iran (Islamic Republic of),IRN,IR,中東,Yazd,Yazd,IR-21
Iran (Islamic Republic of),IRN,IR,中東,Hormozgan,Hormozgān,IR-22
Iran (Islamic Republic of),IRN,IR,中東,Tehran,Tehrān,IR-23
Iran (Islamic Republic of),IRN,IR,中東,Ardabil,Ardabīl,IR-24
Iran (Islamic Republic of),IRN,IR,中東,Qom,Qom,IR-25
Iran (Islamic Republic of),IRN,IR,中東,Qazvin,Qazvīn,IR-26
Iran (Islamic Republic of),IRN,IR,中東,Golestan,Golestān,IR-27
Iran (Islamic Republic of),IRN,IR,中東,North Khorasan,Khorāsān-e Shomālī,IR-28
Iran (Islamic Republic of),IRN,IR,中東,South Khorasan,Khorāsān-e Jonūbī,IR-29
Iran (Islamic Republic of),IRN,IR,中東,Alborz,Alborz,IR-30
Iceland,ISL,IS,北ヨーロッパ,Akranes (Market) Town,Akraneskaupstaður,IS-AKN
Iceland,ISL,IS,北ヨーロッパ,Akureyri Town,Akureyrarbær,IS-AKU
Iceland,ISL,IS,北ヨーロッパ,Arnes District,Árneshreppur,IS-ARN
Iceland,ISL,IS,北ヨーロッパ,Asa District,Ásahreppur,IS-ASA
Iceland,ISL,IS,北ヨーロッパ,Blaskoga Settlement,Bláskógabyggð,IS-BLA
Iceland,ISL,IS,北ヨーロッパ,Borgar Settlement,Borgarbyggð,IS-BOG
Iceland,ISL,IS,北ヨーロッパ,Bolungarvik (Market) Town,Bolungarvíkurkaupstaður,IS-BOL
Iceland,ISL,IS,北ヨーロッパ,Dala Settlement,Dalabyggð,IS-DAB
Iceland,ISL,IS,北ヨーロッパ,Dalvik Settlement,Dalvíkurbyggð,IS-DAV
Iceland,ISL,IS,北ヨーロッパ,Eyja and Miklaholt District,Eyja- og Miklaholtshreppur,IS-EOM
Iceland,ISL,IS,北ヨーロッパ,Eyjafjordur Village,Eyjafjarðarsveit,IS-EYF
Iceland,ISL,IS,北ヨーロッパ,Fjarda Settlement,Fjarðabyggð,IS-FJD
Iceland,ISL,IS,北ヨーロッパ,Fjalla Settlement,Fjallabyggð,IS-FJL
Iceland,ISL,IS,北ヨーロッパ,Floa District,Flóahreppur,IS-FLA
Iceland,ISL,IS,北ヨーロッパ,Fljotsdalur District,Fljótsdalshreppur,IS-FLR
Iceland,ISL,IS,北ヨーロッパ,Garda Town,Garðabær,IS-GAR
Iceland,ISL,IS,北ヨーロッパ,Grimsnes and Grafnings District,Grímsnes- og Grafningshreppur,IS-GOG
Iceland,ISL,IS,北ヨーロッパ,Grindavik Town,Grindavíkurbær,IS-GRN
Iceland,ISL,IS,北ヨーロッパ,Grundarfjordur Town,Grundarfjarðarbær,IS-GRU
Iceland,ISL,IS,北ヨーロッパ,Grytubakka District,Grýtubakkahreppur,IS-GRY
Iceland,ISL,IS,北ヨーロッパ,Hafnarfjordur (Market) Town,Hafnarfjarðarkaupstaður,IS-HAF
Iceland,ISL,IS,北ヨーロッパ,Horgar Village,Hörgársveit,IS-HRG
Iceland,ISL,IS,北ヨーロッパ,Hrunamanna District,Hrunamannahreppur,IS-HRU
Iceland,ISL,IS,北ヨーロッパ,Huna Settlement,Húnabyggð,IS-HUG
Iceland,ISL,IS,北ヨーロッパ,Western Hunathing,Húnaþing vestra,IS-HUV
Iceland,ISL,IS,北ヨーロッパ,Hvalfjordur Village,Hvalfjarðarsveit,IS-HVA
Iceland,ISL,IS,北ヨーロッパ,Hveragerdi Town,Hveragerðisbær,IS-HVE
Iceland,ISL,IS,北ヨーロッパ,Isafjordur Town,Ísafjarðarbær,IS-ISA
Iceland,ISL,IS,北ヨーロッパ,Kaldrananes District,Kaldrananeshreppur,IS-KAL
Iceland,ISL,IS,北ヨーロッパ,Kjosar District,Kjósarhreppur,IS-KJO
Iceland,ISL,IS,北ヨーロッパ,Kopavogur Town,Kópavogsbær,IS-KOP
Iceland,ISL,IS,北ヨーロッパ,Langanes Settlement,Langanesbyggð,IS-LAN
Iceland,ISL,IS,北ヨーロッパ,Mosfell Town,Mosfellsbær,IS-MOS
Iceland,ISL,IS,北ヨーロッパ,Mulathing,Múlaþing,IS-MUL
Iceland,ISL,IS,北ヨーロッパ,Myrdalur District,Mýrdalshreppur,IS-MYR
Iceland,ISL,IS,北ヨーロッパ,Nordurthing,Norðurþing,IS-NOR
Iceland,ISL,IS,北ヨーロッパ,Eastern Rangarthing,Rangárþing eystra,IS-RGE
Iceland,ISL,IS,北ヨーロッパ,Outer Rangarthing,Rangárþing ytra,IS-RGY
Iceland,ISL,IS,北ヨーロッパ,Reykhola District,Reykhólahreppur,IS-RHH
Iceland,ISL,IS,北ヨーロッパ,Reykjanes Town,Reykjanesbær,IS-RKN
Iceland,ISL,IS,北ヨーロッパ,Reykjavik City,Reykjavíkurborg,IS-RKV
Iceland,ISL,IS,北ヨーロッパ,Svalbardsstrond District,Svalbarðsstrandarhreppur,IS-SBT
Iceland,ISL,IS,北ヨーロッパ,Sudurnesja Town,Suðurnesjabær,IS-SDN
Iceland,ISL,IS,北ヨーロッパ,Sudavik District,Súðavíkurhreppur,IS-SDV
Iceland,ISL,IS,北ヨーロッパ,Seltjarnarnes Town,Seltjarnarnesbær,IS-SEL
Iceland,ISL,IS,北ヨーロッパ,Arborg Township,Sveitarfélagið Árborg,IS-SFA
Iceland,ISL,IS,北ヨーロッパ,Hornafjordur Township,Sveitarfélagið Hornafjörður,IS-SHF
Iceland,ISL,IS,北ヨーロッパ,Skaftar District,Skaftárhreppur,IS-SKF
Iceland,ISL,IS,北ヨーロッパ,Skaga Settlement,Skagabyggð,IS-SKG
Iceland,ISL,IS,北ヨーロッパ,Skorradalur District,Skorradalshreppur,IS-SKO
Iceland,ISL,IS,北ヨーロッパ,Skagafjordur,Skagafjörður,IS-SKR
Iceland,ISL,IS,北ヨーロッパ,Snaefell Town,Snæfellsbær,IS-SNF
Iceland,ISL,IS,北ヨーロッパ,Skeida and Gnupverja District,Skeiða- og Gnúpverjahreppur,IS-SOG
Iceland,ISL,IS,北ヨーロッパ,Olfus Township,Sveitarfélagið Ölfus,IS-SOL
Iceland,ISL,IS,北ヨーロッパ,Skagastrond Township,Sveitarfélagið Skagaströnd,IS-SSS
Iceland,ISL,IS,北ヨーロッパ,Stranda Settlement,Strandabyggð,IS-STR
Iceland,ISL,IS,北ヨーロッパ,Stykkisholmur Town,Stykkishólmsbær,IS-STY
Iceland,ISL,IS,北ヨーロッパ,Vogar Township,Sveitarfélagið Vogar,IS-SVG
Iceland,ISL,IS,北ヨーロッパ,Talknafjordur District,Tálknafjarðarhreppur,IS-TAL
Iceland,ISL,IS,北ヨーロッパ,Thingeyjar Village,Þingeyjarsveit,IS-THG
Iceland,ISL,IS,北ヨーロッパ,Tjornes District,Tjörneshreppur,IS-TJO
Iceland,ISL,IS,北ヨーロッパ,Vestmannaeyja Town,Vestmannaeyjabær,IS-VEM
Iceland,ISL,IS,北ヨーロッパ,Western Settlement,Vesturbyggð,IS-VER
Iceland,ISL,IS,北ヨーロッパ,Vopnafjordur District,Vopnafjarðarhreppur,IS-VOP
Italy,ITA,IT,西ヨーロッパ,Agrigento,Agrigento,IT-AG
Italy,ITA,IT,西ヨーロッパ,Alessandria,Alessandria,IT-AL
Italy,ITA,IT,西ヨーロッパ,Ancona,Ancona,IT-AN
Italy,ITA,IT,西ヨーロッパ,Ascoli Piceno,Ascoli Piceno,IT-AP
Italy,ITA,IT,西ヨーロッパ,L'Aquila,L'Aquila,IT-AQ
Italy,ITA,IT,西ヨーロッパ,Arezzo,Arezzo,IT-AR
Italy,ITA,IT,西ヨーロッパ,Asti,Asti,IT-AT
Italy,ITA,IT,西ヨーロッパ,Avellino,Avellino,IT-AV
Italy,ITA,IT,西ヨーロッパ,Bari,Bari,IT-BA
Italy,ITA,IT,西ヨーロッパ,Bergamo,Bergamo,IT-BG
Italy,ITA,IT,西ヨーロッパ,Biella,Biella,IT-BI
Italy,ITA,IT,西ヨーロッパ,Belluno,Belluno,IT-BL
Italy,ITA,IT,西ヨーロッパ,Benevento,Benevento,IT-BN
Italy,ITA,IT,西ヨーロッパ,Bologna,Bologna,IT-BO
Italy,ITA,IT,西ヨーロッパ,Brindisi,Brindisi,IT-BR
Italy,ITA,IT,西ヨーロッパ,Brescia,Brescia,IT-BS
Italy,ITA,IT,西ヨーロッパ,Barletta-Andria-Trani,Barletta-Andria-Trani,IT-BT
Italy,ITA,IT,西ヨーロッパ,"Bolzano, Bozen (de)","Bolzano, Bozen (de)",IT-BZ
Italy,ITA,IT,西ヨーロッパ,Cagliari,Cagliari,IT-CA
Italy,ITA,IT,西ヨーロッパ,Campobasso,Campobasso,IT-CB
Italy,ITA,IT,西ヨーロッパ,Caserta,Caserta,IT-CE
Italy,ITA,IT,西ヨーロッパ,Chieti,Chieti,IT-CH
Italy,ITA,IT,西ヨーロッパ,Caltanissetta,Caltanissetta,IT-CL
Italy,ITA,IT,西ヨーロッパ,Cuneo,Cuneo,IT-CN
Italy,ITA,IT,西ヨーロッパ,Como,Como,IT-CO
Italy,ITA,IT,西ヨーロッパ,Cremona,Cremona,IT-CR
Italy,ITA,IT,西ヨーロッパ,Cosenza,Cosenza,IT-CS
Italy,ITA,IT,西ヨーロッパ,Catania,Catania,IT-CT
Italy,ITA,IT,西ヨーロッパ,Catanzaro,Catanzaro,IT-CZ
Italy,ITA,IT,西ヨーロッパ,Enna,Enna,IT-EN
Italy,ITA,IT,西ヨーロッパ,Forlì-Cesena,Forlì-Cesena,IT-FC
Italy,ITA,IT,西ヨーロッパ,Ferrara,Ferrara,IT-FE
Italy,ITA,IT,西ヨーロッパ,Foggia,Foggia,IT-FG
Italy,ITA,IT,西ヨーロッパ,Firenze,Firenze,IT-FI
Italy,ITA,IT,西ヨーロッパ,Fermo,Fermo,IT-FM
Italy,ITA,IT,西ヨーロッパ,Frosinone,Frosinone,IT-FR
Italy,ITA,IT,西ヨーロッパ,Genova,Genova,IT-GE
Italy,ITA,IT,西ヨーロッパ,Gorizia,Gorizia,IT-GO
Italy,ITA,IT,西ヨーロッパ,Grosseto,Grosseto,IT-GR
Italy,ITA,IT,西ヨーロッパ,Imperia,Imperia,IT-IM
Italy,ITA,IT,西ヨーロッパ,Isernia,Isernia,IT-IS
Italy,ITA,IT,西ヨーロッパ,Crotone,Crotone,IT-KR
Italy,ITA,IT,西ヨーロッパ,Lecco,Lecco,IT-LC
Italy,ITA,IT,西ヨーロッパ,Lecce,Lecce,IT-LE
Italy,ITA,IT,西ヨーロッパ,Livorno,Livorno,IT-LI
Italy,ITA,IT,西ヨーロッパ,Lodi,Lodi,IT-LO
Italy,ITA,IT,西ヨーロッパ,Latina,Latina,IT-LT
Italy,ITA,IT,西ヨーロッパ,Lucca,Lucca,IT-LU
Italy,ITA,IT,西ヨーロッパ,Monza e Brianza,Monza e Brianza,IT-MB
Italy,ITA,IT,西ヨーロッパ,Macerata,Macerata,IT-MC
Italy,ITA,IT,西ヨーロッパ,Messina,Messina,IT-ME
Italy,ITA,IT,西ヨーロッパ,Milano,Milano,IT-MI
Italy,ITA,IT,西ヨーロッパ,Mantova,Mantova,IT-MN
Italy,ITA,IT,西ヨーロッパ,Modena,Modena,IT-MO
Italy,ITA,IT,西ヨーロッパ,Massa-Carrara,Massa-Carrara,IT-MS
Italy,ITA,IT,西ヨーロッパ,Matera,Matera,IT-MT
Italy,ITA,IT,西ヨーロッパ,Napoli,Napoli,IT-NA
Italy,ITA,IT,西ヨーロッパ,Novara,Novara,IT-NO
Italy,ITA,IT,西ヨーロッパ,Nuoro,Nuoro,IT-NU
Italy,ITA,IT,西ヨーロッパ,Oristano,Oristano,IT-OR
Italy,ITA,IT,西ヨーロッパ,Palermo,Palermo,IT-PA
Italy,ITA,IT,西ヨーロッパ,Piacenza,Piacenza,IT-PC
Italy,ITA,IT,西ヨーロッパ,Padova,Padova,IT-PD
Italy,ITA,IT,西ヨーロッパ,Pescara,Pescara,IT-PE
Italy,ITA,IT,西ヨーロッパ,Perugia,Perugia,IT-PG
Italy,ITA,IT,西ヨーロッパ,Pisa,Pisa,IT-PI
Italy,ITA,IT,西ヨーロッパ,Pordenone,Pordenone,IT-PN
Italy,ITA,IT,西ヨーロッパ,Prato,Prato,IT-PO
Italy,ITA,IT,西ヨーロッパ,Parma,Parma,IT-PR
Italy,ITA,IT,西ヨーロッパ,Pistoia,Pistoia,IT-PT
Italy,ITA,IT,西ヨーロッパ,Pesaro e Urbino,Pesaro e Urbino,IT-PU
Italy,ITA,IT,西ヨーロッパ,Pavia,Pavia,IT-PV
Italy,ITA,IT,西ヨーロッパ,Potenza,Potenza,IT-PZ
Italy,ITA,IT,西ヨーロッパ,Ravenna,Ravenna,IT-RA
Italy,ITA,IT,西ヨーロッパ,Reggio Calabria,Reggio Calabria,IT-RC
Italy,ITA,IT,西ヨーロッパ,Reggio Emilia,Reggio Emilia,IT-RE
Italy,ITA,IT,西ヨーロッパ,Ragusa,Ragusa,IT-RG
Italy,ITA,IT,西ヨーロッパ,Rieti,Rieti,IT-RI
Italy,ITA,IT,西ヨーロッパ,Roma,Roma,IT-RM
Italy,ITA,IT,西ヨーロッパ,Rimini,Rimini,IT-RN
Italy,ITA,IT,西ヨーロッパ,Rovigo,Rovigo,IT-RO
Italy,ITA,IT,西ヨーロッパ,Salerno,Salerno,IT-SA
Italy,ITA,IT,西ヨーロッパ,Siena,Siena,IT-SI
Italy,ITA,IT,西ヨーロッパ,Sondrio,Sondrio,IT-SO
Italy,ITA,IT,西ヨーロッパ,La Spezia,La Spezia,IT-SP
Italy,ITA,IT,西ヨーロッパ,Siracusa,Siracusa,IT-SR
Italy,ITA,IT,西ヨーロッパ,Sassari,Sassari,IT-SS
Italy,ITA,IT,西ヨーロッパ,Sud Sardegna,Sud Sardegna,IT-SU
Italy,ITA,IT,西ヨーロッパ,Savona,Savona,IT-SV
Italy,ITA,IT,西ヨーロッパ,Taranto,Taranto,IT-TA
Italy,ITA,IT,西ヨーロッパ,Teramo,Teramo,IT-TE
Italy,ITA,IT,西ヨーロッパ,Trento,Trento,IT-TN
Italy,ITA,IT,西ヨーロッパ,Torino,Torino,IT-TO
Italy,ITA,IT,西ヨーロッパ,Trapani,Trapani,IT-TP
Italy,ITA,IT,西ヨーロッパ,Terni,Terni,IT-TR
Italy,ITA,IT,西ヨーロッパ,Trieste,Trieste,IT-TS
Italy,ITA,IT,西ヨーロッパ,Treviso,Treviso,IT-TV
Italy,ITA,IT,西ヨーロッパ,Udine,Udine,IT-UD
Italy,ITA,IT,西ヨーロッパ,Varese,Varese,IT-VA
Italy,ITA,IT,西ヨーロッパ,Verbano-Cusio-Ossola,Verbano-Cusio-Ossola,IT-VB
Italy,ITA,IT,西ヨーロッパ,Vercelli,Vercelli,IT-VC
Italy,ITA,IT,西ヨーロッパ,Venezia,Venezia,IT-VE
Italy,ITA,IT,西ヨーロッパ,Vicenza,Vicenza,IT-VI
Italy,ITA,IT,西ヨーロッパ,Verona,Verona,IT-VR
Italy,ITA,IT,西ヨーロッパ,Viterbo,Viterbo,IT-VT
Italy,ITA,IT,西ヨーロッパ,Vibo Valentia,Vibo Valentia,IT-VV
Jamaica,JAM,JM,中央アメリカ,Kingston,Kingston,JM-01
Jamaica,JAM,JM,中央アメリカ,Saint Andrew,Saint Andrew,JM-02
Jamaica,JAM,JM,中央アメリカ,Saint Thomas,Saint Thomas,JM-03
Jamaica,JAM,JM,中央アメリカ,Portland,Portland,JM-04
Jamaica,JAM,JM,中央アメリカ,Saint Mary,Saint Mary,JM-05
Jamaica,JAM,JM,中央アメリカ,Saint Ann,Saint Ann,JM-06
Jamaica,JAM,JM,中央アメリカ,Trelawny,Trelawny,JM-07
Jamaica,JAM,JM,中央アメリカ,Saint James,Saint James,JM-08
Jamaica,JAM,JM,中央アメリカ,Hanover,Hanover,JM-09
Jamaica,JAM,JM,中央アメリカ,Westmoreland,Westmoreland,JM-10
Jamaica,JAM,JM,中央アメリカ,Saint Elizabeth,Saint Elizabeth,JM-11
Jamaica,JAM,JM,中央アメリカ,Manchester,Manchester,JM-12
Jamaica,JAM,JM,中央アメリカ,Clarendon,Clarendon,JM-13
Jamaica,JAM,JM,中央アメリカ,Saint Catherine,Saint Catherine,JM-14
Jordan,JOR,JO,中東,Ajloun,‘Ajlūn,JO-AJ
Jordan,JOR,JO,中東,Amman,Al ‘A̅şimah,JO-AM
Jordan,JOR,JO,中東,Aqaba,Al ‘Aqabah,JO-AQ
Jordan,JOR,JO,中東,Tafilah,Aţ Ţafīlah,JO-AT
Jordan,JOR,JO,中東,Zarqa,Az Zarqā’,JO-AZ
Jordan,JOR,JO,中東,Balqa,Al Balqā’,JO-BA
Jordan,JOR,JO,中東,Irbid,Irbid,JO-IR
Jordan,JOR,JO,中東,Jerash,Jarash,JO-JA
Jordan,JOR,JO,中東,Karak,Al Karak,JO-KA
Jordan,JOR,JO,中東,Mafraq,Al Mafraq,JO-MA
Jordan,JOR,JO,中東,Madaba,Mādabā,JO-MD
Jordan,JOR,JO,中東,Ma'an,Ma‘ān,JO-MN
Japan,JPN,JP,東アジア,Hokkaido,Hokkaidô,JP-01
Japan,JPN,JP,東アジア,Aomori,Aomori,JP-02
Japan,JPN,JP,東アジア,Iwate,Iwate,JP-03
Japan,JPN,JP,東アジア,Miyagi,Miyagi,JP-04
Japan,JPN,JP,東アジア,Akita,Akita,JP-05
Japan,JPN,JP,東アジア,Yamagata,Yamagata,JP-06
Japan,JPN,JP,東アジア,Fukushima,Hukusima,JP-07
Japan,JPN,JP,東アジア,Ibaraki,Ibaraki,JP-08
Japan,JPN,JP,東アジア,Tochigi,Totigi,JP-09
Japan,JPN,JP,東アジア,Gunma,Gunma,JP-10
Japan,JPN,JP,東アジア,Saitama,Saitama,JP-11
Japan,JPN,JP,東アジア,Chiba,Tiba,JP-12
Japan,JPN,JP,東アジア,Tokyo,Tôkyô,JP-13
Japan,JPN,JP,東アジア,Kanagawa,Kanagawa,JP-14
Japan,JPN,JP,東アジア,Niigata,Niigata,JP-15
Japan,JPN,JP,東アジア,Toyama,Toyama,JP-16
Japan,JPN,JP,東アジア,Ishikawa,Isikawa,JP-17
Japan,JPN,JP,東アジア,Fukui,Hukui,JP-18
Japan,JPN,JP,東アジア,Yamanashi,Yamanasi,JP-19
Japan,JPN,JP,東アジア,Nagano,Nagano,JP-20
Japan,JPN,JP,東アジア,Gifu,Gihu,JP-21
Japan,JPN,JP,東アジア,Shizuoka,Sizuoka,JP-22
Japan,JPN,JP,東アジア,Aichi,Aiti,JP-23
Japan,JPN,JP,東アジア,Mie,Mie,JP-24
Japan,JPN,JP,東アジア,Shiga,Siga,JP-25
Japan,JPN,JP,東アジア,Kyoto,Kyôto,JP-26
Japan,JPN,JP,東アジア,Osaka,Ôsaka,JP-27
Japan,JPN,JP,東アジア,Hyogo,Hyôgo,JP-28
Japan,JPN,JP,東アジア,Nara,Nara,JP-29
Japan,JPN,JP,東アジア,Wakayama,Wakayama,JP-30
Japan,JPN,JP,東アジア,Tottori,Tottori,JP-31
Japan,JPN,JP,東アジア,Shimane,Simane,JP-32
Japan,JPN,JP,東アジア,Okayama,Okayama,JP-33
Japan,JPN,JP,東アジア,Hiroshima,Hirosima,JP-34
Japan,JPN,JP,東アジア,Yamaguchi,Yamaguti,JP-35
Japan,JPN,JP,東アジア,Tokushima,Tokusima,JP-36
Japan,JPN,JP,東アジア,Kagawa,Kagawa,JP-37
Japan,JPN,JP,東アジア,Ehime,Ehime,JP-38
Japan,JPN,JP,東アジア,Kochi,Kôti,JP-39
Japan,JPN,JP,東アジア,Fukuoka,Hukuoka,JP-40
Japan,JPN,JP,東アジア,Saga,Saga,JP-41
Japan,JPN,JP,東アジア,Nagasaki,Nagasaki,JP-42
Japan,JPN,JP,東アジア,Kumamoto,Kumamoto,JP-43
Japan,JPN,JP,東アジア,Oita,Ôita,JP-44
Japan,JPN,JP,東アジア,Miyazaki,Miyazaki,JP-45
Japan,JPN,JP,東アジア,Kagoshima,Kagosima,JP-46
Japan,JPN,JP,東アジア,Okinawa,Okinawa,JP-47
Kenya,KEN,KE,東アフリカ,Baringo,Baringo,KE-01
Kenya,KEN,KE,東アフリカ,Bomet,Bomet,KE-02
Kenya,KEN,KE,東アフリカ,Bungoma,Bungoma,KE-03
Kenya,KEN,KE,東アフリカ,Busia,Busia,KE-04
Kenya,KEN,KE,東アフリカ,Elgeyo/Marakwet,Elgeyo/Marakwet,KE-05
Kenya,KEN,KE,東アフリカ,Embu,Embu,KE-06
Kenya,KEN,KE,東アフリカ,Garissa,Garissa,KE-07
Kenya,KEN,KE,東アフリカ,Homa Bay,Homa Bay,KE-08
Kenya,KEN,KE,東アフリカ,Isiolo,Isiolo,KE-09
Kenya,KEN,KE,東アフリカ,Kajiado,Kajiado,KE-10
Kenya,KEN,KE,東アフリカ,Kakamega,Kakamega,KE-11
Kenya,KEN,KE,東アフリカ,Kericho,Kericho,KE-12
Kenya,KEN,KE,東アフリカ,Kiambu,Kiambu,KE-13
Kenya,KEN,KE,東アフリカ,Kilifi,Kilifi,KE-14
Kenya,KEN,KE,東アフリカ,Kirinyaga,Kirinyaga,KE-15
Kenya,KEN,KE,東アフリカ,Kisii,Kisii,KE-16
Kenya,KEN,KE,東アフリカ,Kisumu,Kisumu,KE-17
Kenya,KEN,KE,東アフリカ,Kitui,Kitui,KE-18
Kenya,KEN,KE,東アフリカ,Kwale,Kwale,KE-19
Kenya,KEN,KE,東アフリカ,Laikipia,Laikipia,KE-20
Kenya,KEN,KE,東アフリカ,Lamu,Lamu,KE-21
Kenya,KEN,KE,東アフリカ,Machakos,Machakos,KE-22
Kenya,KEN,KE,東アフリカ,Makueni,Makueni,KE-23
Kenya,KEN,KE,東アフリカ,Mandera,Mandera,KE-24
Kenya,KEN,KE,東アフリカ,Marsabit,Marsabit,KE-25
Kenya,KEN,KE,東アフリカ,Meru,Meru,KE-26
Kenya,KEN,KE,東アフリカ,Migori,Migori,KE-27
Kenya,KEN,KE,東アフリカ,Mombasa,Mombasa,KE-28
Kenya,KEN,KE,東アフリカ,Murang'a,Murang'a,KE-29
Kenya,KEN,KE,東アフリカ,Nairobi City,Nairobi City,KE-30
Kenya,KEN,KE,東アフリカ,Nakuru,Nakuru,KE-31
Kenya,KEN,KE,東アフリカ,Nandi,Nandi,KE-32
Kenya,KEN,KE,東アフリカ,Narok,Narok,KE-33
Kenya,KEN,KE,東アフリカ,Nyamira,Nyamira,KE-34
Kenya,KEN,KE,東アフリカ,Nyandarua,Nyandarua,KE-35
Kenya,KEN,KE,東アフリカ,Nyeri,Nyeri,KE-36
Kenya,KEN,KE,東アフリカ,Samburu,Samburu,KE-37
Kenya,KEN,KE,東アフリカ,Siaya,Siaya,KE-38
Kenya,KEN,KE,東アフリカ,Taita/Taveta,Taita/Taveta,KE-39
Kenya,KEN,KE,東アフリカ,Tana River,Tana River,KE-40
Kenya,KEN,KE,東アフリカ,Tharaka-Nithi,Tharaka-Nithi,KE-41
Kenya,KEN,KE,東アフリカ,Trans Nzoia,Trans Nzoia,KE-42
Kenya,KEN,KE,東アフリカ,Turkana,Turkana,KE-43
Kenya,KEN,KE,東アフリカ,Uasin Gishu,Uasin Gishu,KE-44
Kenya,KEN,KE,東アフリカ,Vihiga,Vihiga,KE-45
Kenya,KEN,KE,東アフリカ,Wajir,Wajir,KE-46
Kenya,KEN,KE,東アフリカ,West Pokot,West Pokot,KE-47
Kyrgyzstan,KGZ,KG,中央アジア,Batken,Batken,KG-B
Kyrgyzstan,KGZ,KG,中央アジア,Chuy,Chüy,KG-C
Kyrgyzstan,KGZ,KG,中央アジア,Bishkek,Bishkek Shaary,KG-GB
Kyrgyzstan,KGZ,KG,中央アジア,Osh City,Osh Shaary,KG-GO
Kyrgyzstan,KGZ,KG,中央アジア,Jalal-Abad,Jalal-Abad,KG-J
Kyrgyzstan,KGZ,KG,中央アジア,Naryn,Naryn,KG-N
Kyrgyzstan,KGZ,KG,中央アジア,Osh,Osh,KG-O
Kyrgyzstan,KGZ,KG,中央アジア,Talas,Talas,KG-T
Kyrgyzstan,KGZ,KG,中央アジア,Issyk-Kul,Ysyk-Köl,KG-Y
Cambodia,KHM,KH,東南アジア,Banteay Mean Choăy,Banteay Mean Choăy,KH-1
Cambodia,KHM,KH,東南アジア,Kracheh,Kracheh,KH-10
Cambodia,KHM,KH,東南アジア,Mondol Kiri,Mondol Kiri,KH-11
Cambodia,KHM,KH,東南アジア,Phnom Penh,Phnom Penh,KH-12
Cambodia,KHM,KH,東南アジア,Preah Vihear,Preah Vihear,KH-13
Cambodia,KHM,KH,東南アジア,Prey Veaeng,Prey Veaeng,KH-14
Cambodia,KHM,KH,東南アジア,Pousaat,Pousaat,KH-15
Cambodia,KHM,KH,東南アジア,Rotanak Kiri,Rotanak Kiri,KH-16
Cambodia,KHM,KH,東南アジア,Siem Reab,Siem Reab,KH-17
Cambodia,KHM,KH,東南アジア,Preah Sihanouk,Preah Sihanouk,KH-18
Cambodia,KHM,KH,東南アジア,Stueng Traeng,Stueng Traeng,KH-19
Cambodia,KHM,KH,東南アジア,Baat Dambang,Baat Dambang,KH-2
Cambodia,KHM,KH,東南アジア,Svaay Rieng,Svaay Rieng,KH-20
Cambodia,KHM,KH,東南アジア,Taakaev,Taakaev,KH-21
Cambodia,KHM,KH,東南アジア,Otdar Mean Chey,Otdar Mean Chey,KH-22
Cambodia,KHM,KH,東南アジア,Kaeb,Kaeb,KH-23
Cambodia,KHM,KH,東南アジア,Pailin,Pailin,KH-24
Cambodia,KHM,KH,東南アジア,Tbong Khmum,Tbong Khmum,KH-25
Cambodia,KHM,KH,東南アジア,Kampong Chaam,Kampong Chaam,KH-3
Cambodia,KHM,KH,東南アジア,Kampong Chhnang,Kampong Chhnang,KH-4
Cambodia,KHM,KH,東南アジア,Kampong Spueu,Kampong Spueu,KH-5
Cambodia,KHM,KH,東南アジア,Kampong Thum,Kampong Thum,KH-6
Cambodia,KHM,KH,東南アジア,Kampot,Kampot,KH-7
Cambodia,KHM,KH,東南アジア,Kandaal,Kandaal,KH-8
Cambodia,KHM,KH,東南アジア,Kaoh Kong,Kaoh Kong,KH-9
Kiribati,KIR,KI,オセアニア,Gilbert Islands,Gilbert Islands,KI-G
Kiribati,KIR,KI,オセアニア,Line Islands,Line Islands,KI-L
Kiribati,KIR,KI,オセアニア,Phoenix Islands,Phoenix Islands,KI-P
Comoros,COM,KM,インド洋地域,Anjouan,Anjouan,KM-A
Comoros,COM,KM,インド洋地域,Grande Comore,Grande Comore,KM-G
Comoros,COM,KM,インド洋地域,Mohéli,Mohéli,KM-M
Saint Kitts and Nevis,KNA,KN,中央アメリカ,Christ Church Nichola Town,Christ Church Nichola Town,KN-01
Saint Kitts and Nevis,KNA,KN,中央アメリカ,Saint Anne Sandy Point,Saint Anne Sandy Point,KN-02
Saint Kitts and Nevis,KNA,KN,中央アメリカ,Saint George Basseterre,Saint George Basseterre,KN-03
Saint Kitts and Nevis,KNA,KN,中央アメリカ,Saint George Gingerland,Saint George Gingerland,KN-04
Saint Kitts and Nevis,KNA,KN,中央アメリカ,Saint James Windward,Saint James Windward,KN-05
Saint Kitts and Nevis,KNA,KN,中央アメリカ,Saint John Capisterre,Saint John Capisterre,KN-06
Saint Kitts and Nevis,KNA,KN,中央アメリカ,Saint John Figtree,Saint John Figtree,KN-07
Saint Kitts and Nevis,KNA,KN,中央アメリカ,Saint Mary Cayon,Saint Mary Cayon,KN-08
Saint Kitts and Nevis,KNA,KN,中央アメリカ,Saint Paul Capisterre,Saint Paul Capisterre,KN-09
Saint Kitts and Nevis,KNA,KN,中央アメリカ,Saint Paul Charlestown,Saint Paul Charlestown,KN-10
Saint Kitts and Nevis,KNA,KN,中央アメリカ,Saint Peter Basseterre,Saint Peter Basseterre,KN-11
Saint Kitts and Nevis,KNA,KN,中央アメリカ,Saint Thomas Lowland,Saint Thomas Lowland,KN-12
Saint Kitts and Nevis,KNA,KN,中央アメリカ,Saint Thomas Middle Island,Saint Thomas Middle Island,KN-13
Saint Kitts and Nevis,KNA,KN,中央アメリカ,Trinity Palmetto Point,Trinity Palmetto Point,KN-15
Korea (the Democratic People's Republic of),PRK,KP,東アジア,Pyongyang,P'yǒngyang,KP-01
Korea (the Democratic People's Republic of),PRK,KP,東アジア,South Pyongan,P'yǒngan-namdo,KP-02
Korea (the Democratic People's Republic of),PRK,KP,東アジア,North Pyongan,P'yǒngan-bukto,KP-03
Korea (the Democratic People's Republic of),PRK,KP,東アジア,Chagang,Chagang-do,KP-04
Korea (the Democratic People's Republic of),PRK,KP,東アジア,South Hwanghae,Hwanghae-namdo,KP-05
Korea (the Democratic People's Republic of),PRK,KP,東アジア,North Hwanghae,Hwanghae-bukto,KP-06
Korea (the Democratic People's Republic of),PRK,KP,東アジア,Kangwon,Kangwǒn-do,KP-07
Korea (the Democratic People's Republic of),PRK,KP,東アジア,South Hamgyong,Hamgyǒng-namdo,KP-08
Korea (the Democratic People's Republic of),PRK,KP,東アジア,North Hamgyong,Hamgyǒng-bukto,KP-09
Korea (the Democratic People's Republic of),PRK,KP,東アジア,Ryanggang,Ryanggang-do,KP-10
Korea (the Democratic People's Republic of),PRK,KP,東アジア,Rason,Rasǒn(Local variant: Najin Sǒnbong),KP-13
Korea (the Democratic People's Republic of),PRK,KP,東アジア,Nampo,Namp’o,KP-14
Korea (the Democratic People's Republic of),PRK,KP,東アジア,Kaesong,Kaesŏng,KP-15
Korea (the Republic of),KOR,KR,東アジア,Seoul,Seoul-teukbyeolsi,KR-11
Korea (the Republic of),KOR,KR,東アジア,Busan,Busan-gwangyeoksi,KR-26
Korea (the Republic of),KOR,KR,東アジア,Daegu,Daegu-gwangyeoksi,KR-27
Korea (the Republic of),KOR,KR,東アジア,Incheon,Incheon-gwangyeoksi,KR-28
Korea (the Republic of),KOR,KR,東アジア,Gwangju,Gwangju-gwangyeoksi,KR-29
Korea (the Republic of),KOR,KR,東アジア,Daejeon,Daejeon-gwangyeoksi,KR-30
Korea (the Republic of),KOR,KR,東アジア,Ulsan,Ulsan-gwangyeoksi,KR-31
Korea (the Republic of),KOR,KR,東アジア,Gyeonggi,Gyeonggi-do,KR-41
Korea (the Republic of),KOR,KR,東アジア,Gangwon,Gangwon-teukbyeoljachido,KR-42
Korea (the Republic of),KOR,KR,東アジア,North Chungcheong,Chungcheongbuk-do,KR-43
Korea (the Republic of),KOR,KR,東アジア,South Chungcheong,Chungcheongnam-do,KR-44
Korea (the Republic of),KOR,KR,東アジア,North Jeolla,Jeollabuk-do,KR-45
Korea (the Republic of),KOR,KR,東アジア,South Jeolla,Jeollanam-do,KR-46
Korea (the Republic of),KOR,KR,東アジア,North Gyeongsang,Gyeongsangbuk-do,KR-47
Korea (the Republic of),KOR,KR,東アジア,South Gyeongsang,Gyeongsangnam-do,KR-48
Korea (the Republic of),KOR,KR,東アジア,Jeju,Jeju-teukbyeoljachido,KR-49
Korea (the Republic of),KOR,KR,東アジア,Sejong,Sejong,KR-50
Kuwait,KWT,KW,中東,Ahmadi,Al Aḩmadī,KW-AH
Kuwait,KWT,KW,中東,Farwaniya,Al Farwānīyah,KW-FA
Kuwait,KWT,KW,中東,Hawalli,Ḩawallī,KW-HA
Kuwait,KWT,KW,中東,Jahra,Al Jahrā’,KW-JA
Kuwait,KWT,KW,中東,Capital,Al ‘Āşimah,KW-KU
Kuwait,KWT,KW,中東,Mubarak Al-Kabeer,Mubārak al Kabīr,KW-MU
Kazakhstan,KAZ,KZ,中央アジア,Abai,Abayoblysy,KZ-10
Kazakhstan,KAZ,KZ,中央アジア,Akmola,Aqmola oblysy,KZ-11
Kazakhstan,KAZ,KZ,中央アジア,Aktobe,Aqtöbe oblysy,KZ-15
Kazakhstan,KAZ,KZ,中央アジア,Almaty,Almatyoblysy,KZ-19
Kazakhstan,KAZ,KZ,中央アジア,Atyrau,Atyraūoblysy,KZ-23
Kazakhstan,KAZ,KZ,中央アジア,West Kazakhstan,Batys Qazaqstan oblysy,KZ-27
Kazakhstan,KAZ,KZ,中央アジア,Jambyl,Zhambyl oblysy,KZ-31
Kazakhstan,KAZ,KZ,中央アジア,Jetisu,Zhetisū oblysy,KZ-33
Kazakhstan,KAZ,KZ,中央アジア,Karaganda,Qaraghandy oblysy,KZ-35
Kazakhstan,KAZ,KZ,中央アジア,Kostanay,Qostanay oblysy,KZ-39
Kazakhstan,KAZ,KZ,中央アジア,Kyzylorda,Qyzylorda oblysy,KZ-43
Kazakhstan,KAZ,KZ,中央アジア,Mangystau,Mangghystaū oblysy,KZ-47
Kazakhstan,KAZ,KZ,中央アジア,Pavlodar,Pavlodar oblysy,KZ-55
Kazakhstan,KAZ,KZ,中央アジア,North Kazakhstan,Soltüstik Qazaqstan oblysy,KZ-59
Kazakhstan,KAZ,KZ,中央アジア,Turkistan,Türkistan oblysy,KZ-61
Kazakhstan,KAZ,KZ,中央アジア,Ulytau,Ulytaūoblysy,KZ-62
Kazakhstan,KAZ,KZ,中央アジア,East Kazakhstan,Shyghys Qazaqstan oblysy,KZ-63
Kazakhstan,KAZ,KZ,中央アジア,Astana,Astana,KZ-71
Kazakhstan,KAZ,KZ,中央アジア,Almaty City,Almaty,KZ-75
Kazakhstan,KAZ,KZ,中央アジア,Shymkent,Shymkent,KZ-79
Lao People's Democratic Republic,LAO,LA,東南アジア,Attapu,Attapu,LA-AT
Lao People's Democratic Republic,LAO,LA,東南アジア,Bokèo,Bokèo,LA-BK
Lao People's Democratic Republic,LAO,LA,東南アジア,Bolikhamxai,Bolikhamxai,LA-BL
Lao People's Democratic Republic,LAO,LA,東南アジア,Champasak,Champasak,LA-CH
Lao People's Democratic Republic,LAO,LA,東南アジア,Houaphan,Houaphan,LA-HO
Lao People's Democratic Republic,LAO,LA,東南アジア,Khammouan,Khammouan,LA-KH
Lao People's Democratic Republic,LAO,LA,東南アジア,Louang Namtha,Louang Namtha,LA-LM
Lao People's Democratic Republic,LAO,LA,東南アジア,Louangphabang,Louangphabang,LA-LP
Lao People's Democratic Republic,LAO,LA,東南アジア,Oudômxai,Oudômxai,LA-OU
Lao People's Democratic Republic,LAO,LA,東南アジア,Phôngsali,Phôngsali,LA-PH
Lao People's Democratic Republic,LAO,LA,東南アジア,Salavan,Salavan,LA-SL
Lao People's Democratic Republic,LAO,LA,東南アジア,Savannakhét,Savannakhét,LA-SV
Lao People's Democratic Republic,LAO,LA,東南アジア,Viangchan,Viangchan,LA-VI
Lao People's Democratic Republic,LAO,LA,東南アジア,Viangchan,Viangchan,LA-VT
Lao People's Democratic Republic,LAO,LA,東南アジア,Xaignabouli,Xaignabouli,LA-XA
Lao People's Democratic Republic,LAO,LA,東南アジア,Xékong,Xékong,LA-XE
Lao People's Democratic Republic,LAO,LA,東南アジア,Xiangkhouang,Xiangkhouang,LA-XI
Lao People's Democratic Republic,LAO,LA,東南アジア,Xaisômboun,Xaisômboun,LA-XS
Lebanon,LBN,LB,中東,Akkar,Aakkâr,LB-AK
Lebanon,LBN,LB,中東,North Lebanon,Liban-Nord,LB-AS
Lebanon,LBN,LB,中東,Beirut,Beyrouth,LB-BA
Lebanon,LBN,LB,中東,Baalbek-Hermel,Baalbek-Hermel,LB-BH
Lebanon,LBN,LB,中東,Beqaa,Béqaa,LB-BI
Lebanon,LBN,LB,中東,South Lebanon,Liban-Sud,LB-JA
Lebanon,LBN,LB,中東,Mount Lebanon,Mont-Liban,LB-JL
Lebanon,LBN,LB,中東,Nabatieh,Nabatîyé,LB-NA
Saint Lucia,LCA,LC,中央アメリカ,Anse la Raye,Anse la Raye,LC-01
Saint Lucia,LCA,LC,中央アメリカ,Castries,Castries,LC-02
Saint Lucia,LCA,LC,中央アメリカ,Choiseul,Choiseul,LC-03
Saint Lucia,LCA,LC,中央アメリカ,Dennery,Dennery,LC-05
Saint Lucia,LCA,LC,中央アメリカ,Gros Islet,Gros Islet,LC-06
Saint Lucia,LCA,LC,中央アメリカ,Laborie,Laborie,LC-07
Saint Lucia,LCA,LC,中央アメリカ,Micoud,Micoud,LC-08
Saint Lucia,LCA,LC,中央アメリカ,Soufrière,Soufrière,LC-10
Saint Lucia,LCA,LC,中央アメリカ,Vieux Fort,Vieux Fort,LC-11
Saint Lucia,LCA,LC,中央アメリカ,Canaries,Canaries,LC-12
Liechtenstein,LIE,LI,西ヨーロッパ,Balzers,Balzers,LI-01
Liechtenstein,LIE,LI,西ヨーロッパ,Eschen,Eschen,LI-02
Liechtenstein,LIE,LI,西ヨーロッパ,Gamprin,Gamprin,LI-03
Liechtenstein,LIE,LI,西ヨーロッパ,Mauren,Mauren,LI-04
Liechtenstein,LIE,LI,西ヨーロッパ,Planken,Planken,LI-05
Liechtenstein,LIE,LI,西ヨーロッパ,Ruggell,Ruggell,LI-06
Liechtenstein,LIE,LI,西ヨーロッパ,Schaan,Schaan,LI-07
Liechtenstein,LIE,LI,西ヨーロッパ,Schellenberg,Schellenberg,LI-08
Liechtenstein,LIE,LI,西ヨーロッパ,Triesen,Triesen,LI-09
Liechtenstein,LIE,LI,西ヨーロッパ,Triesenberg,Triesenberg,LI-10
Liechtenstein,LIE,LI,西ヨーロッパ,Vaduz,Vaduz,LI-11
Sri Lanka,LKA,LK,南アジア,Colombo,Kŏḷamba,LK-11
Sri Lanka,LKA,LK,南アジア,Gampaha,Gampaha,LK-12
Sri Lanka,LKA,LK,南アジア,Kalutara,Kalutara,LK-13
Sri Lanka,LKA,LK,南アジア,Kandy,Mahanuvara,LK-21
Sri Lanka,LKA,LK,南アジア,Matale,Mātale,LK-22
Sri Lanka,LKA,LK,南アジア,Nuwara Eliya,Nuvara Ĕliya,LK-23
Sri Lanka,LKA,LK,南アジア,Galle,Gālla,LK-31
Sri Lanka,LKA,LK,南アジア,Matara,Mātara,LK-32
Sri Lanka,LKA,LK,南アジア,Hambantota,Hambantŏṭa,LK-33
Sri Lanka,LKA,LK,南アジア,Jaffna,Yāpanaya,LK-41
Sri Lanka,LKA,LK,南アジア,Kilinochchi,Kilinŏchchi,LK-42
Sri Lanka,LKA,LK,南アジア,Mannar,Mannārama,LK-43
Sri Lanka,LKA,LK,南アジア,Vavuniya,Vavuniyāva,LK-44
Sri Lanka,LKA,LK,南アジア,Mullaittivu,Mulativ,LK-45
Sri Lanka,LKA,LK,南アジア,Batticaloa,Maḍakalapuva,LK-51
Sri Lanka,LKA,LK,南アジア,Ampara,Ampāra,LK-52
Sri Lanka,LKA,LK,南アジア,Trincomalee,Trikuṇāmalaya,LK-53
Sri Lanka,LKA,LK,南アジア,Kurunegala,Kuruṇægala,LK-61
Sri Lanka,LKA,LK,南アジア,Puttalam,Puttalama,LK-62
Sri Lanka,LKA,LK,南アジア,Anuradhapura,Anurādhapura,LK-71
Sri Lanka,LKA,LK,南アジア,Polonnaruwa,Pŏḷŏnnaruva,LK-72
Sri Lanka,LKA,LK,南アジア,Badulla,Badulla,LK-81
Sri Lanka,LKA,LK,南アジア,Monaragala,Mŏṇarāgala,LK-82
Sri Lanka,LKA,LK,南アジア,Ratnapura,Ratnapura,LK-91
Sri Lanka,LKA,LK,南アジア,Kegalla,Kægalla,LK-92
Liberia,LBR,LR,西アフリカ,Bong,Bong,LR-BG
Liberia,LBR,LR,西アフリカ,Bomi,Bomi,LR-BM
Liberia,LBR,LR,西アフリカ,Grand Cape Mount,Grand Cape Mount,LR-CM
Liberia,LBR,LR,西アフリカ,Grand Bassa,Grand Bassa,LR-GB
Liberia,LBR,LR,西アフリカ,Grand Gedeh,Grand Gedeh,LR-GG
Liberia,LBR,LR,西アフリカ,Grand Kru,Grand Kru,LR-GK
Liberia,LBR,LR,西アフリカ,Gbarpolu,Gbarpolu,LR-GP
Liberia,LBR,LR,西アフリカ,Lofa,Lofa,LR-LO
Liberia,LBR,LR,西アフリカ,Margibi,Margibi,LR-MG
Liberia,LBR,LR,西アフリカ,Montserrado,Montserrado,LR-MO
Liberia,LBR,LR,西アフリカ,Maryland,Maryland,LR-MY
Liberia,LBR,LR,西アフリカ,Nimba,Nimba,LR-NI
Liberia,LBR,LR,西アフリカ,River Gee,River Gee,LR-RG
Liberia,LBR,LR,西アフリカ,River Cess(Local variant: Rivercess),River Cess(Local variant: Rivercess),LR-RI
Liberia,LBR,LR,西アフリカ,Sinoe,Sinoe,LR-SI
Lesotho,LSO,LS,南アフリカ,Maseru,Maseru,LS-A
Lesotho,LSO,LS,南アフリカ,Botha-Bothe,Botha-Bothe,LS-B
Lesotho,LSO,LS,南アフリカ,Leribe,Leribe,LS-C
Lesotho,LSO,LS,南アフリカ,Berea,Berea,LS-D
Lesotho,LSO,LS,南アフリカ,Mafeteng,Mafeteng,LS-E
Lesotho,LSO,LS,南アフリカ,Mohale's Hoek,Mohale's Hoek,LS-F
Lesotho,LSO,LS,南アフリカ,Quthing,Quthing,LS-G
Lesotho,LSO,LS,南アフリカ,Qacha's Nek,Qacha's Nek,LS-H
Lesotho,LSO,LS,南アフリカ,Mokhotlong,Mokhotlong,LS-J
Lesotho,LSO,LS,南アフリカ,Thaba-Tseka,Thaba-Tseka,LS-K
Lithuania,LTU,LT,東ヨーロッパ,Akmenė,Akmenė,LT-01
Lithuania,LTU,LT,東ヨーロッパ,Alytaus miestas,Alytaus miestas,LT-02
Lithuania,LTU,LT,東ヨーロッパ,Alytus,Alytus,LT-03
Lithuania,LTU,LT,東ヨーロッパ,Anykščiai,Anykščiai,LT-04
Lithuania,LTU,LT,東ヨーロッパ,Birštonas,Birštonas,LT-05
Lithuania,LTU,LT,東ヨーロッパ,Biržai,Biržai,LT-06
Lithuania,LTU,LT,東ヨーロッパ,Druskininkai,Druskininkai,LT-07
Lithuania,LTU,LT,東ヨーロッパ,Elektrėnai,Elektrėnai,LT-08
Lithuania,LTU,LT,東ヨーロッパ,Ignalina,Ignalina,LT-09
Lithuania,LTU,LT,東ヨーロッパ,Jonava,Jonava,LT-10
Lithuania,LTU,LT,東ヨーロッパ,Joniškis,Joniškis,LT-11
Lithuania,LTU,LT,東ヨーロッパ,Jurbarkas,Jurbarkas,LT-12
Lithuania,LTU,LT,東ヨーロッパ,Kaišiadorys,Kaišiadorys,LT-13
Lithuania,LTU,LT,東ヨーロッパ,Kalvarija,Kalvarija,LT-14
Lithuania,LTU,LT,東ヨーロッパ,Kauno miestas,Kauno miestas,LT-15
Lithuania,LTU,LT,東ヨーロッパ,Kaunas,Kaunas,LT-16
Lithuania,LTU,LT,東ヨーロッパ,Kazlų Rūdos,Kazlų Rūdos,LT-17
Lithuania,LTU,LT,東ヨーロッパ,Kėdainiai,Kėdainiai,LT-18
Lithuania,LTU,LT,東ヨーロッパ,Kelmė,Kelmė,LT-19
Lithuania,LTU,LT,東ヨーロッパ,Klaipėdos miestas,Klaipėdos miestas,LT-20
Lithuania,LTU,LT,東ヨーロッパ,Klaipėda,Klaipėda,LT-21
Lithuania,LTU,LT,東ヨーロッパ,Kretinga,Kretinga,LT-22
Lithuania,LTU,LT,東ヨーロッパ,Kupiškis,Kupiškis,LT-23
Lithuania,LTU,LT,東ヨーロッパ,Lazdijai,Lazdijai,LT-24
Lithuania,LTU,LT,東ヨーロッパ,Marijampolė,Marijampolė,LT-25
Lithuania,LTU,LT,東ヨーロッパ,Mažeikiai,Mažeikiai,LT-26
Lithuania,LTU,LT,東ヨーロッパ,Molėtai,Molėtai,LT-27
Lithuania,LTU,LT,東ヨーロッパ,Neringa,Neringa,LT-28
Lithuania,LTU,LT,東ヨーロッパ,Pagėgiai,Pagėgiai,LT-29
Lithuania,LTU,LT,東ヨーロッパ,Pakruojis,Pakruojis,LT-30
Lithuania,LTU,LT,東ヨーロッパ,Palangos miestas,Palangos miestas,LT-31
Lithuania,LTU,LT,東ヨーロッパ,Panevėžio miestas,Panevėžio miestas,LT-32
Lithuania,LTU,LT,東ヨーロッパ,Panevėžys,Panevėžys,LT-33
Lithuania,LTU,LT,東ヨーロッパ,Pasvalys,Pasvalys,LT-34
Lithuania,LTU,LT,東ヨーロッパ,Plungė,Plungė,LT-35
Lithuania,LTU,LT,東ヨーロッパ,Prienai,Prienai,LT-36
Lithuania,LTU,LT,東ヨーロッパ,Radviliškis,Radviliškis,LT-37
Lithuania,LTU,LT,東ヨーロッパ,Raseiniai,Raseiniai,LT-38
Lithuania,LTU,LT,東ヨーロッパ,Rietavas,Rietavas,LT-39
Lithuania,LTU,LT,東ヨーロッパ,Rokiškis,Rokiškis,LT-40
Lithuania,LTU,LT,東ヨーロッパ,Šakiai,Šakiai,LT-41
Lithuania,LTU,LT,東ヨーロッパ,Šalčininkai,Šalčininkai,LT-42
Lithuania,LTU,LT,東ヨーロッパ,Šiaulių miestas,Šiaulių miestas,LT-43
Lithuania,LTU,LT,東ヨーロッパ,Šiauliai,Šiauliai,LT-44
Lithuania,LTU,LT,東ヨーロッパ,Šilalė,Šilalė,LT-45
Lithuania,LTU,LT,東ヨーロッパ,Šilutė,Šilutė,LT-46
Lithuania,LTU,LT,東ヨーロッパ,Širvintos,Širvintos,LT-47
Lithuania,LTU,LT,東ヨーロッパ,Skuodas,Skuodas,LT-48
Lithuania,LTU,LT,東ヨーロッパ,Švenčionys,Švenčionys,LT-49
Lithuania,LTU,LT,東ヨーロッパ,Tauragė,Tauragė,LT-50
Lithuania,LTU,LT,東ヨーロッパ,Telšiai,Telšiai,LT-51
Lithuania,LTU,LT,東ヨーロッパ,Trakai,Trakai,LT-52
Lithuania,LTU,LT,東ヨーロッパ,Ukmergė,Ukmergė,LT-53
Lithuania,LTU,LT,東ヨーロッパ,Utena,Utena,LT-54
Lithuania,LTU,LT,東ヨーロッパ,Varėna,Varėna,LT-55
Lithuania,LTU,LT,東ヨーロッパ,Vilkaviškis,Vilkaviškis,LT-56
Lithuania,LTU,LT,東ヨーロッパ,Vilniaus miestas,Vilniaus miestas,LT-57
Lithuania,LTU,LT,東ヨーロッパ,Vilnius,Vilnius,LT-58
Lithuania,LTU,LT,東ヨーロッパ,Visaginas,Visaginas,LT-59
Lithuania,LTU,LT,東ヨーロッパ,Zarasai,Zarasai,LT-60
Luxembourg,LUX,LU,西ヨーロッパ,Capellen,Capellen,LU-CA
Luxembourg,LUX,LU,西ヨーロッパ,Clervaux,Clervaux,LU-CL
Luxembourg,LUX,LU,西ヨーロッパ,Diekirch,Diekirch,LU-DI
Luxembourg,LUX,LU,西ヨーロッパ,Echternach,Echternach,LU-EC
Luxembourg,LUX,LU,西ヨーロッパ,Esch-sur-Alzette,Esch-sur-Alzette,LU-ES
Luxembourg,LUX,LU,西ヨーロッパ,Grevenmacher,Grevenmacher,LU-GR
Luxembourg,LUX,LU,西ヨーロッパ,Luxembourg,Luxembourg,LU-LU
Luxembourg,LUX,LU,西ヨーロッパ,Mersch,Mersch,LU-ME
Luxembourg,LUX,LU,西ヨーロッパ,Redange,Redange,LU-RD
Luxembourg,LUX,LU,西ヨーロッパ,Remich,Remich,LU-RM
Luxembourg,LUX,LU,西ヨーロッパ,Vianden,Vianden,LU-VD
Luxembourg,LUX,LU,西ヨーロッパ,Wiltz,Wiltz,LU-WI
Latvia,LVA,LV,東ヨーロッパ,Aizkraukles novads,Aizkraukles novads,LV-002
Latvia,LVA,LV,東ヨーロッパ,Alūksnes novads,Alūksnes novads,LV-007
Latvia,LVA,LV,東ヨーロッパ,Ādažu novads,Ādažu novads,LV-011
Latvia,LVA,LV,東ヨーロッパ,Balvu novads,Balvu novads,LV-015
Latvia,LVA,LV,東ヨーロッパ,Bauskas novads,Bauskas novads,LV-016
Latvia,LVA,LV,東ヨーロッパ,Cēsu novads,Cēsu novads,LV-022
Latvia,LVA,LV,東ヨーロッパ,Dobeles novads,Dobeles novads,LV-026
Latvia,LVA,LV,東ヨーロッパ,Gulbenes novads,Gulbenes novads,LV-033
Latvia,LVA,LV,東ヨーロッパ,Jelgavas novads,Jelgavas novads,LV-041
Latvia,LVA,LV,東ヨーロッパ,Jēkabpils novads,Jēkabpils novads,LV-042
Latvia,LVA,LV,東ヨーロッパ,Krāslavas novads,Krāslavas novads,LV-047
Latvia,LVA,LV,東ヨーロッパ,Kuldīgas novads,Kuldīgas novads,LV-050
Latvia,LVA,LV,東ヨーロッパ,Ķekavas novads,Ķekavas novads,LV-052
Latvia,LVA,LV,東ヨーロッパ,Limbažu novads,Limbažu novads,LV-054
Latvia,LVA,LV,東ヨーロッパ,Līvānu novads,Līvānu novads,LV-056
Latvia,LVA,LV,東ヨーロッパ,Ludzas novads,Ludzas novads,LV-058
Latvia,LVA,LV,東ヨーロッパ,Madonas novads,Madonas novads,LV-059
Latvia,LVA,LV,東ヨーロッパ,Mārupes novads,Mārupes novads,LV-062
Latvia,LVA,LV,東ヨーロッパ,Ogres novads,Ogres novads,LV-067
Latvia,LVA,LV,東ヨーロッパ,Olaines novads,Olaines novads,LV-068
Latvia,LVA,LV,東ヨーロッパ,Preiļu novads,Preiļu novads,LV-073
Latvia,LVA,LV,東ヨーロッパ,Rēzeknes novads,Rēzeknes novads,LV-077
Latvia,LVA,LV,東ヨーロッパ,Ropažu novads,Ropažu novads,LV-080
Latvia,LVA,LV,東ヨーロッパ,Salaspils novads,Salaspils novads,LV-087
Latvia,LVA,LV,東ヨーロッパ,Saldus novads,Saldus novads,LV-088
Latvia,LVA,LV,東ヨーロッパ,Saulkrastu novads,Saulkrastu novads,LV-089
Latvia,LVA,LV,東ヨーロッパ,Siguldas novads,Siguldas novads,LV-091
Latvia,LVA,LV,東ヨーロッパ,Smiltenes novads,Smiltenes novads,LV-094
Latvia,LVA,LV,東ヨーロッパ,Talsu novads,Talsu novads,LV-097
Latvia,LVA,LV,東ヨーロッパ,Tukuma novads,Tukuma novads,LV-099
Latvia,LVA,LV,東ヨーロッパ,Valkas novads,Valkas novads,LV-101
Latvia,LVA,LV,東ヨーロッパ,Varakļānu novads,Varakļānu novads,LV-102
Latvia,LVA,LV,東ヨーロッパ,Ventspils novads,Ventspils novads,LV-106
Latvia,LVA,LV,東ヨーロッパ,Augšdaugavas novads,Augšdaugavas novads,LV-111
Latvia,LVA,LV,東ヨーロッパ,Dienvidkurzemes Novads,Dienvidkurzemes Novads,LV-112
Latvia,LVA,LV,東ヨーロッパ,Valmieras Novads,Valmieras Novads,LV-113
Latvia,LVA,LV,東ヨーロッパ,Daugavpils,Daugavpils,LV-DGV
Latvia,LVA,LV,東ヨーロッパ,Jelgava,Jelgava,LV-JEL
Latvia,LVA,LV,東ヨーロッパ,Jūrmala,Jūrmala,LV-JUR
Latvia,LVA,LV,東ヨーロッパ,Liepāja,Liepāja,LV-LPX
Latvia,LVA,LV,東ヨーロッパ,Rēzekne,Rēzekne,LV-REZ
Latvia,LVA,LV,東ヨーロッパ,Rīga,Rīga,LV-RIX
Latvia,LVA,LV,東ヨーロッパ,Ventspils,Ventspils,LV-VEN
Libya,LBY,LY,北アフリカ,Benghazi,Banghāzī,LY-BA
Libya,LBY,LY,北アフリカ,Butnan,Al Buţnān,LY-BU
Libya,LBY,LY,北アフリカ,Derna,Darnah,LY-DR
Libya,LBY,LY,北アフリカ,Ghat,Ghāt,LY-GT
Libya,LBY,LY,北アフリカ,Green Mountain,Al Jabal al Akhḑar,LY-JA
Libya,LBY,LY,北アフリカ,Western Mountain,Al Jabal al Gharbī,LY-JG
Libya,LBY,LY,北アフリカ,Jafara,Al Jafārah,LY-JI
Libya,LBY,LY,北アフリカ,Jufra,Al Jufrah,LY-JU
Libya,LBY,LY,北アフリカ,Kufra,Al Kufrah,LY-KF
Libya,LBY,LY,北アフリカ,Murqub,Al Marqab,LY-MB
Libya,LBY,LY,北アフリカ,Misrata,Mişrātah,LY-MI
Libya,LBY,LY,北アフリカ,Meadows,Al Marj,LY-MJ
Libya,LBY,LY,北アフリカ,Murzuq,Murzuq,LY-MQ
Libya,LBY,LY,北アフリカ,Nalut,Nālūt,LY-NL
Libya,LBY,LY,北アフリカ,Nuqat al Khams,An Nuqāţ al Khams,LY-NQ
Libya,LBY,LY,北アフリカ,Sabha,Sabhā,LY-SB
Libya,LBY,LY,北アフリカ,Sirte,Surt,LY-SR
Libya,LBY,LY,北アフリカ,Tripoli,Ţarābulus,LY-TB
Libya,LBY,LY,北アフリカ,Oases,Al Wāḩāt,LY-WA
Libya,LBY,LY,北アフリカ,Wadi al Hayaa,Wādī al Ḩayāt,LY-WD
Libya,LBY,LY,北アフリカ,Wadi ash Shati,Wādī ash Shāţi’,LY-WS
Libya,LBY,LY,北アフリカ,Zawiya,Az Zāwiyah,LY-ZA
Morocco,MAR,MA,北アフリカ,Agadir-Ida-Ou-Tanane,Agadir-Ida-Ou-Tanane,MA-AGD
Morocco,MAR,MA,北アフリカ,Aousserd (EH),Aousserd (EH),MA-AOU
Morocco,MAR,MA,北アフリカ,Assa-Zag (EH-partial),Assa-Zag (EH-partial),MA-ASZ
Morocco,MAR,MA,北アフリカ,Azilal,Azilal,MA-AZI
Morocco,MAR,MA,北アフリカ,Béni Mellal,Béni Mellal,MA-BEM
Morocco,MAR,MA,北アフリカ,Berkane,Berkane,MA-BER
Morocco,MAR,MA,北アフリカ,Benslimane,Benslimane,MA-BES
Morocco,MAR,MA,北アフリカ,Boujdour (EH),Boujdour (EH),MA-BOD
Morocco,MAR,MA,北アフリカ,Boulemane,Boulemane,MA-BOM
Morocco,MAR,MA,北アフリカ,Berrechid,Berrechid,MA-BRR
Morocco,MAR,MA,北アフリカ,Casablanca(Local variant: Dar el Beïda),Casablanca(Local variant: Dar el Beïda),MA-CAS
Morocco,MAR,MA,北アフリカ,Chefchaouen,Chefchaouen,MA-CHE
Morocco,MAR,MA,北アフリカ,Chichaoua,Chichaoua,MA-CHI
Morocco,MAR,MA,北アフリカ,Chtouka-Ait Baha,Chtouka-Ait Baha,MA-CHT
Morocco,MAR,MA,北アフリカ,Driouch,Driouch,MA-DRI
Morocco,MAR,MA,北アフリカ,Errachidia,Errachidia,MA-ERR
Morocco,MAR,MA,北アフリカ,Essaouira,Essaouira,MA-ESI
Morocco,MAR,MA,北アフリカ,Es-Semara (EH-partial),Es-Semara (EH-partial),MA-ESM
Morocco,MAR,MA,北アフリカ,Fahs-Anjra,Fahs-Anjra,MA-FAH
Morocco,MAR,MA,北アフリカ,Fès,Fès,MA-FES
Morocco,MAR,MA,北アフリカ,Figuig,Figuig,MA-FIG
Morocco,MAR,MA,北アフリカ,Fquih Ben Salah,Fquih Ben Salah,MA-FQH
Morocco,MAR,MA,北アフリカ,Guelmim,Guelmim,MA-GUE
Morocco,MAR,MA,北アフリカ,Guercif,Guercif,MA-GUF
Morocco,MAR,MA,北アフリカ,El Hajeb,El Hajeb,MA-HAJ
Morocco,MAR,MA,北アフリカ,Al Haouz,Al Haouz,MA-HAO
Morocco,MAR,MA,北アフリカ,Al Hoceïma,Al Hoceïma,MA-HOC
Morocco,MAR,MA,北アフリカ,Ifrane,Ifrane,MA-IFR
Morocco,MAR,MA,北アフリカ,Inezgane-Ait Melloul,Inezgane-Ait Melloul,MA-INE
Morocco,MAR,MA,北アフリカ,El Jadida,El Jadida,MA-JDI
Morocco,MAR,MA,北アフリカ,Jerada,Jerada,MA-JRA
Morocco,MAR,MA,北アフリカ,Kénitra,Kénitra,MA-KEN
Morocco,MAR,MA,北アフリカ,El Kelâa des Sraghna,El Kelâa des Sraghna,MA-KES
Morocco,MAR,MA,北アフリカ,Khémisset,Khémisset,MA-KHE
Morocco,MAR,MA,北アフリカ,Khénifra,Khénifra,MA-KHN
Morocco,MAR,MA,北アフリカ,Khouribga,Khouribga,MA-KHO
Morocco,MAR,MA,北アフリカ,Laâyoune (EH),Laâyoune (EH),MA-LAA
Morocco,MAR,MA,北アフリカ,Larache,Larache,MA-LAR
Morocco,MAR,MA,北アフリカ,Marrakech,Marrakech,MA-MAR
Morocco,MAR,MA,北アフリカ,M’diq-Fnideq,M’diq-Fnideq,MA-MDF
Morocco,MAR,MA,北アフリカ,Médiouna,Médiouna,MA-MED
Morocco,MAR,MA,北アフリカ,Meknès,Meknès,MA-MEK
Morocco,MAR,MA,北アフリカ,Midelt,Midelt,MA-MID
Morocco,MAR,MA,北アフリカ,Mohammadia,Mohammadia,MA-MOH
Morocco,MAR,MA,北アフリカ,Moulay Yacoub,Moulay Yacoub,MA-MOU
Morocco,MAR,MA,北アフリカ,Nador,Nador,MA-NAD
Morocco,MAR,MA,北アフリカ,Nouaceur,Nouaceur,MA-NOU
Morocco,MAR,MA,北アフリカ,Ouarzazate,Ouarzazate,MA-OUA
Morocco,MAR,MA,北アフリカ,Oued Ed-Dahab (EH),Oued Ed-Dahab (EH),MA-OUD
Morocco,MAR,MA,北アフリカ,Oujda-Angad,Oujda-Angad,MA-OUJ
Morocco,MAR,MA,北アフリカ,Ouezzane,Ouezzane,MA-OUZ
Morocco,MAR,MA,北アフリカ,Rabat,Rabat,MA-RAB
Morocco,MAR,MA,北アフリカ,Rehamna,Rehamna,MA-REH
Morocco,MAR,MA,北アフリカ,Safi,Safi,MA-SAF
Morocco,MAR,MA,北アフリカ,Salé,Salé,MA-SAL
Morocco,MAR,MA,北アフリカ,Sefrou,Sefrou,MA-SEF
Morocco,MAR,MA,北アフリカ,Settat,Settat,MA-SET
Morocco,MAR,MA,北アフリカ,Sidi Bennour,Sidi Bennour,MA-SIB
Morocco,MAR,MA,北アフリカ,Sidi Ifni,Sidi Ifni,MA-SIF
Morocco,MAR,MA,北アフリカ,Sidi Kacem,Sidi Kacem,MA-SIK
Morocco,MAR,MA,北アフリカ,Sidi Slimane,Sidi Slimane,MA-SIL
Morocco,MAR,MA,北アフリカ,Skhirate-Témara,Skhirate-Témara,MA-SKH
Morocco,MAR,MA,北アフリカ,Tarfaya (EH-partial),Tarfaya (EH-partial),MA-TAF
Morocco,MAR,MA,北アフリカ,Taourirt,Taourirt,MA-TAI
Morocco,MAR,MA,北アフリカ,Taounate,Taounate,MA-TAO
Morocco,MAR,MA,北アフリカ,Taroudannt,Taroudannt,MA-TAR
Morocco,MAR,MA,北アフリカ,Tata,Tata,MA-TAT
Morocco,MAR,MA,北アフリカ,Taza,Taza,MA-TAZ
Morocco,MAR,MA,北アフリカ,Tétouan,Tétouan,MA-TET
Morocco,MAR,MA,北アフリカ,Tinghir,Tinghir,MA-TIN
Morocco,MAR,MA,北アフリカ,Tiznit,Tiznit,MA-TIZ
Morocco,MAR,MA,北アフリカ,Tanger-Assilah,Tanger-Assilah,MA-TNG
Morocco,MAR,MA,北アフリカ,Tan-Tan (EH-partial),Tan-Tan (EH-partial),MA-TNT
Morocco,MAR,MA,北アフリカ,Youssoufia,Youssoufia,MA-YUS
Morocco,MAR,MA,北アフリカ,Zagora,Zagora,MA-ZAG
Monaco,MCO,MC,西ヨーロッパ,La Colle,La Colle,MC-CL
Monaco,MCO,MC,西ヨーロッパ,La Condamine,La Condamine,MC-CO
Monaco,MCO,MC,西ヨーロッパ,Fontvieille,Fontvieille,MC-FO
Monaco,MCO,MC,西ヨーロッパ,La Gare,La Gare,MC-GA
Monaco,MCO,MC,西ヨーロッパ,Jardin Exotique,Jardin Exotique,MC-JE
Monaco,MCO,MC,西ヨーロッパ,Larvotto,Larvotto,MC-LA
Monaco,MCO,MC,西ヨーロッパ,Malbousquet,Malbousquet,MC-MA
Monaco,MCO,MC,西ヨーロッパ,Monte-Carlo,Monte-Carlo,MC-MC
Monaco,MCO,MC,西ヨーロッパ,Moneghetti,Moneghetti,MC-MG
Monaco,MCO,MC,西ヨーロッパ,Monaco-Ville,Monaco-Ville,MC-MO
Monaco,MCO,MC,西ヨーロッパ,Moulins,Moulins,MC-MU
Monaco,MCO,MC,西ヨーロッパ,Port-Hercule,Port-Hercule,MC-PH
Monaco,MCO,MC,西ヨーロッパ,Sainte-Dévote,Sainte-Dévote,MC-SD
Monaco,MCO,MC,西ヨーロッパ,La Source,La Source,MC-SO
Monaco,MCO,MC,西ヨーロッパ,Spélugues,Spélugues,MC-SP
Monaco,MCO,MC,西ヨーロッパ,Saint-Roman,Saint-Roman,MC-SR
Monaco,MCO,MC,西ヨーロッパ,Vallon de la Rousse,Vallon de la Rousse,MC-VR
"Moldova, Republic of",MDA,MD,東ヨーロッパ,Anenii Noi,Anenii Noi,MD-ANE
"Moldova, Republic of",MDA,MD,東ヨーロッパ,Bălţi,Bălţi,MD-BAL
"Moldova, Republic of",MDA,MD,東ヨーロッパ,Basarabeasca,Basarabeasca,MD-BAS
"Moldova, Republic of",MDA,MD,東ヨーロッパ,Brinceni,Brinceni,MD-BRI
"Moldova, Republic of",MDA,MD,東ヨーロッパ,Cahul,Cahul,MD-CAH
"Moldova, Republic of",MDA,MD,東ヨーロッパ,Căinari,Căinari,MD-CAI
"Moldova, Republic of",MDA,MD,東ヨーロッパ,Călăraşi,Călăraşi,MD-CAL
"Moldova, Republic of",MDA,MD,東ヨーロッパ,Camenca,Camenca,MD-CAM
"Moldova, Republic of",MDA,MD,東ヨーロッパ,Cantemir,Cantemir,MD-CAN
"Moldova, Republic of",MDA,MD,東ヨーロッパ,Căuşeni,Căuşeni,MD-CAS
"Moldova, Republic of",MDA,MD,東ヨーロッパ,Chişinău,Chişinău,MD-CHI
"Moldova, Republic of",MDA,MD,東ヨーロッパ,Cahul,Cahul,MD-CHL
"Moldova, Republic of",MDA,MD,東ヨーロッパ,Ciadîr-Lunga,Ciadîr-Lunga,MD-CIA
"Moldova, Republic of",MDA,MD,東ヨーロッパ,Cimișlia,Cimișlia,MD-CIM
"Moldova, Republic of",MDA,MD,東ヨーロッパ,Comrat,Comrat,MD-COM
"Moldova, Republic of",MDA,MD,東ヨーロッパ,Criuleni,Criuleni,MD-CRI
"Moldova, Republic of",MDA,MD,東ヨーロッパ,Dubăsari,Dubăsari,MD-DBI
"Moldova, Republic of",MDA,MD,東ヨーロッパ,Dondușeni,Dondușeni,MD-DON
"Moldova, Republic of",MDA,MD,東ヨーロッパ,Drochia,Drochia,MD-DRO
"Moldova, Republic of",MDA,MD,東ヨーロッパ,Dubăsari,Dubăsari,MD-DUB
"Moldova, Republic of",MDA,MD,東ヨーロッパ,Edineț,Edineț,MD-EDI
"Moldova, Republic of",MDA,MD,東ヨーロッパ,Făleşti,Făleşti,MD-FAL
"Moldova, Republic of",MDA,MD,東ヨーロッパ,Florești,Florești,MD-FLO
"Moldova, Republic of",MDA,MD,東ヨーロッパ,Glodeni,Glodeni,MD-GLO
"Moldova, Republic of",MDA,MD,東ヨーロッパ,Grigoriopol,Grigoriopol,MD-GRI
"Moldova, Republic of",MDA,MD,東ヨーロッパ,Hîncești,Hîncești,MD-HIN
"Moldova, Republic of",MDA,MD,東ヨーロッパ,Ialoveni,Ialoveni,MD-IAL
"Moldova, Republic of",MDA,MD,東ヨーロッパ,Leova,Leova,MD-LEO
"Moldova, Republic of",MDA,MD,東ヨーロッパ,Nisporeni,Nisporeni,MD-NIS
"Moldova, Republic of",MDA,MD,東ヨーロッパ,Ocnița,Ocnița,MD-OCN
"Moldova, Republic of",MDA,MD,東ヨーロッパ,Orhei,Orhei,MD-OHI
"Moldova, Republic of",MDA,MD,東ヨーロッパ,Orhei,Orhei,MD-ORH
"Moldova, Republic of",MDA,MD,東ヨーロッパ,Rezina,Rezina,MD-REZ
"Moldova, Republic of",MDA,MD,東ヨーロッパ,Rîbnița,Rîbnița,MD-RIB
"Moldova, Republic of",MDA,MD,東ヨーロッパ,Rîșcani,Rîșcani,MD-RIS
"Moldova, Republic of",MDA,MD,東ヨーロッパ,Rîbnița,Rîbnița,MD-RIT
"Moldova, Republic of",MDA,MD,東ヨーロッパ,Sîngerei,Sîngerei,MD-SIN
"Moldova, Republic of",MDA,MD,東ヨーロッパ,Slobozia,Slobozia,MD-SLO
"Moldova, Republic of",MDA,MD,東ヨーロッパ,Soroca,Soroca,MD-SOA
"Moldova, Republic of",MDA,MD,東ヨーロッパ,Soroca,Soroca,MD-SOC
"Moldova, Republic of",MDA,MD,東ヨーロッパ,Şoldăneşti,Şoldăneşti,MD-SOL
"Moldova, Republic of",MDA,MD,東ヨーロッパ,Ştefan Vodă,Ştefan Vodă,MD-STE
"Moldova, Republic of",MDA,MD,東ヨーロッパ,Strășeni,Strășeni,MD-STR
"Moldova, Republic of",MDA,MD,東ヨーロッパ,Taraclia,Taraclia,MD-TAR
"Moldova, Republic of",MDA,MD,東ヨーロッパ,Telenești,Telenești,MD-TEL
"Moldova, Republic of",MDA,MD,東ヨーロッパ,Tighina,Tighina,MD-TIG
"Moldova, Republic of",MDA,MD,東ヨーロッパ,Tiraspol,Tiraspol,MD-TIR
"Moldova, Republic of",MDA,MD,東ヨーロッパ,Ungheni,Ungheni,MD-UGI
"Moldova, Republic of",MDA,MD,東ヨーロッパ,Ungheni,Ungheni,MD-UNG
"Moldova, Republic of",MDA,MD,東ヨーロッパ,Vulcănești,Vulcănești,MD-VUL
Montenegro,MNE,ME,東ヨーロッパ,Andrijevica,Andrijevica,ME-01
Montenegro,MNE,ME,東ヨーロッパ,Bar,Bar,ME-02
Montenegro,MNE,ME,東ヨーロッパ,Berane,Berane,ME-03
Montenegro,MNE,ME,東ヨーロッパ,Bijelo Polje,Bijelo Polje,ME-04
Montenegro,MNE,ME,東ヨーロッパ,Budva,Budva,ME-05
Montenegro,MNE,ME,東ヨーロッパ,Cetinje,Cetinje,ME-06
Montenegro,MNE,ME,東ヨーロッパ,Danilovgrad,Danilovgrad,ME-07
Montenegro,MNE,ME,東ヨーロッパ,Herceg-Novi,Herceg-Novi,ME-08
Montenegro,MNE,ME,東ヨーロッパ,Kolašin,Kolašin,ME-09
Montenegro,MNE,ME,東ヨーロッパ,Kotor,Kotor,ME-10
Montenegro,MNE,ME,東ヨーロッパ,Mojkovac,Mojkovac,ME-11
Montenegro,MNE,ME,東ヨーロッパ,Nikšić,Nikšić,ME-12
Montenegro,MNE,ME,東ヨーロッパ,Plav,Plav,ME-13
Montenegro,MNE,ME,東ヨーロッパ,Pljevlja,Pljevlja,ME-14
Montenegro,MNE,ME,東ヨーロッパ,Plužine,Plužine,ME-15
Montenegro,MNE,ME,東ヨーロッパ,Podgorica,Podgorica,ME-16
Montenegro,MNE,ME,東ヨーロッパ,Rožaje,Rožaje,ME-17
Montenegro,MNE,ME,東ヨーロッパ,Šavnik,Šavnik,ME-18
Montenegro,MNE,ME,東ヨーロッパ,Tivat,Tivat,ME-19
Montenegro,MNE,ME,東ヨーロッパ,Ulcinj,Ulcinj,ME-20
Montenegro,MNE,ME,東ヨーロッパ,Žabljak,Žabljak,ME-21
Montenegro,MNE,ME,東ヨーロッパ,Gusinje,Gusinje,ME-22
Montenegro,MNE,ME,東ヨーロッパ,Petnjica,Petnjica,ME-23
Montenegro,MNE,ME,東ヨーロッパ,Tuzi,Tuzi,ME-24
Montenegro,MNE,ME,東ヨーロッパ,Zeta,Zeta,ME-25
Madagascar,MDG,MG,インド洋地域,Toamasina,Toamasina,MG-A
Madagascar,MDG,MG,インド洋地域,Antsiranana,Antsiranana,MG-D
Madagascar,MDG,MG,インド洋地域,Fianarantsoa,Fianarantsoa,MG-F
Madagascar,MDG,MG,インド洋地域,Mahajanga,Mahajanga,MG-M
Madagascar,MDG,MG,インド洋地域,Antananarivo,Antananarivo,MG-T
Madagascar,MDG,MG,インド洋地域,Toliara,Toliara,MG-U
Marshall Islands,MHL,MH,オセアニア,Ailuk,Ailuk,MH-ALK
Marshall Islands,MHL,MH,オセアニア,Ailinglaplap,Ailinglaplap,MH-ALL
Marshall Islands,MHL,MH,オセアニア,Arno,Arno,MH-ARN
Marshall Islands,MHL,MH,オセアニア,Aur,Aur,MH-AUR
Marshall Islands,MHL,MH,オセアニア,Ebon,Ebon,MH-EBO
Marshall Islands,MHL,MH,オセアニア,Enewetak & Ujelang,Enewetak & Ujelang,MH-ENI
Marshall Islands,MHL,MH,オセアニア,Jabat,Jabat,MH-JAB
Marshall Islands,MHL,MH,オセアニア,Jaluit,Jaluit,MH-JAL
Marshall Islands,MHL,MH,オセアニア,Bikini & Kili,Bikini & Kili,MH-KIL
Marshall Islands,MHL,MH,オセアニア,Kwajalein,Kwajalein,MH-KWA
Marshall Islands,MHL,MH,オセアニア,Lae,Lae,MH-LAE
Marshall Islands,MHL,MH,オセアニア,Lib,Lib,MH-LIB
Marshall Islands,MHL,MH,オセアニア,Likiep,Likiep,MH-LIK
Marshall Islands,MHL,MH,オセアニア,Majuro,Majuro,MH-MAJ
Marshall Islands,MHL,MH,オセアニア,Maloelap,Maloelap,MH-MAL
Marshall Islands,MHL,MH,オセアニア,Mejit,Mejit,MH-MEJ
Marshall Islands,MHL,MH,オセアニア,Mili,Mili,MH-MIL
Marshall Islands,MHL,MH,オセアニア,Namdrik,Namdrik,MH-NMK
Marshall Islands,MHL,MH,オセアニア,Namu,Namu,MH-NMU
Marshall Islands,MHL,MH,オセアニア,Rongelap,Rongelap,MH-RON
Marshall Islands,MHL,MH,オセアニア,Ujae,Ujae,MH-UJA
Marshall Islands,MHL,MH,オセアニア,Utrik,Utrik,MH-UTI
Marshall Islands,MHL,MH,オセアニア,Wotho,Wotho,MH-WTH
Marshall Islands,MHL,MH,オセアニア,Wotje,Wotje,MH-WTJ
North Macedonia,MKD,MK,東ヨーロッパ,Veles,Veles,MK-101
North Macedonia,MKD,MK,東ヨーロッパ,Gradsko,Gradsko,MK-102
North Macedonia,MKD,MK,東ヨーロッパ,Demir Kapija,Demir Kapija,MK-103
North Macedonia,MKD,MK,東ヨーロッパ,Kavadarci,Kavadarci,MK-104
North Macedonia,MKD,MK,東ヨーロッパ,Lozovo,Lozovo,MK-105
North Macedonia,MKD,MK,東ヨーロッパ,Negotino,Negotino,MK-106
North Macedonia,MKD,MK,東ヨーロッパ,Rosoman,Rosoman,MK-107
North Macedonia,MKD,MK,東ヨーロッパ,Sveti Nikole,Sveti Nikole,MK-108
North Macedonia,MKD,MK,東ヨーロッパ,Čaška,Čaška,MK-109
North Macedonia,MKD,MK,東ヨーロッパ,Berovo,Berovo,MK-201
North Macedonia,MKD,MK,東ヨーロッパ,Vinica,Vinica,MK-202
North Macedonia,MKD,MK,東ヨーロッパ,Delčevo,Delčevo,MK-203
North Macedonia,MKD,MK,東ヨーロッパ,Zrnovci,Zrnovci,MK-204
North Macedonia,MKD,MK,東ヨーロッパ,Karbinci,Karbinci,MK-205
North Macedonia,MKD,MK,東ヨーロッパ,Kočani,Kočani,MK-206
North Macedonia,MKD,MK,東ヨーロッパ,Makedonska Kamenica,Makedonska Kamenica,MK-207
North Macedonia,MKD,MK,東ヨーロッパ,Pehčevo,Pehčevo,MK-208
North Macedonia,MKD,MK,東ヨーロッパ,Probištip,Probištip,MK-209
North Macedonia,MKD,MK,東ヨーロッパ,Češinovo-Obleševo,Češinovo-Obleševo,MK-210
North Macedonia,MKD,MK,東ヨーロッパ,Štip,Štip,MK-211
North Macedonia,MKD,MK,東ヨーロッパ,Vevčani,Vevčani,MK-301
North Macedonia,MKD,MK,東ヨーロッパ,Debar,Debar,MK-303
North Macedonia,MKD,MK,東ヨーロッパ,Debrca,Debrca,MK-304
North Macedonia,MKD,MK,東ヨーロッパ,Kičevo,Kičevo,MK-307
North Macedonia,MKD,MK,東ヨーロッパ,Makedonski Brod,Makedonski Brod,MK-308
North Macedonia,MKD,MK,東ヨーロッパ,Ohrid,Ohrid,MK-310
North Macedonia,MKD,MK,東ヨーロッパ,Plasnica,Plasnica,MK-311
North Macedonia,MKD,MK,東ヨーロッパ,Struga,Struga,MK-312
North Macedonia,MKD,MK,東ヨーロッパ,Centar Župa,Centar Župa,MK-313
North Macedonia,MKD,MK,東ヨーロッパ,Bogdanci,Bogdanci,MK-401
North Macedonia,MKD,MK,東ヨーロッパ,Bosilovo,Bosilovo,MK-402
North Macedonia,MKD,MK,東ヨーロッパ,Valandovo,Valandovo,MK-403
North Macedonia,MKD,MK,東ヨーロッパ,Vasilevo,Vasilevo,MK-404
North Macedonia,MKD,MK,東ヨーロッパ,Gevgelija,Gevgelija,MK-405
North Macedonia,MKD,MK,東ヨーロッパ,Dojran,Dojran,MK-406
North Macedonia,MKD,MK,東ヨーロッパ,Konče,Konče,MK-407
North Macedonia,MKD,MK,東ヨーロッパ,Novo Selo,Novo Selo,MK-408
North Macedonia,MKD,MK,東ヨーロッパ,Radoviš,Radoviš,MK-409
North Macedonia,MKD,MK,東ヨーロッパ,Strumica,Strumica,MK-410
North Macedonia,MKD,MK,東ヨーロッパ,Bitola,Bitola,MK-501
North Macedonia,MKD,MK,東ヨーロッパ,Demir Hisar,Demir Hisar,MK-502
North Macedonia,MKD,MK,東ヨーロッパ,Dolneni,Dolneni,MK-503
North Macedonia,MKD,MK,東ヨーロッパ,Krivogaštani,Krivogaštani,MK-504
North Macedonia,MKD,MK,東ヨーロッパ,Kruševo,Kruševo,MK-505
North Macedonia,MKD,MK,東ヨーロッパ,Mogila,Mogila,MK-506
North Macedonia,MKD,MK,東ヨーロッパ,Novaci,Novaci,MK-507
North Macedonia,MKD,MK,東ヨーロッパ,Prilep,Prilep,MK-508
North Macedonia,MKD,MK,東ヨーロッパ,Resen,Resen,MK-509
North Macedonia,MKD,MK,東ヨーロッパ,Bogovinje,Bogovinje,MK-601
North Macedonia,MKD,MK,東ヨーロッパ,Brvenica,Brvenica,MK-602
North Macedonia,MKD,MK,東ヨーロッパ,Vrapčište,Vrapčište,MK-603
North Macedonia,MKD,MK,東ヨーロッパ,Gostivar,Gostivar,MK-604
North Macedonia,MKD,MK,東ヨーロッパ,Želino,Želino,MK-605
North Macedonia,MKD,MK,東ヨーロッパ,Jegunovce,Jegunovce,MK-606
North Macedonia,MKD,MK,東ヨーロッパ,Mavrovo i Rostuše,Mavrovo i Rostuše,MK-607
North Macedonia,MKD,MK,東ヨーロッパ,Tearce,Tearce,MK-608
North Macedonia,MKD,MK,東ヨーロッパ,Tetovo,Tetovo,MK-609
North Macedonia,MKD,MK,東ヨーロッパ,Kratovo,Kratovo,MK-701
North Macedonia,MKD,MK,東ヨーロッパ,Kriva Palanka,Kriva Palanka,MK-702
North Macedonia,MKD,MK,東ヨーロッパ,Kumanovo,Kumanovo,MK-703
North Macedonia,MKD,MK,東ヨーロッパ,Lipkovo,Lipkovo,MK-704
North Macedonia,MKD,MK,東ヨーロッパ,Rankovce,Rankovce,MK-705
North Macedonia,MKD,MK,東ヨーロッパ,Staro Nagoričane,Staro Nagoričane,MK-706
North Macedonia,MKD,MK,東ヨーロッパ,Aerodrom,Aerodrom,MK-801
North Macedonia,MKD,MK,東ヨーロッパ,Aračinovo,Aračinovo,MK-802
North Macedonia,MKD,MK,東ヨーロッパ,Butel,Butel,MK-803
North Macedonia,MKD,MK,東ヨーロッパ,Gazi Baba,Gazi Baba,MK-804
North Macedonia,MKD,MK,東ヨーロッパ,Gjorče Petrov,Gjorče Petrov,MK-805
North Macedonia,MKD,MK,東ヨーロッパ,Zelenikovo,Zelenikovo,MK-806
North Macedonia,MKD,MK,東ヨーロッパ,Ilinden,Ilinden,MK-807
North Macedonia,MKD,MK,東ヨーロッパ,Karpoš,Karpoš,MK-808
North Macedonia,MKD,MK,東ヨーロッパ,Kisela Voda,Kisela Voda,MK-809
North Macedonia,MKD,MK,東ヨーロッパ,Petrovec,Petrovec,MK-810
North Macedonia,MKD,MK,東ヨーロッパ,Saraj,Saraj,MK-811
North Macedonia,MKD,MK,東ヨーロッパ,Sopište,Sopište,MK-812
North Macedonia,MKD,MK,東ヨーロッパ,Studeničani,Studeničani,MK-813
North Macedonia,MKD,MK,東ヨーロッパ,Centar,Centar,MK-814
North Macedonia,MKD,MK,東ヨーロッパ,Čair,Čair,MK-815
North Macedonia,MKD,MK,東ヨーロッパ,Čučer-Sandevo,Čučer-Sandevo,MK-816
North Macedonia,MKD,MK,東ヨーロッパ,Šuto Orizari,Šuto Orizari,MK-817
Mali,MLI,ML,西アフリカ,Kayes,Kayes,ML-1
Mali,MLI,ML,西アフリカ,"Taoudénit(local variants are Taoudenni, Taoudéni)","Taoudénit(local variants are Taoudenni, Taoudéni)",ML-10
Mali,MLI,ML,西アフリカ,Koulikoro,Koulikoro,ML-2
Mali,MLI,ML,西アフリカ,Sikasso,Sikasso,ML-3
Mali,MLI,ML,西アフリカ,Ségou,Ségou,ML-4
Mali,MLI,ML,西アフリカ,Mopti,Mopti,ML-5
Mali,MLI,ML,西アフリカ,Tombouctou,Tombouctou,ML-6
Mali,MLI,ML,西アフリカ,Gao,Gao,ML-7
Mali,MLI,ML,西アフリカ,Kidal,Kidal,ML-8
Mali,MLI,ML,西アフリカ,Ménaka,Ménaka,ML-9
Mali,MLI,ML,西アフリカ,Bamako,Bamako,ML-BKO
Myanmar,MMR,MM,東南アジア,Sagaing,Sagaing,MM-01
Myanmar,MMR,MM,東南アジア,Bago,Bago,MM-02
Myanmar,MMR,MM,東南アジア,Magway,Magway,MM-03
Myanmar,MMR,MM,東南アジア,Mandalay,Mandalay,MM-04
Myanmar,MMR,MM,東南アジア,Tanintharyi,Tanintharyi,MM-05
Myanmar,MMR,MM,東南アジア,Yangon,Yangon,MM-06
Myanmar,MMR,MM,東南アジア,Ayeyarwady,Ayeyarwady,MM-07
Myanmar,MMR,MM,東南アジア,Kachin,Kachin,MM-11
Myanmar,MMR,MM,東南アジア,Kayah,Kayah,MM-12
Myanmar,MMR,MM,東南アジア,Kayin,Kayin,MM-13
Myanmar,MMR,MM,東南アジア,Chin,Chin,MM-14
Myanmar,MMR,MM,東南アジア,Mon,Mon,MM-15
Myanmar,MMR,MM,東南アジア,Rakhine,Rakhine,MM-16
Myanmar,MMR,MM,東南アジア,Shan,Shan,MM-17
Myanmar,MMR,MM,東南アジア,Nay Pyi Taw,Nay Pyi Taw,MM-18
Mongolia,MNG,MN,東アジア,Orhon,Orhon,MN-035
Mongolia,MNG,MN,東アジア,Darhan uul,Darhan uul,MN-037
Mongolia,MNG,MN,東アジア,Hentiy,Hentiy,MN-039
Mongolia,MNG,MN,東アジア,Hövsgöl,Hövsgöl,MN-041
Mongolia,MNG,MN,東アジア,Hovd,Hovd,MN-043
Mongolia,MNG,MN,東アジア,Uvs,Uvs,MN-046
Mongolia,MNG,MN,東アジア,Töv,Töv,MN-047
Mongolia,MNG,MN,東アジア,Selenge,Selenge,MN-049
Mongolia,MNG,MN,東アジア,Sühbaatar,Sühbaatar,MN-051
Mongolia,MNG,MN,東アジア,Ömnögovĭ,Ömnögovĭ,MN-053
Mongolia,MNG,MN,東アジア,Övörhangay,Övörhangay,MN-055
Mongolia,MNG,MN,東アジア,Dzavhan,Dzavhan,MN-057
Mongolia,MNG,MN,東アジア,Dundgovĭ,Dundgovĭ,MN-059
Mongolia,MNG,MN,東アジア,Dornod,Dornod,MN-061
Mongolia,MNG,MN,東アジア,Dornogovĭ,Dornogovĭ,MN-063
Mongolia,MNG,MN,東アジア,Govĭ-Sümber,Govĭ-Sümber,MN-064
Mongolia,MNG,MN,東アジア,Govĭ-Altay,Govĭ-Altay,MN-065
Mongolia,MNG,MN,東アジア,Bulgan,Bulgan,MN-067
Mongolia,MNG,MN,東アジア,Bayanhongor,Bayanhongor,MN-069
Mongolia,MNG,MN,東アジア,Bayan-Ölgiy,Bayan-Ölgiy,MN-071
Mongolia,MNG,MN,東アジア,Arhangay,Arhangay,MN-073
Mongolia,MNG,MN,東アジア,Ulaanbaatar,Ulaanbaatar,MN-1
Mauritania,MRT,MR,西アフリカ,Eastern Basin,Hodh ech Chargui,MR-01
Mauritania,MRT,MR,西アフリカ,Western Basin,Hodh el Gharbi,MR-02
Mauritania,MRT,MR,西アフリカ,Assaba,Assaba,MR-03
Mauritania,MRT,MR,西アフリカ,Gorgol,Gorgol,MR-04
Mauritania,MRT,MR,西アフリカ,Brakna,Brakna,MR-05
Mauritania,MRT,MR,西アフリカ,Trarza,Trarza,MR-06
Mauritania,MRT,MR,西アフリカ,Adrar,Adrar,MR-07
Mauritania,MRT,MR,西アフリカ,Nouadhibou Peninsula,Dakhlet Nouâdhibou,MR-08
Mauritania,MRT,MR,西アフリカ,Tagant,Tagant,MR-09
Mauritania,MRT,MR,西アフリカ,Guidimaka,Guidimaka,MR-10
Mauritania,MRT,MR,西アフリカ,Tiris Zemmour,Tiris Zemmour,MR-11
Mauritania,MRT,MR,西アフリカ,Inchiri,Inchiri,MR-12
Mauritania,MRT,MR,西アフリカ,West Nouakchott,Nuwākshūţ al Gharbīyah,MR-13
Mauritania,MRT,MR,西アフリカ,North Nouakchott,Nuwākshūţ ash Shamālīyah,MR-14
Mauritania,MRT,MR,西アフリカ,South Nouakchott,Nuwākshūţ al Janūbīyah,MR-15
Malta,MLT,MT,地中海地域,Attard,Attard,MT-01
Malta,MLT,MT,地中海地域,Balzan,Balzan,MT-02
Malta,MLT,MT,地中海地域,Birgu,Birgu,MT-03
Malta,MLT,MT,地中海地域,Birkirkara,Birkirkara,MT-04
Malta,MLT,MT,地中海地域,Birżebbuġa,Birżebbuġa,MT-05
Malta,MLT,MT,地中海地域,Bormla,Bormla,MT-06
Malta,MLT,MT,地中海地域,Dingli,Dingli,MT-07
Malta,MLT,MT,地中海地域,Fgura,Fgura,MT-08
Malta,MLT,MT,地中海地域,Floriana,Floriana,MT-09
Malta,MLT,MT,地中海地域,Fontana,Fontana,MT-10
Malta,MLT,MT,地中海地域,Gudja,Gudja,MT-11
Malta,MLT,MT,地中海地域,Gżira,Gżira,MT-12
Malta,MLT,MT,地中海地域,Għajnsielem,Għajnsielem,MT-13
Malta,MLT,MT,地中海地域,Għarb,Għarb,MT-14
Malta,MLT,MT,地中海地域,Għargħur,Għargħur,MT-15
Malta,MLT,MT,地中海地域,Għasri,Għasri,MT-16
Malta,MLT,MT,地中海地域,Għaxaq,Għaxaq,MT-17
Malta,MLT,MT,地中海地域,Ħamrun,Ħamrun,MT-18
Malta,MLT,MT,地中海地域,Iklin,Iklin,MT-19
Malta,MLT,MT,地中海地域,Isla,Isla,MT-20
Malta,MLT,MT,地中海地域,Kalkara,Kalkara,MT-21
Malta,MLT,MT,地中海地域,Kerċem,Kerċem,MT-22
Malta,MLT,MT,地中海地域,Kirkop,Kirkop,MT-23
Malta,MLT,MT,地中海地域,Lija,Lija,MT-24
Malta,MLT,MT,地中海地域,Luqa,Luqa,MT-25
Malta,MLT,MT,地中海地域,Marsa,Marsa,MT-26
Malta,MLT,MT,地中海地域,Marsaskala,Marsaskala,MT-27
Malta,MLT,MT,地中海地域,Marsaxlokk,Marsaxlokk,MT-28
Malta,MLT,MT,地中海地域,Mdina,Mdina,MT-29
Malta,MLT,MT,地中海地域,Mellieħa,Mellieħa,MT-30
Malta,MLT,MT,地中海地域,Mġarr,Mġarr,MT-31
Malta,MLT,MT,地中海地域,Mosta,Mosta,MT-32
Malta,MLT,MT,地中海地域,Mqabba,Mqabba,MT-33
Malta,MLT,MT,地中海地域,Msida,Msida,MT-34
Malta,MLT,MT,地中海地域,Mtarfa,Mtarfa,MT-35
Malta,MLT,MT,地中海地域,Munxar,Munxar,MT-36
Malta,MLT,MT,地中海地域,Nadur,Nadur,MT-37
Malta,MLT,MT,地中海地域,Naxxar,Naxxar,MT-38
Malta,MLT,MT,地中海地域,Paola,Paola,MT-39
Malta,MLT,MT,地中海地域,Pembroke,Pembroke,MT-40
Malta,MLT,MT,地中海地域,Pietà,Pietà,MT-41
Malta,MLT,MT,地中海地域,Qala,Qala,MT-42
Malta,MLT,MT,地中海地域,Qormi,Qormi,MT-43
Malta,MLT,MT,地中海地域,Qrendi,Qrendi,MT-44
Malta,MLT,MT,地中海地域,Rabat Gozo,Rabat Għawdex,MT-45
Malta,MLT,MT,地中海地域,Rabat Malta,Rabat Malta,MT-46
Malta,MLT,MT,地中海地域,Safi,Safi,MT-47
Malta,MLT,MT,地中海地域,Saint Julian's,San Ġiljan,MT-48
Malta,MLT,MT,地中海地域,Saint John,San Ġwann,MT-49
Malta,MLT,MT,地中海地域,Saint Lawrence,San Lawrenz,MT-50
Malta,MLT,MT,地中海地域,Saint Paul's Bay,San Pawl il-Baħar,MT-51
Malta,MLT,MT,地中海地域,Sannat,Sannat,MT-52
Malta,MLT,MT,地中海地域,Saint Lucia's,Santa Luċija,MT-53
Malta,MLT,MT,地中海地域,Santa Venera,Santa Venera,MT-54
Malta,MLT,MT,地中海地域,Siġġiewi,Siġġiewi,MT-55
Malta,MLT,MT,地中海地域,Sliema,Sliema,MT-56
Malta,MLT,MT,地中海地域,Swieqi,Swieqi,MT-57
Malta,MLT,MT,地中海地域,Ta' Xbiex,Ta' Xbiex,MT-58
Malta,MLT,MT,地中海地域,Tarxien,Tarxien,MT-59
Malta,MLT,MT,地中海地域,Valletta,Valletta,MT-60
Malta,MLT,MT,地中海地域,Xagħra,Xagħra,MT-61
Malta,MLT,MT,地中海地域,Xewkija,Xewkija,MT-62
Malta,MLT,MT,地中海地域,Xgħajra,Xgħajra,MT-63
Malta,MLT,MT,地中海地域,Żabbar,Żabbar,MT-64
Malta,MLT,MT,地中海地域,Żebbuġ Gozo,Żebbuġ Għawdex,MT-65
Malta,MLT,MT,地中海地域,Żebbuġ Malta,Żebbuġ Malta,MT-66
Malta,MLT,MT,地中海地域,Żejtun,Żejtun,MT-67
Malta,MLT,MT,地中海地域,Żurrieq,Żurrieq,MT-68
Mauritius,MUS,MU,南アフリカ,Agalega Islands,Agalega Islands,MU-AG
Mauritius,MUS,MU,南アフリカ,Black River,Black River,MU-BL
Mauritius,MUS,MU,南アフリカ,Cargados Carajos Shoals(local variant: Saint Brandon Islands),Cargados Carajos Shoals(local variant: Saint Brandon Islands),MU-CC
Mauritius,MUS,MU,南アフリカ,Flacq,Flacq,MU-FL
Mauritius,MUS,MU,南アフリカ,Grand Port,Grand Port,MU-GP
Mauritius,MUS,MU,南アフリカ,Moka,Moka,MU-MO
Mauritius,MUS,MU,南アフリカ,Pamplemousses,Pamplemousses,MU-PA
Mauritius,MUS,MU,南アフリカ,Port Louis,Port Louis,MU-PL
Mauritius,MUS,MU,南アフリカ,Plaines Wilhems,Plaines Wilhems,MU-PW
Mauritius,MUS,MU,南アフリカ,Rodrigues Island,Rodrigues Island,MU-RO
Mauritius,MUS,MU,南アフリカ,Rivière du Rempart,Rivière du Rempart,MU-RR
Mauritius,MUS,MU,南アフリカ,Savanne,Savanne,MU-SA
Maldives,MDV,MV,インド洋地域,South Ari Atoll,Ariatholhu Dhekunuburi,MV-00
Maldives,MDV,MV,インド洋地域,Addu City,Addu,MV-01
Maldives,MDV,MV,インド洋地域,North Ari Atoll,Ariatholhu Uthuruburi,MV-02
Maldives,MDV,MV,インド洋地域,Faadhippolhu,Faadhippolhu,MV-03
Maldives,MDV,MV,インド洋地域,Felidhu Atoll,Felidheatholhu,MV-04
Maldives,MDV,MV,インド洋地域,Hahdhunmathi,Hahdhunmathi,MV-05
Maldives,MDV,MV,インド洋地域,North Thiladhunmathi,Thiladhunmathee Uthuruburi,MV-07
Maldives,MDV,MV,インド洋地域,Kolhumadulu,Kolhumadulu,MV-08
Maldives,MDV,MV,インド洋地域,Mulaku Atoll,Mulakatholhu,MV-12
Maldives,MDV,MV,インド洋地域,North Maalhosmadulu,Maalhosmadulu Uthuruburi,MV-13
Maldives,MDV,MV,インド洋地域,North Nilandhe Atoll,Nilandheatholhu Uthuruburi,MV-14
Maldives,MDV,MV,インド洋地域,South Nilandhe Atoll,Nilandheatholhu Dhekunuburi,MV-17
Maldives,MDV,MV,インド洋地域,South Maalhosmadulu,Maalhosmadulu Dhekunuburi,MV-20
Maldives,MDV,MV,インド洋地域,South Thiladhunmathi,Thiladhunmathee Dhekunuburi,MV-23
Maldives,MDV,MV,インド洋地域,North Miladhunmadulu,Miladhunmadulu Uthuruburi,MV-24
Maldives,MDV,MV,インド洋地域,South Miladhunmadulu,Miladhunmadulu Dhekunuburi,MV-25
Maldives,MDV,MV,インド洋地域,Male Atoll,Maaleatholhu,MV-26
Maldives,MDV,MV,インド洋地域,North Huvadhu Atoll,Huvadhuatholhu Uthuruburi,MV-27
Maldives,MDV,MV,インド洋地域,South Huvadhu Atoll,Huvadhuatholhu Dhekunuburi,MV-28
Maldives,MDV,MV,インド洋地域,Fuvammulah,Fuvammulah,MV-29
Maldives,MDV,MV,インド洋地域,Male,Maale,MV-MLE
Malawi,MWI,MW,南アフリカ,Balaka,Balaka,MW-BA
Malawi,MWI,MW,南アフリカ,Blantyre,Blantyre,MW-BL
Malawi,MWI,MW,南アフリカ,Chikwawa,Chikwawa,MW-CK
Malawi,MWI,MW,南アフリカ,Chiradzulu,Chiradzulu,MW-CR
Malawi,MWI,MW,南アフリカ,Chitipa,Chitipa,MW-CT
Malawi,MWI,MW,南アフリカ,Dedza,Dedza,MW-DE
Malawi,MWI,MW,南アフリカ,Dowa,Dowa,MW-DO
Malawi,MWI,MW,南アフリカ,Karonga,Karonga,MW-KR
Malawi,MWI,MW,南アフリカ,Kasungu,Kasungu,MW-KS
Malawi,MWI,MW,南アフリカ,Lilongwe,Lilongwe,MW-LI
Malawi,MWI,MW,南アフリカ,Likoma,Likoma,MW-LK
Malawi,MWI,MW,南アフリカ,Mchinji,Mchinji,MW-MC
Malawi,MWI,MW,南アフリカ,Mangochi,Mangochi,MW-MG
Malawi,MWI,MW,南アフリカ,Machinga,Machinga,MW-MH
Malawi,MWI,MW,南アフリカ,Mulanje,Mulanje,MW-MU
Malawi,MWI,MW,南アフリカ,Mwanza,Mwanza,MW-MW
Malawi,MWI,MW,南アフリカ,Mzimba,Mzimba,MW-MZ
Malawi,MWI,MW,南アフリカ,Nkhata Bay,Nkhata Bay,MW-NB
Malawi,MWI,MW,南アフリカ,Neno,Neno,MW-NE
Malawi,MWI,MW,南アフリカ,Ntchisi,Ntchisi,MW-NI
Malawi,MWI,MW,南アフリカ,Nkhotakota,Nkhotakota,MW-NK
Malawi,MWI,MW,南アフリカ,Nsanje,Nsanje,MW-NS
Malawi,MWI,MW,南アフリカ,Ntcheu,Ntcheu,MW-NU
Malawi,MWI,MW,南アフリカ,Phalombe,Phalombe,MW-PH
Malawi,MWI,MW,南アフリカ,Rumphi,Rumphi,MW-RU
Malawi,MWI,MW,南アフリカ,Salima,Salima,MW-SA
Malawi,MWI,MW,南アフリカ,Thyolo,Thyolo,MW-TH
Malawi,MWI,MW,南アフリカ,Zomba,Zomba,MW-ZO
Mexico,MEX,MX,中央アメリカ,Aguascalientes,Aguascalientes,MX-AGU
Mexico,MEX,MX,中央アメリカ,Baja California,Baja California,MX-BCN
Mexico,MEX,MX,中央アメリカ,Baja California Sur,Baja California Sur,MX-BCS
Mexico,MEX,MX,中央アメリカ,Campeche,Campeche,MX-CAM
Mexico,MEX,MX,中央アメリカ,Chihuahua,Chihuahua,MX-CHH
Mexico,MEX,MX,中央アメリカ,Chiapas,Chiapas,MX-CHP
Mexico,MEX,MX,中央アメリカ,Ciudad de México,Ciudad de México,MX-CMX
Mexico,MEX,MX,中央アメリカ,Coahuila de Zaragoza,Coahuila de Zaragoza,MX-COA
Mexico,MEX,MX,中央アメリカ,Colima,Colima,MX-COL
Mexico,MEX,MX,中央アメリカ,Durango,Durango,MX-DUR
Mexico,MEX,MX,中央アメリカ,Guerrero,Guerrero,MX-GRO
Mexico,MEX,MX,中央アメリカ,Guanajuato,Guanajuato,MX-GUA
Mexico,MEX,MX,中央アメリカ,Hidalgo,Hidalgo,MX-HID
Mexico,MEX,MX,中央アメリカ,Jalisco,Jalisco,MX-JAL
Mexico,MEX,MX,中央アメリカ,México,México,MX-MEX
Mexico,MEX,MX,中央アメリカ,Michoacán de Ocampo,Michoacán de Ocampo,MX-MIC
Mexico,MEX,MX,中央アメリカ,Morelos,Morelos,MX-MOR
Mexico,MEX,MX,中央アメリカ,Nayarit,Nayarit,MX-NAY
Mexico,MEX,MX,中央アメリカ,Nuevo León,Nuevo León,MX-NLE
Mexico,MEX,MX,中央アメリカ,Oaxaca,Oaxaca,MX-OAX
Mexico,MEX,MX,中央アメリカ,Puebla,Puebla,MX-PUE
Mexico,MEX,MX,中央アメリカ,Querétaro,Querétaro,MX-QUE
Mexico,MEX,MX,中央アメリカ,Quintana Roo,Quintana Roo,MX-ROO
Mexico,MEX,MX,中央アメリカ,Sinaloa,Sinaloa,MX-SIN
Mexico,MEX,MX,中央アメリカ,San Luis Potosí,San Luis Potosí,MX-SLP
Mexico,MEX,MX,中央アメリカ,Sonora,Sonora,MX-SON
Mexico,MEX,MX,中央アメリカ,Tabasco,Tabasco,MX-TAB
Mexico,MEX,MX,中央アメリカ,Tamaulipas,Tamaulipas,MX-TAM
Mexico,MEX,MX,中央アメリカ,Tlaxcala,Tlaxcala,MX-TLA
Mexico,MEX,MX,中央アメリカ,Veracruz de Ignacio de la Llave,Veracruz de Ignacio de la Llave,MX-VER
Mexico,MEX,MX,中央アメリカ,Yucatán,Yucatán,MX-YUC
Mexico,MEX,MX,中央アメリカ,Zacatecas,Zacatecas,MX-ZAC
Malaysia,MYS,MY,東南アジア,Johor,Johor,MY-01
Malaysia,MYS,MY,東南アジア,Kedah,Kedah,MY-02
Malaysia,MYS,MY,東南アジア,Kelantan,Kelantan,MY-03
Malaysia,MYS,MY,東南アジア,Melaka,Melaka,MY-04
Malaysia,MYS,MY,東南アジア,Negeri Sembilan,Negeri Sembilan,MY-05
Malaysia,MYS,MY,東南アジア,Pahang,Pahang,MY-06
Malaysia,MYS,MY,東南アジア,Pulau Pinang,Pulau Pinang,MY-07
Malaysia,MYS,MY,東南アジア,Perak,Perak,MY-08
Malaysia,MYS,MY,東南アジア,Perlis,Perlis,MY-09
Malaysia,MYS,MY,東南アジア,Selangor,Selangor,MY-10
Malaysia,MYS,MY,東南アジア,Terengganu,Terengganu,MY-11
Malaysia,MYS,MY,東南アジア,Sabah,Sabah,MY-12
Malaysia,MYS,MY,東南アジア,Sarawak,Sarawak,MY-13
Malaysia,MYS,MY,東南アジア,Wilayah Persekutuan Kuala Lumpur,Wilayah Persekutuan Kuala Lumpur,MY-14
Malaysia,MYS,MY,東南アジア,Wilayah Persekutuan Labuan,Wilayah Persekutuan Labuan,MY-15
Malaysia,MYS,MY,東南アジア,Wilayah Persekutuan Putrajaya,Wilayah Persekutuan Putrajaya,MY-16
Mozambique,MOZ,MZ,南アフリカ,Niassa,Niassa,MZ-A
Mozambique,MOZ,MZ,南アフリカ,Manica,Manica,MZ-B
Mozambique,MOZ,MZ,南アフリカ,Gaza,Gaza,MZ-G
Mozambique,MOZ,MZ,南アフリカ,Inhambane,Inhambane,MZ-I
Mozambique,MOZ,MZ,南アフリカ,Maputo,Maputo,MZ-L
Mozambique,MOZ,MZ,南アフリカ,Maputo,Maputo,MZ-MPM
Mozambique,MOZ,MZ,南アフリカ,Nampula,Nampula,MZ-N
Mozambique,MOZ,MZ,南アフリカ,Cabo Delgado,Cabo Delgado,MZ-P
Mozambique,MOZ,MZ,南アフリカ,Zambézia,Zambézia,MZ-Q
Mozambique,MOZ,MZ,南アフリカ,Sofala,Sofala,MZ-S
Mozambique,MOZ,MZ,南アフリカ,Tete,Tete,MZ-T
Namibia,NAM,NA,南アフリカ,Zambezi,Zambezi,NA-CA
Namibia,NAM,NA,南アフリカ,Erongo,Erongo,NA-ER
Namibia,NAM,NA,南アフリカ,Hardap,Hardap,NA-HA
Namibia,NAM,NA,南アフリカ,//Karas,//Karas,NA-KA
Namibia,NAM,NA,南アフリカ,Kavango East,Kavango East,NA-KE
Namibia,NAM,NA,南アフリカ,Khomas,Khomas,NA-KH
Namibia,NAM,NA,南アフリカ,Kunene,Kunene,NA-KU
Namibia,NAM,NA,南アフリカ,Kavango West,Kavango West,NA-KW
Namibia,NAM,NA,南アフリカ,Otjozondjupa,Otjozondjupa,NA-OD
Namibia,NAM,NA,南アフリカ,Omaheke,Omaheke,NA-OH
Namibia,NAM,NA,南アフリカ,Oshana,Oshana,NA-ON
Namibia,NAM,NA,南アフリカ,Omusati,Omusati,NA-OS
Namibia,NAM,NA,南アフリカ,Oshikoto,Oshikoto,NA-OT
Namibia,NAM,NA,南アフリカ,Ohangwena,Ohangwena,NA-OW
Niger,NER,NE,中央アフリカ,Agadez,Agadez,NE-1
Niger,NER,NE,中央アフリカ,Diffa,Diffa,NE-2
Niger,NER,NE,中央アフリカ,Dosso,Dosso,NE-3
Niger,NER,NE,中央アフリカ,Maradi,Maradi,NE-4
Niger,NER,NE,中央アフリカ,Tahoua,Tahoua,NE-5
Niger,NER,NE,中央アフリカ,Tillabéri,Tillabéri,NE-6
Niger,NER,NE,中央アフリカ,Zinder,Zinder,NE-7
Niger,NER,NE,中央アフリカ,Niamey,Niamey,NE-8
Nigeria,NGA,NG,中央アフリカ,Abia,Abia,NG-AB
Nigeria,NGA,NG,中央アフリカ,Adamawa,Adamawa,NG-AD
Nigeria,NGA,NG,中央アフリカ,Akwa Ibom,Akwa Ibom,NG-AK
Nigeria,NGA,NG,中央アフリカ,Anambra,Anambra,NG-AN
Nigeria,NGA,NG,中央アフリカ,Bauchi,Bauchi,NG-BA
Nigeria,NGA,NG,中央アフリカ,Benue,Benue,NG-BE
Nigeria,NGA,NG,中央アフリカ,Borno,Borno,NG-BO
Nigeria,NGA,NG,中央アフリカ,Bayelsa,Bayelsa,NG-BY
Nigeria,NGA,NG,中央アフリカ,Cross River,Cross River,NG-CR
Nigeria,NGA,NG,中央アフリカ,Delta,Delta,NG-DE
Nigeria,NGA,NG,中央アフリカ,Ebonyi,Ebonyi,NG-EB
Nigeria,NGA,NG,中央アフリカ,Edo,Edo,NG-ED
Nigeria,NGA,NG,中央アフリカ,Ekiti,Ekiti,NG-EK
Nigeria,NGA,NG,中央アフリカ,Enugu,Enugu,NG-EN
Nigeria,NGA,NG,中央アフリカ,Abuja Federal Capital Territory,Abuja Federal Capital Territory,NG-FC
Nigeria,NGA,NG,中央アフリカ,Gombe,Gombe,NG-GO
Nigeria,NGA,NG,中央アフリカ,Imo,Imo,NG-IM
Nigeria,NGA,NG,中央アフリカ,Jigawa,Jigawa,NG-JI
Nigeria,NGA,NG,中央アフリカ,Kaduna,Kaduna,NG-KD
Nigeria,NGA,NG,中央アフリカ,Kebbi,Kebbi,NG-KE
Nigeria,NGA,NG,中央アフリカ,Kano,Kano,NG-KN
Nigeria,NGA,NG,中央アフリカ,Kogi,Kogi,NG-KO
Nigeria,NGA,NG,中央アフリカ,Katsina,Katsina,NG-KT
Nigeria,NGA,NG,中央アフリカ,Kwara,Kwara,NG-KW
Nigeria,NGA,NG,中央アフリカ,Lagos,Lagos,NG-LA
Nigeria,NGA,NG,中央アフリカ,Nasarawa,Nasarawa,NG-NA
Nigeria,NGA,NG,中央アフリカ,Niger,Niger,NG-NI
Nigeria,NGA,NG,中央アフリカ,Ogun,Ogun,NG-OG
Nigeria,NGA,NG,中央アフリカ,Ondo,Ondo,NG-ON
Nigeria,NGA,NG,中央アフリカ,Osun,Osun,NG-OS
Nigeria,NGA,NG,中央アフリカ,Oyo,Oyo,NG-OY
Nigeria,NGA,NG,中央アフリカ,Plateau,Plateau,NG-PL
Nigeria,NGA,NG,中央アフリカ,Rivers,Rivers,NG-RI
Nigeria,NGA,NG,中央アフリカ,Sokoto,Sokoto,NG-SO
Nigeria,NGA,NG,中央アフリカ,Taraba,Taraba,NG-TA
Nigeria,NGA,NG,中央アフリカ,Yobe,Yobe,NG-YO
Nigeria,NGA,NG,中央アフリカ,Zamfara,Zamfara,NG-ZA
Nicaragua,NIC,NI,中央アメリカ,North Caribbean Coast,Costa Caribe Norte,NI-AN
Nicaragua,NIC,NI,中央アメリカ,South Caribbean Coast,Costa Caribe Sur,NI-AS
Nicaragua,NIC,NI,中央アメリカ,Boaco,Boaco,NI-BO
Nicaragua,NIC,NI,中央アメリカ,Carazo,Carazo,NI-CA
Nicaragua,NIC,NI,中央アメリカ,Chinandega,Chinandega,NI-CI
Nicaragua,NIC,NI,中央アメリカ,Chontales,Chontales,NI-CO
Nicaragua,NIC,NI,中央アメリカ,Estelí,Estelí,NI-ES
Nicaragua,NIC,NI,中央アメリカ,Granada,Granada,NI-GR
Nicaragua,NIC,NI,中央アメリカ,Jinotega,Jinotega,NI-JI
Nicaragua,NIC,NI,中央アメリカ,León,León,NI-LE
Nicaragua,NIC,NI,中央アメリカ,Madriz,Madriz,NI-MD
Nicaragua,NIC,NI,中央アメリカ,Managua,Managua,NI-MN
Nicaragua,NIC,NI,中央アメリカ,Masaya,Masaya,NI-MS
Nicaragua,NIC,NI,中央アメリカ,Matagalpa,Matagalpa,NI-MT
Nicaragua,NIC,NI,中央アメリカ,New Segovia,Nueva Segovia,NI-NS
Nicaragua,NIC,NI,中央アメリカ,Rivas,Rivas,NI-RI
Nicaragua,NIC,NI,中央アメリカ,Saint John River,Río San Juan,NI-SJ
Netherlands,NLD,NL,西ヨーロッパ,Drenthe,Drenthe,NL-DR
Netherlands,NLD,NL,西ヨーロッパ,Flevoland,Flevoland,NL-FL
Netherlands,NLD,NL,西ヨーロッパ,Friesland,Fryslân (fy),NL-FR
Netherlands,NLD,NL,西ヨーロッパ,Gelderland,Gelderland,NL-GE
Netherlands,NLD,NL,西ヨーロッパ,Groningen,Groningen,NL-GR
Netherlands,NLD,NL,西ヨーロッパ,Limburg,Limburg,NL-LI
Netherlands,NLD,NL,西ヨーロッパ,North Brabant,Noord-Brabant,NL-NB
Netherlands,NLD,NL,西ヨーロッパ,North Holland,Noord-Holland,NL-NH
Netherlands,NLD,NL,西ヨーロッパ,Overijssel,Overijssel,NL-OV
Netherlands,NLD,NL,西ヨーロッパ,Utrecht,Utrecht,NL-UT
Netherlands,NLD,NL,西ヨーロッパ,Zeeland,Zeeland,NL-ZE
Netherlands,NLD,NL,西ヨーロッパ,South Holland,Zuid-Holland,NL-ZH
Norway,NOR,NO,北ヨーロッパ,Oslo,Oslo,NO-03
Norway,NOR,NO,北ヨーロッパ,Rogaland,Rogaland,NO-11
Norway,NOR,NO,北ヨーロッパ,More and Romsdal,Møre og Romsdal,NO-15
Norway,NOR,NO,北ヨーロッパ,Northland,Nordland,NO-18
Norway,NOR,NO,北ヨーロッパ,Svalbard,Svalbard,NO-21
Norway,NOR,NO,北ヨーロッパ,Jan Mayen,Jan Mayen,NO-22
Norway,NOR,NO,北ヨーロッパ,Viken,Viken,NO-30
Norway,NOR,NO,北ヨーロッパ,Inland,Innlandet,NO-34
Norway,NOR,NO,北ヨーロッパ,Vestfold and Telemark,Vestfold og Telemark,NO-38
Norway,NOR,NO,北ヨーロッパ,Agder,Agder,NO-42
Norway,NOR,NO,北ヨーロッパ,Westland,Vestland,NO-46
Norway,NOR,NO,北ヨーロッパ,Trondelag,TrøndelagTrööndelage (sma),NO-50
Norway,NOR,NO,北ヨーロッパ,Troms and Finnmark,Troms og FinnmarkRomsa ja Finnmárku (se)Tromssan ja Finmarkun (fkv),NO-54
Nepal,NPL,NP,南アジア,कोशी,Pradesh 1,NP-P1
Nepal,NPL,NP,南アジア,मधेश,Pradesh 2,NP-P2
Nepal,NPL,NP,南アジア,बागमती,Pradesh 3,NP-P3
Nepal,NPL,NP,南アジア,गण्डकी,Pradesh 4,NP-P4
Nepal,NPL,NP,南アジア,कोशी,Pradesh 5,NP-P5
Nepal,NPL,NP,南アジア,कर्णाली,Pradesh 6,NP-P6
Nepal,NPL,NP,南アジア,सुदूर-पश्चिम,Sudūr Pashchim; Pradesh 7,NP-P7
Nauru,NRU,NR,オセアニア,Aiwo,Aiwo,NR-01
Nauru,NRU,NR,オセアニア,Anabar,Anabar,NR-02
Nauru,NRU,NR,オセアニア,Anetan,Anetan,NR-03
Nauru,NRU,NR,オセアニア,Anibare,Anibare,NR-04
Nauru,NRU,NR,オセアニア,Baitsi (local variant is Baiti),Baitsi (local variant is Baiti),NR-05
Nauru,NRU,NR,オセアニア,Boe,Boe,NR-06
Nauru,NRU,NR,オセアニア,Buada,Buada,NR-07
Nauru,NRU,NR,オセアニア,Denigomodu,Denigomodu,NR-08
Nauru,NRU,NR,オセアニア,Ewa,Ewa,NR-09
Nauru,NRU,NR,オセアニア,Ijuw,Ijuw,NR-10
Nauru,NRU,NR,オセアニア,Meneng,Meneng,NR-11
Nauru,NRU,NR,オセアニア,Nibok,Nibok,NR-12
Nauru,NRU,NR,オセアニア,Uaboe,Uaboe,NR-13
Nauru,NRU,NR,オセアニア,Yaren,Yaren,NR-14
New Zealand,NZL,NZ,オセアニア,Auckland,Auckland,NZ-AUK
New Zealand,NZL,NZ,オセアニア,Bay of Plenty,Bay of Plenty,NZ-BOP
New Zealand,NZL,NZ,オセアニア,Canterbury,Canterbury,NZ-CAN
New Zealand,NZL,NZ,オセアニア,Chatham Islands Territory,Chatham Islands Territory,NZ-CIT
New Zealand,NZL,NZ,オセアニア,Gisborne,Gisborne,NZ-GIS
New Zealand,NZL,NZ,オセアニア,Hawke's Bay,Hawke's Bay,NZ-HKB
New Zealand,NZL,NZ,オセアニア,Marlborough,Marlborough,NZ-MBH
New Zealand,NZL,NZ,オセアニア,Manawatū-Whanganui,Manawatū-Whanganui,NZ-MWT
New Zealand,NZL,NZ,オセアニア,Nelson,Nelson,NZ-NSN
New Zealand,NZL,NZ,オセアニア,Northland,Northland,NZ-NTL
New Zealand,NZL,NZ,オセアニア,Otago,Otago,NZ-OTA
New Zealand,NZL,NZ,オセアニア,Southland,Southland,NZ-STL
New Zealand,NZL,NZ,オセアニア,Tasman,Tasman,NZ-TAS
New Zealand,NZL,NZ,オセアニア,Taranaki,Taranaki,NZ-TKI
New Zealand,NZL,NZ,オセアニア,Greater Wellington,Greater Wellington,NZ-WGN
New Zealand,NZL,NZ,オセアニア,Waikato,Waikato,NZ-WKO
New Zealand,NZL,NZ,オセアニア,West Coast,West Coast,NZ-WTC
Oman,OMN,OM,中東,South Batina,Janūb al Bāţinah,OM-BJ
Oman,OMN,OM,中東,North Batina,Shamāl al Bāţinah,OM-BS
Oman,OMN,OM,中東,Buraymi,Al Buraymī,OM-BU
Oman,OMN,OM,中東,Interior,Ad Dākhilīyah,OM-DA
Oman,OMN,OM,中東,Muscat,Masqaţ,OM-MA
Oman,OMN,OM,中東,Musandam,Musandam,OM-MU
Oman,OMN,OM,中東,Southeastern,Janūb ash Sharqīyah,OM-SJ
Oman,OMN,OM,中東,Northeastern,Shamāl ash Sharqīyah,OM-SS
Oman,OMN,OM,中東,Central,Al Wusţá,OM-WU
Oman,OMN,OM,中東,Dhahira,Az̧ Z̧āhirah,OM-ZA
Oman,OMN,OM,中東,Dhofar,Z̧ufār,OM-ZU
Panama,PAN,PA,中央アメリカ,Bocas del Toro,Bocas del Toro,PA-1
Panama,PAN,PA,中央アメリカ,West Panama,Panamá Oeste,PA-10
Panama,PAN,PA,中央アメリカ,Cocle,Coclé,PA-2
Panama,PAN,PA,中央アメリカ,Colon,Colón,PA-3
Panama,PAN,PA,中央アメリカ,Chiriqui,Chiriquí,PA-4
Panama,PAN,PA,中央アメリカ,Darien,Darién,PA-5
Panama,PAN,PA,中央アメリカ,Herrera,Herrera,PA-6
Panama,PAN,PA,中央アメリカ,Los Santos,Los Santos,PA-7
Panama,PAN,PA,中央アメリカ,Panama,Panamá,PA-8
Panama,PAN,PA,中央アメリカ,Veraguas,Veraguas,PA-9
Panama,PAN,PA,中央アメリカ,Embera,Emberá,PA-EM
Panama,PAN,PA,中央アメリカ,Guna Yala,Guna Yala(local variant: Kuna Yala),PA-KY
Panama,PAN,PA,中央アメリカ,Ngabe-Bugle,Ngäbe-Buglé,PA-NB
Panama,PAN,PA,中央アメリカ,Naso Tjer Di,Naso Tjër Di,PA-NT
Peru,PER,PE,南アメリカ,Amazonas,Amazonas,PE-AMA
Peru,PER,PE,南アメリカ,Ancash,Ancash,PE-ANC
Peru,PER,PE,南アメリカ,Apurímac,Apurímac,PE-APU
Peru,PER,PE,南アメリカ,Arequipa,Arequipa,PE-ARE
Peru,PER,PE,南アメリカ,Ayacucho,Ayacucho,PE-AYA
Peru,PER,PE,南アメリカ,Cajamarca,Cajamarca,PE-CAJ
Peru,PER,PE,南アメリカ,El Callao,El Callao,PE-CAL
Peru,PER,PE,南アメリカ,Cusco (local variant: Cuzco),Cusco (local variant: Cuzco),PE-CUS
Peru,PER,PE,南アメリカ,Huánuco,Huánuco,PE-HUC
Peru,PER,PE,南アメリカ,Huancavelica,Huancavelica,PE-HUV
Peru,PER,PE,南アメリカ,Ica,Ica,PE-ICA
Peru,PER,PE,南アメリカ,Junín,Junín,PE-JUN
Peru,PER,PE,南アメリカ,La Libertad,La Libertad,PE-LAL
Peru,PER,PE,南アメリカ,Lambayeque,Lambayeque,PE-LAM
Peru,PER,PE,南アメリカ,Lima,Lima,PE-LIM
Peru,PER,PE,南アメリカ,Municipalidad Metropolitana de Lima,Municipalidad Metropolitana de Lima,PE-LMA
Peru,PER,PE,南アメリカ,Loreto,Loreto,PE-LOR
Peru,PER,PE,南アメリカ,Madre de Dios,Madre de Dios,PE-MDD
Peru,PER,PE,南アメリカ,Moquegua,Moquegua,PE-MOQ
Peru,PER,PE,南アメリカ,Pasco,Pasco,PE-PAS
Peru,PER,PE,南アメリカ,Piura,Piura,PE-PIU
Peru,PER,PE,南アメリカ,Puno,Puno,PE-PUN
Peru,PER,PE,南アメリカ,San Martín,San Martín,PE-SAM
Peru,PER,PE,南アメリカ,Tacna,Tacna,PE-TAC
Peru,PER,PE,南アメリカ,Tumbes,Tumbes,PE-TUM
Peru,PER,PE,南アメリカ,Ucayali,Ucayali,PE-UCA
Papua New Guinea,PNG,PG,オセアニア,Chimbu,Chimbu,PG-CPK
Papua New Guinea,PNG,PG,オセアニア,Central,Central,PG-CPM
Papua New Guinea,PNG,PG,オセアニア,East New Britain,East New Britain,PG-EBR
Papua New Guinea,PNG,PG,オセアニア,Eastern Highlands,Eastern Highlands,PG-EHG
Papua New Guinea,PNG,PG,オセアニア,Enga,Enga,PG-EPW
Papua New Guinea,PNG,PG,オセアニア,East Sepik,East Sepik,PG-ESW
Papua New Guinea,PNG,PG,オセアニア,Gulf,Gulf,PG-GPK
Papua New Guinea,PNG,PG,オセアニア,Hela,Hela,PG-HLA
Papua New Guinea,PNG,PG,オセアニア,Jiwaka,Jiwaka,PG-JWK
Papua New Guinea,PNG,PG,オセアニア,Milne Bay,Milne Bay,PG-MBA
Papua New Guinea,PNG,PG,オセアニア,Morobe,Morobe,PG-MPL
Papua New Guinea,PNG,PG,オセアニア,Madang,Madang,PG-MPM
Papua New Guinea,PNG,PG,オセアニア,Manus,Manus,PG-MRL
Papua New Guinea,PNG,PG,オセアニア,National Capital District (Port Moresby),National Capital District (Port Moresby),PG-NCD
Papua New Guinea,PNG,PG,オセアニア,New Ireland,New Ireland,PG-NIK
Papua New Guinea,PNG,PG,オセアニア,Northern,Northern,PG-NPP
Papua New Guinea,PNG,PG,オセアニア,Bougainville,Bougainville,PG-NSB
Papua New Guinea,PNG,PG,オセアニア,West Sepik,West Sepik,PG-SAN
Papua New Guinea,PNG,PG,オセアニア,Southern Highlands,Southern Highlands,PG-SHM
Papua New Guinea,PNG,PG,オセアニア,West New Britain,West New Britain,PG-WBK
Papua New Guinea,PNG,PG,オセアニア,Western Highlands,Western Highlands,PG-WHM
Papua New Guinea,PNG,PG,オセアニア,Western,Western,PG-WPD
Philippines,PHL,PH,東南アジア,Abra,Abra,PH-ABR
Philippines,PHL,PH,東南アジア,Agusan del Norte,Agusan del Norte,PH-AGN
Philippines,PHL,PH,東南アジア,Agusan del Sur,Agusan del Sur,PH-AGS
Philippines,PHL,PH,東南アジア,Aklan,Aklan,PH-AKL
Philippines,PHL,PH,東南アジア,Albay,Albay,PH-ALB
Philippines,PHL,PH,東南アジア,Antique,Antique,PH-ANT
Philippines,PHL,PH,東南アジア,Apayao,Apayao,PH-APA
Philippines,PHL,PH,東南アジア,Aurora,Aurora,PH-AUR
Philippines,PHL,PH,東南アジア,Bataan,Bataan,PH-BAN
Philippines,PHL,PH,東南アジア,Basilan,Basilan,PH-BAS
Philippines,PHL,PH,東南アジア,Benguet,Benguet,PH-BEN
Philippines,PHL,PH,東南アジア,Biliran,Biliran,PH-BIL
Philippines,PHL,PH,東南アジア,Bohol,Bohol,PH-BOH
Philippines,PHL,PH,東南アジア,Batangas,Batangas,PH-BTG
Philippines,PHL,PH,東南アジア,Batanes,Batanes,PH-BTN
Philippines,PHL,PH,東南アジア,Bukidnon,Bukidnon,PH-BUK
Philippines,PHL,PH,東南アジア,Bulacan,Bulacan,PH-BUL
Philippines,PHL,PH,東南アジア,Cagayan,Cagayan,PH-CAG
Philippines,PHL,PH,東南アジア,Camiguin,Camiguin,PH-CAM
Philippines,PHL,PH,東南アジア,Camarines Norte,Camarines Norte,PH-CAN
Philippines,PHL,PH,東南アジア,Capiz,Capiz,PH-CAP
Philippines,PHL,PH,東南アジア,Camarines Sur,Camarines Sur,PH-CAS
Philippines,PHL,PH,東南アジア,Catanduanes,Catanduanes,PH-CAT
Philippines,PHL,PH,東南アジア,Cavite,Cavite,PH-CAV
Philippines,PHL,PH,東南アジア,Cebu,Cebu,PH-CEB
Philippines,PHL,PH,東南アジア,Davao de Oro,Davao de Oro,PH-COM
Philippines,PHL,PH,東南アジア,Davao Oriental,Davao Oriental,PH-DAO
Philippines,PHL,PH,東南アジア,Davao del Sur,Davao del Sur,PH-DAS
Philippines,PHL,PH,東南アジア,Davao del Norte,Davao del Norte,PH-DAV
Philippines,PHL,PH,東南アジア,Dinagat Islands,Dinagat Islands,PH-DIN
Philippines,PHL,PH,東南アジア,Davao Occidental,Davao Occidental,PH-DVO
Philippines,PHL,PH,東南アジア,Eastern Samar,Eastern Samar,PH-EAS
Philippines,PHL,PH,東南アジア,Guimaras,Guimaras,PH-GUI
Philippines,PHL,PH,東南アジア,Ifugao,Ifugao,PH-IFU
Philippines,PHL,PH,東南アジア,Iloilo,Iloilo,PH-ILI
Philippines,PHL,PH,東南アジア,Ilocos Norte,Ilocos Norte,PH-ILN
Philippines,PHL,PH,東南アジア,Ilocos Sur,Ilocos Sur,PH-ILS
Philippines,PHL,PH,東南アジア,Isabela,Isabela,PH-ISA
Philippines,PHL,PH,東南アジア,Kalinga,Kalinga,PH-KAL
Philippines,PHL,PH,東南アジア,Laguna,Laguna,PH-LAG
Philippines,PHL,PH,東南アジア,Lanao del Norte,Lanao del Norte,PH-LAN
Philippines,PHL,PH,東南アジア,Lanao del Sur,Lanao del Sur,PH-LAS
Philippines,PHL,PH,東南アジア,Leyte,Leyte,PH-LEY
Philippines,PHL,PH,東南アジア,La Union,La Union,PH-LUN
Philippines,PHL,PH,東南アジア,Marinduque,Marinduque,PH-MAD
Philippines,PHL,PH,東南アジア,Masbate,Masbate,PH-MAS
Philippines,PHL,PH,東南アジア,Mindoro Occidental,Mindoro Occidental,PH-MDC
Philippines,PHL,PH,東南アジア,Mindoro Oriental,Mindoro Oriental,PH-MDR
Philippines,PHL,PH,東南アジア,Maguindanao del Norte,Maguindanao del Norte,PH-MGN
Philippines,PHL,PH,東南アジア,Maguindanao del Sur,Maguindanao del Sur,PH-MGS
Philippines,PHL,PH,東南アジア,Mountain Province,Mountain Province,PH-MOU
Philippines,PHL,PH,東南アジア,Misamis Occidental,Misamis Occidental,PH-MSC
Philippines,PHL,PH,東南アジア,Misamis Oriental,Misamis Oriental,PH-MSR
Philippines,PHL,PH,東南アジア,Cotabato,Cotabato,PH-NCO
Philippines,PHL,PH,東南アジア,Negros Occidental,Negros Occidental,PH-NEC
Philippines,PHL,PH,東南アジア,Negros Oriental,Negros Oriental,PH-NER
Philippines,PHL,PH,東南アジア,Northern Samar,Northern Samar,PH-NSA
Philippines,PHL,PH,東南アジア,Nueva Ecija,Nueva Ecija,PH-NUE
Philippines,PHL,PH,東南アジア,Nueva Vizcaya,Nueva Vizcaya,PH-NUV
Philippines,PHL,PH,東南アジア,Pampanga,Pampanga,PH-PAM
Philippines,PHL,PH,東南アジア,Pangasinan,Pangasinan,PH-PAN
Philippines,PHL,PH,東南アジア,Palawan,Palawan,PH-PLW
Philippines,PHL,PH,東南アジア,Quezon,Quezon,PH-QUE
Philippines,PHL,PH,東南アジア,Quirino,Quirino,PH-QUI
Philippines,PHL,PH,東南アジア,Rizal,Rizal,PH-RIZ
Philippines,PHL,PH,東南アジア,Romblon,Romblon,PH-ROM
Philippines,PHL,PH,東南アジア,Sarangani,Sarangani,PH-SAR
Philippines,PHL,PH,東南アジア,South Cotabato,South Cotabato,PH-SCO
Philippines,PHL,PH,東南アジア,Siquijor,Siquijor,PH-SIG
Philippines,PHL,PH,東南アジア,Southern Leyte,Southern Leyte,PH-SLE
Philippines,PHL,PH,東南アジア,Sulu,Sulu,PH-SLU
Philippines,PHL,PH,東南アジア,Sorsogon,Sorsogon,PH-SOR
Philippines,PHL,PH,東南アジア,Sultan Kudarat,Sultan Kudarat,PH-SUK
Philippines,PHL,PH,東南アジア,Surigao del Norte,Surigao del Norte,PH-SUN
Philippines,PHL,PH,東南アジア,Surigao del Sur,Surigao del Sur,PH-SUR
Philippines,PHL,PH,東南アジア,Tarlac,Tarlac,PH-TAR
Philippines,PHL,PH,東南アジア,Tawi-Tawi,Tawi-Tawi,PH-TAW
Philippines,PHL,PH,東南アジア,Samar (local variant: Western Samar),Samar (local variant: Western Samar),PH-WSA
Philippines,PHL,PH,東南アジア,Zamboanga del Norte,Zamboanga del Norte,PH-ZAN
Philippines,PHL,PH,東南アジア,Zamboanga del Sur,Zamboanga del Sur,PH-ZAS
Philippines,PHL,PH,東南アジア,Zambales,Zambales,PH-ZMB
Philippines,PHL,PH,東南アジア,Zamboanga Sibugay,Zamboanga Sibugay,PH-ZSI
Pakistan,PAK,PK,南アジア,Balochistan,Balōchistān,PK-BA
Pakistan,PAK,PK,南アジア,Gilgit-Baltistan,Gilgit-Baltistān,PK-GB
Pakistan,PAK,PK,南アジア,Islamabad,Islāmābād,PK-IS
Pakistan,PAK,PK,南アジア,Azad Jammu and Kashmir(local variant: AJ&K),Āzād Jammūñ o Kashmīr,PK-JK
Pakistan,PAK,PK,南アジア,Khyber Pakhtunkhwa,Khaībar Pakhtūnkhwā,PK-KP
Pakistan,PAK,PK,南アジア,Punjab,Panjāb,PK-PB
Pakistan,PAK,PK,南アジア,Sindh,Sindh,PK-SD
Poland,POL,PL,東ヨーロッパ,Bielsko-Biała,Bielsko-Biała,PL-BB
Poland,POL,PL,東ヨーロッパ,Białystok,Białystok,PL-BK
Poland,POL,PL,東ヨーロッパ,Biała Podlaska,Biała Podlaska,PL-BP
Poland,POL,PL,東ヨーロッパ,Bydgoszcz,Bydgoszcz,PL-BY
Poland,POL,PL,東ヨーロッパ,Chełm,Chełm,PL-CH
Poland,POL,PL,東ヨーロッパ,Ciechanów,Ciechanów,PL-CI
Poland,POL,PL,東ヨーロッパ,Częstochowa,Częstochowa,PL-CZ
Poland,POL,PL,東ヨーロッパ,Elbląg,Elbląg,PL-EL
Poland,POL,PL,東ヨーロッパ,Gdańsk,Gdańsk,PL-GD
Poland,POL,PL,東ヨーロッパ,Gorzów,Gorzów,PL-GO
Poland,POL,PL,東ヨーロッパ,Jelenia Góra,Jelenia Góra,PL-JG
Poland,POL,PL,東ヨーロッパ,Katowice,Katowice,PL-KA
Poland,POL,PL,東ヨーロッパ,Kielce,Kielce,PL-KI
Poland,POL,PL,東ヨーロッパ,Kalisz,Kalisz,PL-KL
Poland,POL,PL,東ヨーロッパ,Konin,Konin,PL-KN
Poland,POL,PL,東ヨーロッパ,Koszalin,Koszalin,PL-KO
Poland,POL,PL,東ヨーロッパ,Kraków,Kraków,PL-KR
Poland,POL,PL,東ヨーロッパ,Krosno,Krosno,PL-KS
Poland,POL,PL,東ヨーロッパ,Łódź,Łódź,PL-LD
Poland,POL,PL,東ヨーロッパ,Leszno,Leszno,PL-LE
Poland,POL,PL,東ヨーロッパ,Legnica,Legnica,PL-LG
Poland,POL,PL,東ヨーロッパ,Łomża,Łomża,PL-LO
Poland,POL,PL,東ヨーロッパ,Lublin,Lublin,PL-LU
Poland,POL,PL,東ヨーロッパ,Nowy Sącz,Nowy Sącz,PL-NS
Poland,POL,PL,東ヨーロッパ,Olsztyn,Olsztyn,PL-OL
Poland,POL,PL,東ヨーロッパ,Opole,Opole,PL-OP
Poland,POL,PL,東ヨーロッパ,Ostrołęka,Ostrołęka,PL-OS
Poland,POL,PL,東ヨーロッパ,Piła,Piła,PL-PI
Poland,POL,PL,東ヨーロッパ,Płock,Płock,PL-PL
Poland,POL,PL,東ヨーロッパ,Poznań,Poznań,PL-PO
Poland,POL,PL,東ヨーロッパ,Przemyśl,Przemyśl,PL-PR
Poland,POL,PL,東ヨーロッパ,Piotrków,Piotrków,PL-PT
Poland,POL,PL,東ヨーロッパ,Radom,Radom,PL-RA
Poland,POL,PL,東ヨーロッパ,Rzeszów,Rzeszów,PL-RZ
Poland,POL,PL,東ヨーロッパ,Siedlce,Siedlce,PL-SE
Poland,POL,PL,東ヨーロッパ,Sieradz,Sieradz,PL-SI
Poland,POL,PL,東ヨーロッパ,Skierniewice,Skierniewice,PL-SK
Poland,POL,PL,東ヨーロッパ,Słupsk,Słupsk,PL-SL
Poland,POL,PL,東ヨーロッパ,Suwałki,Suwałki,PL-SU
Poland,POL,PL,東ヨーロッパ,Szczecin,Szczecin,PL-SZ
Poland,POL,PL,東ヨーロッパ,Tarnów,Tarnów,PL-TA
Poland,POL,PL,東ヨーロッパ,Tarnobrzeg,Tarnobrzeg,PL-TG
Poland,POL,PL,東ヨーロッパ,Toruń,Toruń,PL-TO
Poland,POL,PL,東ヨーロッパ,Warszawa,Warszawa,PL-WA
Poland,POL,PL,東ヨーロッパ,Wałbrzych,Wałbrzych,PL-WB
Poland,POL,PL,東ヨーロッパ,Włocławek,Włocławek,PL-WL
Poland,POL,PL,東ヨーロッパ,Wrocław,Wrocław,PL-WR
Poland,POL,PL,東ヨーロッパ,Zamość,Zamość,PL-ZA
Poland,POL,PL,東ヨーロッパ,Zielona Góra,Zielona Góra,PL-ZG
"Palestine, State of",PSE,PS,中東,Bethlehem,Bayt Laḩm,PS-BTH
"Palestine, State of",PSE,PS,中東,Deir El Balah,Dayr al Balaḩ,PS-DEB
"Palestine, State of",PSE,PS,中東,Gaza,Ghazzah,PS-GZA
"Palestine, State of",PSE,PS,中東,Hebron,Al Khalīl,PS-HBN
"Palestine, State of",PSE,PS,中東,Jerusalem,Al Quds,PS-JEM
"Palestine, State of",PSE,PS,中東,Jenin,Janīn,PS-JEN
"Palestine, State of",PSE,PS,中東,Jericho and Al Aghwar,Arīḩā wal Aghwār,PS-JRH
"Palestine, State of",PSE,PS,中東,Khan Yunis,Khān Yūnis,PS-KYS
"Palestine, State of",PSE,PS,中東,Nablus,Nāblus,PS-NBS
"Palestine, State of",PSE,PS,中東,North Gaza,Shamāl Ghazzah,PS-NGZ
"Palestine, State of",PSE,PS,中東,Qalqilya,Qalqīlyah,PS-QQA
"Palestine, State of",PSE,PS,中東,Ramallah,Rām Allāh wal Bīrah,PS-RBH
"Palestine, State of",PSE,PS,中東,Rafah,Rafaḩ,PS-RFH
"Palestine, State of",PSE,PS,中東,Salfit,Salfīt,PS-SLT
"Palestine, State of",PSE,PS,中東,Tubas,Ţūbās,PS-TBS
"Palestine, State of",PSE,PS,中東,Tulkarm,Ţūlkarm,PS-TKM
Portugal,PRT,PT,西ヨーロッパ,Aveiro,Aveiro,PT-01
Portugal,PRT,PT,西ヨーロッパ,Beja,Beja,PT-02
Portugal,PRT,PT,西ヨーロッパ,Braga,Braga,PT-03
Portugal,PRT,PT,西ヨーロッパ,Bragança,Bragança,PT-04
Portugal,PRT,PT,西ヨーロッパ,White Castle,Castelo Branco,PT-05
Portugal,PRT,PT,西ヨーロッパ,Coimbra,Coimbra,PT-06
Portugal,PRT,PT,西ヨーロッパ,Evora,Évora,PT-07
Portugal,PRT,PT,西ヨーロッパ,Faro,Faro,PT-08
Portugal,PRT,PT,西ヨーロッパ,Guarda,Guarda,PT-09
Portugal,PRT,PT,西ヨーロッパ,Leiria,Leiria,PT-10
Portugal,PRT,PT,西ヨーロッパ,Lisbon,Lisboa,PT-11
Portugal,PRT,PT,西ヨーロッパ,Portalegre,Portalegre,PT-12
Portugal,PRT,PT,西ヨーロッパ,Porto,Porto,PT-13
Portugal,PRT,PT,西ヨーロッパ,Santarém,Santarém,PT-14
Portugal,PRT,PT,西ヨーロッパ,Setúbal,Setúbal,PT-15
Portugal,PRT,PT,西ヨーロッパ,Viana do Castelo,Viana do Castelo,PT-16
Portugal,PRT,PT,西ヨーロッパ,Royal Town,Vila Real,PT-17
Portugal,PRT,PT,西ヨーロッパ,Viseu,Viseu,PT-18
Portugal,PRT,PT,西ヨーロッパ,Azores,Região Autónoma dos Açores,PT-20
Portugal,PRT,PT,西ヨーロッパ,Madeira,Região Autónoma da Madeira,PT-30
Palau,PLW,PW,オセアニア,Aimeliik,Aimeliik,PW-002
Palau,PLW,PW,オセアニア,Airai,Airai,PW-004
Palau,PLW,PW,オセアニア,Angaur,Angaur,PW-010
Palau,PLW,PW,オセアニア,Hatohobei,Hatohobei,PW-050
Palau,PLW,PW,オセアニア,Kayangel,Kayangel,PW-100
Palau,PLW,PW,オセアニア,Koror,Koror,PW-150
Palau,PLW,PW,オセアニア,Melekeok,Melekeok,PW-212
Palau,PLW,PW,オセアニア,Ngaraard,Ngaraard,PW-214
Palau,PLW,PW,オセアニア,Ngarchelong,Ngarchelong,PW-218
Palau,PLW,PW,オセアニア,Ngardmau,Ngardmau,PW-222
Palau,PLW,PW,オセアニア,Ngatpang,Ngatpang,PW-224
Palau,PLW,PW,オセアニア,Ngchesar,Ngchesar,PW-226
Palau,PLW,PW,オセアニア,Ngeremlengui,Ngeremlengui,PW-227
Palau,PLW,PW,オセアニア,Ngiwal,Ngiwal,PW-228
Palau,PLW,PW,オセアニア,Peleliu,Peleliu,PW-350
Palau,PLW,PW,オセアニア,Sonsorol,Sonsorol,PW-370
Paraguay,PRY,PY,南アメリカ,Concepcion,Concepción,PY-1
Paraguay,PRY,PY,南アメリカ,Upper Parana,Alto Paraná,PY-10
Paraguay,PRY,PY,南アメリカ,Central,Central,PY-11
Paraguay,PRY,PY,南アメリカ,Neembucu,Ñeembucú,PY-12
Paraguay,PRY,PY,南アメリカ,Amambay,Amambay,PY-13
Paraguay,PRY,PY,南アメリカ,Canindeyu,Canindeyú,PY-14
Paraguay,PRY,PY,南アメリカ,President Hayes,Presidente Hayes,PY-15
Paraguay,PRY,PY,南アメリカ,Upper Paraguay,Alto Paraguay,PY-16
Paraguay,PRY,PY,南アメリカ,Boqueron,Boquerón,PY-19
Paraguay,PRY,PY,南アメリカ,Saint Peter,San Pedro,PY-2
Paraguay,PRY,PY,南アメリカ,Cordillera,Cordillera,PY-3
Paraguay,PRY,PY,南アメリカ,Guaira,Guairá,PY-4
Paraguay,PRY,PY,南アメリカ,Caaguazu,Caaguazú,PY-5
Paraguay,PRY,PY,南アメリカ,Caazapa,Caazapá,PY-6
Paraguay,PRY,PY,南アメリカ,Itapua,Itapúa,PY-7
Paraguay,PRY,PY,南アメリカ,Misiones,Misiones,PY-8
Paraguay,PRY,PY,南アメリカ,Paraguari,Paraguarí,PY-9
Paraguay,PRY,PY,南アメリカ,Asuncion,Asunción,PY-ASU
Qatar,QAT,QA,中東,Doha,Ad Dawḩah,QA-DA
Qatar,QAT,QA,中東,Khor,Al Khawr wa adh Dhakhīrah,QA-KH
Qatar,QAT,QA,中東,North,Ash Shamāl,QA-MS
Qatar,QAT,QA,中東,Rayyan,Ar Rayyān,QA-RA
Qatar,QAT,QA,中東,Shahaniya,Ash Shīḩānīyah,QA-SH
Qatar,QAT,QA,中東,Umm Salal,Umm Şalāl,QA-US
Qatar,QAT,QA,中東,Wakra,Al Wakrah,QA-WA
Qatar,QAT,QA,中東,Daayen,Az̧ Z̧a‘āyin,QA-ZA
Romania,ROU,RO,東ヨーロッパ,Alba,Alba,RO-AB
Romania,ROU,RO,東ヨーロッパ,Argeș,Argeș,RO-AG
Romania,ROU,RO,東ヨーロッパ,Arad,Arad,RO-AR
Romania,ROU,RO,東ヨーロッパ,București,București,RO-B
Romania,ROU,RO,東ヨーロッパ,Bacău,Bacău,RO-BC
Romania,ROU,RO,東ヨーロッパ,Bihor,Bihor,RO-BH
Romania,ROU,RO,東ヨーロッパ,Bistrița-Năsăud,Bistrița-Năsăud,RO-BN
Romania,ROU,RO,東ヨーロッパ,Brăila,Brăila,RO-BR
Romania,ROU,RO,東ヨーロッパ,Botoșani,Botoșani,RO-BT
Romania,ROU,RO,東ヨーロッパ,Brașov,Brașov,RO-BV
Romania,ROU,RO,東ヨーロッパ,Buzău,Buzău,RO-BZ
Romania,ROU,RO,東ヨーロッパ,Cluj,Cluj,RO-CJ
Romania,ROU,RO,東ヨーロッパ,Călărași,Călărași,RO-CL
Romania,ROU,RO,東ヨーロッパ,Caraș-Severin,Caraș-Severin,RO-CS
Romania,ROU,RO,東ヨーロッパ,Constanța,Constanța,RO-CT
Romania,ROU,RO,東ヨーロッパ,Covasna,Covasna,RO-CV
Romania,ROU,RO,東ヨーロッパ,Dâmbovița,Dâmbovița,RO-DB
Romania,ROU,RO,東ヨーロッパ,Dolj,Dolj,RO-DJ
Romania,ROU,RO,東ヨーロッパ,Gorj,Gorj,RO-GJ
Romania,ROU,RO,東ヨーロッパ,Galați,Galați,RO-GL
Romania,ROU,RO,東ヨーロッパ,Giurgiu,Giurgiu,RO-GR
Romania,ROU,RO,東ヨーロッパ,Hunedoara,Hunedoara,RO-HD
Romania,ROU,RO,東ヨーロッパ,Harghita,Harghita,RO-HR
Romania,ROU,RO,東ヨーロッパ,Ilfov,Ilfov,RO-IF
Romania,ROU,RO,東ヨーロッパ,Ialomița,Ialomița,RO-IL
Romania,ROU,RO,東ヨーロッパ,Iași,Iași,RO-IS
Romania,ROU,RO,東ヨーロッパ,Mehedinți,Mehedinți,RO-MH
Romania,ROU,RO,東ヨーロッパ,Maramureș,Maramureș,RO-MM
Romania,ROU,RO,東ヨーロッパ,Mureș,Mureș,RO-MS
Romania,ROU,RO,東ヨーロッパ,Neamț,Neamț,RO-NT
Romania,ROU,RO,東ヨーロッパ,Olt,Olt,RO-OT
Romania,ROU,RO,東ヨーロッパ,Prahova,Prahova,RO-PH
Romania,ROU,RO,東ヨーロッパ,Sibiu,Sibiu,RO-SB
Romania,ROU,RO,東ヨーロッパ,Sălaj,Sălaj,RO-SJ
Romania,ROU,RO,東ヨーロッパ,Satu Mare,Satu Mare,RO-SM
Romania,ROU,RO,東ヨーロッパ,Suceava,Suceava,RO-SV
Romania,ROU,RO,東ヨーロッパ,Tulcea,Tulcea,RO-TL
Romania,ROU,RO,東ヨーロッパ,Timiș,Timiș,RO-TM
Romania,ROU,RO,東ヨーロッパ,Teleorman,Teleorman,RO-TR
Romania,ROU,RO,東ヨーロッパ,Vâlcea,Vâlcea,RO-VL
Romania,ROU,RO,東ヨーロッパ,Vrancea,Vrancea,RO-VN
Romania,ROU,RO,東ヨーロッパ,Vaslui,Vaslui,RO-VS
Serbia,SRB,RS,東ヨーロッパ,Belgrade,Beograd,RS-00
Serbia,SRB,RS,東ヨーロッパ,North Bačka,Severnobački okrug,RS-01
Serbia,SRB,RS,東ヨーロッパ,Central Banat,Srednjebanatski okrug,RS-02
Serbia,SRB,RS,東ヨーロッパ,North Banat,Severnobanatski okrug,RS-03
Serbia,SRB,RS,東ヨーロッパ,South Banat,Južnobanatski okrug,RS-04
Serbia,SRB,RS,東ヨーロッパ,West Bačka,Zapadnobački okrug,RS-05
Serbia,SRB,RS,東ヨーロッパ,South Bačka,Južnobački okrug,RS-06
Serbia,SRB,RS,東ヨーロッパ,Srem,Sremski okrug,RS-07
Serbia,SRB,RS,東ヨーロッパ,Mačva,Mačvanski okrug,RS-08
Serbia,SRB,RS,東ヨーロッパ,Kolubara,Kolubarski okrug,RS-09
Serbia,SRB,RS,東ヨーロッパ,Podunavlje,Podunavski okrug,RS-10
Serbia,SRB,RS,東ヨーロッパ,Braničevo,Braničevski okrug,RS-11
Serbia,SRB,RS,東ヨーロッパ,Šumadija,Šumadijski okrug,RS-12
Serbia,SRB,RS,東ヨーロッパ,Pomoravlje,Pomoravski okrug,RS-13
Serbia,SRB,RS,東ヨーロッパ,Bor,Borski okrug,RS-14
Serbia,SRB,RS,東ヨーロッパ,Zaječar,Zaječarski okrug,RS-15
Serbia,SRB,RS,東ヨーロッパ,Zlatibor,Zlatiborski okrug,RS-16
Serbia,SRB,RS,東ヨーロッパ,Moravica,Moravički okrug,RS-17
Serbia,SRB,RS,東ヨーロッパ,Raška,Raški okrug,RS-18
Serbia,SRB,RS,東ヨーロッパ,Rasina,Rasinski okrug,RS-19
Serbia,SRB,RS,東ヨーロッパ,Nišava,Nišavski okrug,RS-20
Serbia,SRB,RS,東ヨーロッパ,Toplica,Toplički okrug,RS-21
Serbia,SRB,RS,東ヨーロッパ,Pirot,Pirotski okrug,RS-22
Serbia,SRB,RS,東ヨーロッパ,Jablanica,Jablanički okrug,RS-23
Serbia,SRB,RS,東ヨーロッパ,Pčinja,Pčinjski okrug,RS-24
Serbia,SRB,RS,東ヨーロッパ,Kosovo,Kosovski okrug,RS-25
Serbia,SRB,RS,東ヨーロッパ,Peć,Pećki okrug,RS-26
Serbia,SRB,RS,東ヨーロッパ,Prizren,Prizrenski okrug,RS-27
Serbia,SRB,RS,東ヨーロッパ,Kosovo-Mitrovica,Kosovsko-Mitrovački okrug,RS-28
Serbia,SRB,RS,東ヨーロッパ,Kosovo-Pomoravlje,Kosovsko-Pomoravski okrug,RS-29
Russian Federation,RUS,RU,ロシア,Adygea,"Adygeya, Respublika",RU-AD
Russian Federation,RUS,RU,ロシア,Gorno-Altai,"Altay, Respublika",RU-AL
Russian Federation,RUS,RU,ロシア,Altai,Altayskiy kray,RU-ALT
Russian Federation,RUS,RU,ロシア,Amur,Amurskaya oblast',RU-AMU
Russian Federation,RUS,RU,ロシア,Arkhangelsk,Arkhangel'skaya oblast',RU-ARK
Russian Federation,RUS,RU,ロシア,Astrakhan,Astrakhanskaya oblast',RU-AST
Russian Federation,RUS,RU,ロシア,Bashkortostan,"Bashkortostan, Respublika",RU-BA
Russian Federation,RUS,RU,ロシア,Belgorod,Belgorodskaya oblast',RU-BEL
Russian Federation,RUS,RU,ロシア,Bryansk,Bryanskaya oblast',RU-BRY
Russian Federation,RUS,RU,ロシア,Buryatia,"Buryatiya, Respublika",RU-BU
Russian Federation,RUS,RU,ロシア,Chechnya,Chechenskaya Respublika,RU-CE
Russian Federation,RUS,RU,ロシア,Chelyabinsk,Chelyabinskaya oblast',RU-CHE
Russian Federation,RUS,RU,ロシア,Chukotka,Chukotskiy avtonomnyy okrug,RU-CHU
Russian Federation,RUS,RU,ロシア,Chuvashia,Chuvashskaya Respublika,RU-CU
Russian Federation,RUS,RU,ロシア,Dagestan,"Dagestan, Respublika",RU-DA
Russian Federation,RUS,RU,ロシア,Ingushetia,"Ingushetiya, Respublika",RU-IN
Russian Federation,RUS,RU,ロシア,Irkutsk,Irkutskaya oblast',RU-IRK
Russian Federation,RUS,RU,ロシア,Ivanovo,Ivanovskaya oblast',RU-IVA
Russian Federation,RUS,RU,ロシア,Kamchatka,Kamchatskiy kray,RU-KAM
Russian Federation,RUS,RU,ロシア,Kabardino-Balkaria,Kabardino-BalkarskayaRespublika,RU-KB
Russian Federation,RUS,RU,ロシア,Karachay-Cherkessia,Karachayevo-CherkesskayaRespublika,RU-KC
Russian Federation,RUS,RU,ロシア,Krasnodar,Krasnodarskiy kray,RU-KDA
Russian Federation,RUS,RU,ロシア,Kemerovo,Kemerovskaya oblast',RU-KEM
Russian Federation,RUS,RU,ロシア,Kaliningrad,Kaliningradskaya oblast',RU-KGD
Russian Federation,RUS,RU,ロシア,Kurgan,Kurganskaya oblast',RU-KGN
Russian Federation,RUS,RU,ロシア,Khabarovsk,Khabarovskiy kray,RU-KHA
Russian Federation,RUS,RU,ロシア,Yugoria,Khanty-Mansiyskiyavtonomnyy okrug(local variant: Yugra),RU-KHM
Russian Federation,RUS,RU,ロシア,Kirov,Kirovskaya oblast',RU-KIR
Russian Federation,RUS,RU,ロシア,Khakassia,"Khakasiya, Respublika",RU-KK
Russian Federation,RUS,RU,ロシア,Kalmykia,"Kalmykiya, Respublika",RU-KL
Russian Federation,RUS,RU,ロシア,Kaluga,Kaluzhskaya oblast',RU-KLU
Russian Federation,RUS,RU,ロシア,Komi,"Komi, Respublika",RU-KO
Russian Federation,RUS,RU,ロシア,Kostroma,Kostromskaya oblast',RU-KOS
Russian Federation,RUS,RU,ロシア,Karelia,"Kareliya, Respublika",RU-KR
Russian Federation,RUS,RU,ロシア,Kursk,Kurskaya oblast',RU-KRS
Russian Federation,RUS,RU,ロシア,Krasnoyarsk,Krasnoyarskiy kray,RU-KYA
Russian Federation,RUS,RU,ロシア,Leningrad,Leningradskayaoblast',RU-LEN
Russian Federation,RUS,RU,ロシア,Lipetsk,Lipetskaya oblast',RU-LIP
Russian Federation,RUS,RU,ロシア,Magadan,Magadanskaya oblast',RU-MAG
Russian Federation,RUS,RU,ロシア,Mari El,"Mariy El, Respublika",RU-ME
Russian Federation,RUS,RU,ロシア,Mordovia,"Mordoviya, Respublika",RU-MO
Russian Federation,RUS,RU,ロシア,Moscow,Moskovskaya oblast',RU-MOS
Russian Federation,RUS,RU,ロシア,Moscow City,Moskva,RU-MOW
Russian Federation,RUS,RU,ロシア,Murmansk,Murmanskaya oblast',RU-MUR
Russian Federation,RUS,RU,ロシア,Nenetsia,Nenetskiyavtonomnyy okrug,RU-NEN
Russian Federation,RUS,RU,ロシア,Novgorod,Novgorodskaya oblast',RU-NGR
Russian Federation,RUS,RU,ロシア,Nizhny Novgorod,Nizhegorodskaya oblast',RU-NIZ
Russian Federation,RUS,RU,ロシア,Novosibirsk,Novosibirskayaoblast',RU-NVS
Russian Federation,RUS,RU,ロシア,Omsk,Omskaya oblast',RU-OMS
Russian Federation,RUS,RU,ロシア,Orenburg,Orenburgskaya oblast',RU-ORE
Russian Federation,RUS,RU,ロシア,Oryol,Orlovskaya oblast',RU-ORL
Russian Federation,RUS,RU,ロシア,Perm,Permskiy kray,RU-PER
Russian Federation,RUS,RU,ロシア,Penza,Penzenskaya oblast',RU-PNZ
Russian Federation,RUS,RU,ロシア,Primorye,Primorskiy kray,RU-PRI
Russian Federation,RUS,RU,ロシア,Pskov,Pskovskaya oblast',RU-PSK
Russian Federation,RUS,RU,ロシア,Rostov,Rostovskaya oblast',RU-ROS
Russian Federation,RUS,RU,ロシア,Ryazan,Ryazanskaya oblast',RU-RYA
Russian Federation,RUS,RU,ロシア,Yakutia,"Saha, Respublika(local variant: Jakutija)",RU-SA
Russian Federation,RUS,RU,ロシア,Sakhalin,Sakhalinskaya oblast',RU-SAK
Russian Federation,RUS,RU,ロシア,Samara,Samarskaya oblast',RU-SAM
Russian Federation,RUS,RU,ロシア,Saratov,Saratovskaya oblast',RU-SAR
Russian Federation,RUS,RU,ロシア,North Ossetia,"Severnaya Osetiya, Respublika(local variant: Alaniya [Respublika Severnaya Osetiya – Alaniya])",RU-SE
Russian Federation,RUS,RU,ロシア,Smolensk,Smolenskaya oblast',RU-SMO
Russian Federation,RUS,RU,ロシア,Saint Petersburg,Sankt-Peterburg,RU-SPE
Russian Federation,RUS,RU,ロシア,Stavropol,Stavropol'skiy kray,RU-STA
Russian Federation,RUS,RU,ロシア,Sverdlovsk,Sverdlovskaya oblast',RU-SVE
Russian Federation,RUS,RU,ロシア,Tatarstan,"Tatarstan, Respublika",RU-TA
Russian Federation,RUS,RU,ロシア,Tambov,Tambovskaya oblast',RU-TAM
Russian Federation,RUS,RU,ロシア,Tomsk,Tomskaya oblast',RU-TOM
Russian Federation,RUS,RU,ロシア,Tula,Tul'skaya oblast',RU-TUL
Russian Federation,RUS,RU,ロシア,Tver,Tverskaya oblast',RU-TVE
Russian Federation,RUS,RU,ロシア,Tuva,"Tyva, Respublika(local variant: Tuva)",RU-TY
Russian Federation,RUS,RU,ロシア,Tyumen,Tyumenskaya oblast',RU-TYU
Russian Federation,RUS,RU,ロシア,Udmurtia,Udmurtskaya Respublika,RU-UD
Russian Federation,RUS,RU,ロシア,Ulyanovsk,Ul'yanovskaya oblast',RU-ULY
Russian Federation,RUS,RU,ロシア,Volgograd,Volgogradskayaoblast',RU-VGG
Russian Federation,RUS,RU,ロシア,Vladimir,Vladimirskayaoblast',RU-VLA
Russian Federation,RUS,RU,ロシア,Vologda,Vologodskaya oblast',RU-VLG
Russian Federation,RUS,RU,ロシア,Voronezh,Voronezhskaya oblast',RU-VOR
Russian Federation,RUS,RU,ロシア,Yamalia,Yamalo-Nenetskiyavtonomnyy okrug,RU-YAN
Russian Federation,RUS,RU,ロシア,Yaroslavl,Yaroslavskaya oblast',RU-YAR
Russian Federation,RUS,RU,ロシア,Jewish Autonomous Oblast,Yevreyskaya avtonomnaya oblast',RU-YEV
Russian Federation,RUS,RU,ロシア,Transbaikalia,Zabaykal'skiy kray,RU-ZAB
Rwanda,RWA,RW,中央アフリカ,City of Kigali,City of Kigali,RW-01
Rwanda,RWA,RW,中央アフリカ,Eastern,Eastern,RW-02
Rwanda,RWA,RW,中央アフリカ,Northern,Northern,RW-03
Rwanda,RWA,RW,中央アフリカ,Western,Western,RW-04
Rwanda,RWA,RW,中央アフリカ,Southern,Southern,RW-05
Saudi Arabia,SAU,SA,中東,Riyadh,Ar Riyāḑ,SA-01
Saudi Arabia,SAU,SA,中東,Mecca,Makkah al Mukarramah,SA-02
Saudi Arabia,SAU,SA,中東,Medina,Al Madīnah al Munawwarah,SA-03
Saudi Arabia,SAU,SA,中東,Eastern,Ash Sharqīyah,SA-04
Saudi Arabia,SAU,SA,中東,Qassim,Al Qaşīm,SA-05
Saudi Arabia,SAU,SA,中東,Ha’il,Ḩā'il,SA-06
Saudi Arabia,SAU,SA,中東,Tabuk,Tabūk,SA-07
Saudi Arabia,SAU,SA,中東,Northern Borders,Al Ḩudūd ash Shamālīyah,SA-08
Saudi Arabia,SAU,SA,中東,Jizan,Jāzān,SA-09
Saudi Arabia,SAU,SA,中東,Najran,Najrān,SA-10
Saudi Arabia,SAU,SA,中東,Baha,Al Bāḩah,SA-11
Saudi Arabia,SAU,SA,中東,Jouf,Al Jawf,SA-12
Saudi Arabia,SAU,SA,中東,Asir,'Asīr,SA-14
Solomon Islands,SLB,SB,オセアニア,Central,Central,SB-CE
Solomon Islands,SLB,SB,オセアニア,Choiseul,Choiseul,SB-CH
Solomon Islands,SLB,SB,オセアニア,Capital Territory (Honiara),Capital Territory (Honiara),SB-CT
Solomon Islands,SLB,SB,オセアニア,Guadalcanal,Guadalcanal,SB-GU
Solomon Islands,SLB,SB,オセアニア,Isabel,Isabel,SB-IS
Solomon Islands,SLB,SB,オセアニア,Makira-Ulawa,Makira-Ulawa,SB-MK
Solomon Islands,SLB,SB,オセアニア,Malaita,Malaita,SB-ML
Solomon Islands,SLB,SB,オセアニア,Rennell and Bellona,Rennell and Bellona,SB-RB
Solomon Islands,SLB,SB,オセアニア,Temotu,Temotu,SB-TE
Solomon Islands,SLB,SB,オセアニア,Western,Western,SB-WE
Seychelles,SYC,SC,インド洋地域,Anse aux Pins,Anse aux Pins,SC-01
Seychelles,SYC,SC,インド洋地域,Anse Boileau,Anse Boileau,SC-02
Seychelles,SYC,SC,インド洋地域,Anse Etoile,Anse Etoile,SC-03
Seychelles,SYC,SC,インド洋地域,Au Cap,Au Cap,SC-04
Seychelles,SYC,SC,インド洋地域,Anse Royale,Anse Royale,SC-05
Seychelles,SYC,SC,インド洋地域,Baie Lazare,Baie Lazare,SC-06
Seychelles,SYC,SC,インド洋地域,Baie Sainte Anne,Baie Sainte Anne,SC-07
Seychelles,SYC,SC,インド洋地域,Beau Vallon,Beau Vallon,SC-08
Seychelles,SYC,SC,インド洋地域,Bel Air,Bel Air,SC-09
Seychelles,SYC,SC,インド洋地域,Bel Ombre,Bel Ombre,SC-10
Seychelles,SYC,SC,インド洋地域,Cascade,Cascade,SC-11
Seychelles,SYC,SC,インド洋地域,Glacis,Glacis,SC-12
Seychelles,SYC,SC,インド洋地域,Grand Anse Mahe,Grand Anse Mahe,SC-13
Seychelles,SYC,SC,インド洋地域,Grand Anse Praslin,Grand Anse Praslin,SC-14
Seychelles,SYC,SC,インド洋地域,La Digue,La Digue,SC-15
Seychelles,SYC,SC,インド洋地域,English River,English River,SC-16
Seychelles,SYC,SC,インド洋地域,Mont Buxton,Mont Buxton,SC-17
Seychelles,SYC,SC,インド洋地域,Mont Fleuri,Mont Fleuri,SC-18
Seychelles,SYC,SC,インド洋地域,Plaisance,Plaisance,SC-19
Seychelles,SYC,SC,インド洋地域,Pointe Larue,Pointe Larue,SC-20
Seychelles,SYC,SC,インド洋地域,Port Glaud,Port Glaud,SC-21
Seychelles,SYC,SC,インド洋地域,Saint Louis,Saint Louis,SC-22
Seychelles,SYC,SC,インド洋地域,Takamaka,Takamaka,SC-23
Seychelles,SYC,SC,インド洋地域,Les Mamelles,Les Mamelles,SC-24
Seychelles,SYC,SC,インド洋地域,Roche Caiman,Roche Caiman,SC-25
Seychelles,SYC,SC,インド洋地域,Ile Perseverance I,Ile Perseverance I,SC-26
Seychelles,SYC,SC,インド洋地域,Ile Perseverance II,Ile Perseverance II,SC-27
Sudan,SDN,SD,東アフリカ,Central Darfur(local variant: Zalingei),Wasaţ Dārfūr(local variant: Zālinjay),SD-DC
Sudan,SDN,SD,東アフリカ,East Darfur,Sharq Dārfūr,SD-DE
Sudan,SDN,SD,東アフリカ,North Darfur,Shamāl Dārfūr,SD-DN
Sudan,SDN,SD,東アフリカ,South Darfur,Janūb Dārfūr,SD-DS
Sudan,SDN,SD,東アフリカ,West Darfur,Gharb Dārfūr,SD-DW
Sudan,SDN,SD,東アフリカ,Gedaref,Al Qaḑārif,SD-GD
Sudan,SDN,SD,東アフリカ,West Kordofan,Gharb Kurdufān,SD-GK
Sudan,SDN,SD,東アフリカ,Gezira,Al Jazīrah,SD-GZ
Sudan,SDN,SD,東アフリカ,Kassala,Kassalā,SD-KA
Sudan,SDN,SD,東アフリカ,Khartoum,Al Kharţūm,SD-KH
Sudan,SDN,SD,東アフリカ,North Kordofan,Shamāl Kurdufān,SD-KN
Sudan,SDN,SD,東アフリカ,South Kordofan,Janūb Kurdufān,SD-KS
Sudan,SDN,SD,東アフリカ,Blue Nile,An Nīl al Azraq,SD-NB
Sudan,SDN,SD,東アフリカ,Northern,Ash Shamālīyah,SD-NO
Sudan,SDN,SD,東アフリカ,River Nile,Nahr an Nīl,SD-NR
Sudan,SDN,SD,東アフリカ,White Nile,An Nīl al Abyaḑ,SD-NW
Sudan,SDN,SD,東アフリカ,Red Sea,Al Baḩr al Aḩmar,SD-RS
Sudan,SDN,SD,東アフリカ,Sennar,Sinnār,SD-SI
Sweden,SWE,SE,北ヨーロッパ,Stockholm,Stockholms län,SE-AB
Sweden,SWE,SE,北ヨーロッパ,Västerbotten,Västerbottens län,SE-AC
Sweden,SWE,SE,北ヨーロッパ,Norrbotten,Norrbottens län,SE-BD
Sweden,SWE,SE,北ヨーロッパ,Uppsala,Uppsala län,SE-C
Sweden,SWE,SE,北ヨーロッパ,Södermanland,Södermanlands län,SE-D
Sweden,SWE,SE,北ヨーロッパ,Östergötland,Östergötlands län,SE-E
Sweden,SWE,SE,北ヨーロッパ,Jönköping,Jönköpings län,SE-F
Sweden,SWE,SE,北ヨーロッパ,Kronoberg,Kronobergs län,SE-G
Sweden,SWE,SE,北ヨーロッパ,Kalmar,Kalmar län,SE-H
Sweden,SWE,SE,北ヨーロッパ,Gotland,Gotlands län,SE-I
Sweden,SWE,SE,北ヨーロッパ,Blekinge,Blekinge län,SE-K
Sweden,SWE,SE,北ヨーロッパ,Scania,Skåne län,SE-M
Sweden,SWE,SE,北ヨーロッパ,Halland,Hallands län,SE-N
Sweden,SWE,SE,北ヨーロッパ,Västra Götaland,Västra Götalands län,SE-O
Sweden,SWE,SE,北ヨーロッパ,Värmland,Värmlands län,SE-S
Sweden,SWE,SE,北ヨーロッパ,Örebro,Örebro län,SE-T
Sweden,SWE,SE,北ヨーロッパ,Västmanland,Västmanlands län,SE-U
Sweden,SWE,SE,北ヨーロッパ,Dalarna,Dalarnas län,SE-W
Sweden,SWE,SE,北ヨーロッパ,Gävleborg,Gävleborgs län,SE-X
Sweden,SWE,SE,北ヨーロッパ,Western Northland,Västernorrlands län,SE-Y
Sweden,SWE,SE,北ヨーロッパ,Jämtland,Jämtlands län,SE-Z
Singapore,SGP,SG,東南アジア,Central Singapore,Central Singapore,SG-01
Singapore,SGP,SG,東南アジア,North East,North East,SG-02
Singapore,SGP,SG,東南アジア,North West,North West,SG-03
Singapore,SGP,SG,東南アジア,South East,South East,SG-04
Singapore,SGP,SG,東南アジア,South West,South West,SG-05
"Saint Helena, Ascension and Tristan da Cunha",SHN,SH,西アフリカ,Ascension,Ascension,SH-AC
"Saint Helena, Ascension and Tristan da Cunha",SHN,SH,西アフリカ,Saint Helena,Saint Helena,SH-HL
"Saint Helena, Ascension and Tristan da Cunha",SHN,SH,西アフリカ,Tristan da Cunha,Tristan da Cunha,SH-TA
Slovenia,SVN,SI,東ヨーロッパ,Ajdovščina,Ajdovščina,SI-001
Slovenia,SVN,SI,東ヨーロッパ,Beltinci,Beltinci,SI-002
Slovenia,SVN,SI,東ヨーロッパ,Bled,Bled,SI-003
Slovenia,SVN,SI,東ヨーロッパ,Bohinj,Bohinj,SI-004
Slovenia,SVN,SI,東ヨーロッパ,Borovnica,Borovnica,SI-005
Slovenia,SVN,SI,東ヨーロッパ,Bovec,Bovec,SI-006
Slovenia,SVN,SI,東ヨーロッパ,Brda,Brda,SI-007
Slovenia,SVN,SI,東ヨーロッパ,Brezovica,Brezovica,SI-008
Slovenia,SVN,SI,東ヨーロッパ,Brežice,Brežice,SI-009
Slovenia,SVN,SI,東ヨーロッパ,Tišina,Tišina,SI-010
Slovenia,SVN,SI,東ヨーロッパ,Celje,Celje,SI-011
Slovenia,SVN,SI,東ヨーロッパ,Cerklje na Gorenjskem,Cerklje na Gorenjskem,SI-012
Slovenia,SVN,SI,東ヨーロッパ,Cerknica,Cerknica,SI-013
Slovenia,SVN,SI,東ヨーロッパ,Cerkno,Cerkno,SI-014
Slovenia,SVN,SI,東ヨーロッパ,Črenšovci,Črenšovci,SI-015
Slovenia,SVN,SI,東ヨーロッパ,Črna na Koroškem,Črna na Koroškem,SI-016
Slovenia,SVN,SI,東ヨーロッパ,Črnomelj,Črnomelj,SI-017
Slovenia,SVN,SI,東ヨーロッパ,Destrnik,Destrnik,SI-018
Slovenia,SVN,SI,東ヨーロッパ,Divača,Divača,SI-019
Slovenia,SVN,SI,東ヨーロッパ,Dobrepolje,Dobrepolje,SI-020
Slovenia,SVN,SI,東ヨーロッパ,Dobrova-Polhov Gradec,Dobrova-Polhov Gradec,SI-021
Slovenia,SVN,SI,東ヨーロッパ,Dol pri Ljubljani,Dol pri Ljubljani,SI-022
Slovenia,SVN,SI,東ヨーロッパ,Domžale,Domžale,SI-023
Slovenia,SVN,SI,東ヨーロッパ,Dornava,Dornava,SI-024
Slovenia,SVN,SI,東ヨーロッパ,Dravograd,Dravograd,SI-025
Slovenia,SVN,SI,東ヨーロッパ,Duplek,Duplek,SI-026
Slovenia,SVN,SI,東ヨーロッパ,Gorenja vas-Poljane,Gorenja vas-Poljane,SI-027
Slovenia,SVN,SI,東ヨーロッパ,Gorišnica,Gorišnica,SI-028
Slovenia,SVN,SI,東ヨーロッパ,Gornja Radgona,Gornja Radgona,SI-029
Slovenia,SVN,SI,東ヨーロッパ,Gornji Grad,Gornji Grad,SI-030
Slovenia,SVN,SI,東ヨーロッパ,Gornji Petrovci,Gornji Petrovci,SI-031
Slovenia,SVN,SI,東ヨーロッパ,Grosuplje,Grosuplje,SI-032
Slovenia,SVN,SI,東ヨーロッパ,Šalovci,Šalovci,SI-033
Slovenia,SVN,SI,東ヨーロッパ,Hrastnik,Hrastnik,SI-034
Slovenia,SVN,SI,東ヨーロッパ,Hrpelje-Kozina,Hrpelje-Kozina,SI-035
Slovenia,SVN,SI,東ヨーロッパ,Idrija,Idrija,SI-036
Slovenia,SVN,SI,東ヨーロッパ,Ig,Ig,SI-037
Slovenia,SVN,SI,東ヨーロッパ,Ilirska Bistrica,Ilirska Bistrica,SI-038
Slovenia,SVN,SI,東ヨーロッパ,Ivančna Gorica,Ivančna Gorica,SI-039
Slovenia,SVN,SI,東ヨーロッパ,Izola,Izola,SI-040
Slovenia,SVN,SI,東ヨーロッパ,Jesenice,Jesenice,SI-041
Slovenia,SVN,SI,東ヨーロッパ,Juršinci,Juršinci,SI-042
Slovenia,SVN,SI,東ヨーロッパ,Kamnik,Kamnik,SI-043
Slovenia,SVN,SI,東ヨーロッパ,Kanal ob Soči,Kanal ob Soči,SI-044
Slovenia,SVN,SI,東ヨーロッパ,Kidričevo,Kidričevo,SI-045
Slovenia,SVN,SI,東ヨーロッパ,Kobarid,Kobarid,SI-046
Slovenia,SVN,SI,東ヨーロッパ,Kobilje,Kobilje,SI-047
Slovenia,SVN,SI,東ヨーロッパ,Kočevje,Kočevje,SI-048
Slovenia,SVN,SI,東ヨーロッパ,Komen,Komen,SI-049
Slovenia,SVN,SI,東ヨーロッパ,Koper,Koper,SI-050
Slovenia,SVN,SI,東ヨーロッパ,Kozje,Kozje,SI-051
Slovenia,SVN,SI,東ヨーロッパ,Kranj,Kranj,SI-052
Slovenia,SVN,SI,東ヨーロッパ,Kranjska Gora,Kranjska Gora,SI-053
Slovenia,SVN,SI,東ヨーロッパ,Krško,Krško,SI-054
Slovenia,SVN,SI,東ヨーロッパ,Kungota,Kungota,SI-055
Slovenia,SVN,SI,東ヨーロッパ,Kuzma,Kuzma,SI-056
Slovenia,SVN,SI,東ヨーロッパ,Laško,Laško,SI-057
Slovenia,SVN,SI,東ヨーロッパ,Lenart,Lenart,SI-058
Slovenia,SVN,SI,東ヨーロッパ,Lendava,Lendava,SI-059
Slovenia,SVN,SI,東ヨーロッパ,Litija,Litija,SI-060
Slovenia,SVN,SI,東ヨーロッパ,Ljubljana,Ljubljana,SI-061
Slovenia,SVN,SI,東ヨーロッパ,Ljubno,Ljubno,SI-062
Slovenia,SVN,SI,東ヨーロッパ,Ljutomer,Ljutomer,SI-063
Slovenia,SVN,SI,東ヨーロッパ,Logatec,Logatec,SI-064
Slovenia,SVN,SI,東ヨーロッパ,Loška dolina,Loška dolina,SI-065
Slovenia,SVN,SI,東ヨーロッパ,Loški Potok,Loški Potok,SI-066
Slovenia,SVN,SI,東ヨーロッパ,Luče,Luče,SI-067
Slovenia,SVN,SI,東ヨーロッパ,Lukovica,Lukovica,SI-068
Slovenia,SVN,SI,東ヨーロッパ,Majšperk,Majšperk,SI-069
Slovenia,SVN,SI,東ヨーロッパ,Maribor,Maribor,SI-070
Slovenia,SVN,SI,東ヨーロッパ,Medvode,Medvode,SI-071
Slovenia,SVN,SI,東ヨーロッパ,Mengeš,Mengeš,SI-072
Slovenia,SVN,SI,東ヨーロッパ,Metlika,Metlika,SI-073
Slovenia,SVN,SI,東ヨーロッパ,Mežica,Mežica,SI-074
Slovenia,SVN,SI,東ヨーロッパ,Miren-Kostanjevica,Miren-Kostanjevica,SI-075
Slovenia,SVN,SI,東ヨーロッパ,Mislinja,Mislinja,SI-076
Slovenia,SVN,SI,東ヨーロッパ,Moravče,Moravče,SI-077
Slovenia,SVN,SI,東ヨーロッパ,Moravske Toplice,Moravske Toplice,SI-078
Slovenia,SVN,SI,東ヨーロッパ,Mozirje,Mozirje,SI-079
Slovenia,SVN,SI,東ヨーロッパ,Murska Sobota,Murska Sobota,SI-080
Slovenia,SVN,SI,東ヨーロッパ,Muta,Muta,SI-081
Slovenia,SVN,SI,東ヨーロッパ,Naklo,Naklo,SI-082
Slovenia,SVN,SI,東ヨーロッパ,Nazarje,Nazarje,SI-083
Slovenia,SVN,SI,東ヨーロッパ,Nova Gorica,Nova Gorica,SI-084
Slovenia,SVN,SI,東ヨーロッパ,Novo Mesto,Novo Mesto,SI-085
Slovenia,SVN,SI,東ヨーロッパ,Odranci,Odranci,SI-086
Slovenia,SVN,SI,東ヨーロッパ,Ormož,Ormož,SI-087
Slovenia,SVN,SI,東ヨーロッパ,Osilnica,Osilnica,SI-088
Slovenia,SVN,SI,東ヨーロッパ,Pesnica,Pesnica,SI-089
Slovenia,SVN,SI,東ヨーロッパ,Piran,Piran,SI-090
Slovenia,SVN,SI,東ヨーロッパ,Pivka,Pivka,SI-091
Slovenia,SVN,SI,東ヨーロッパ,Podčetrtek,Podčetrtek,SI-092
Slovenia,SVN,SI,東ヨーロッパ,Podvelka,Podvelka,SI-093
Slovenia,SVN,SI,東ヨーロッパ,Postojna,Postojna,SI-094
Slovenia,SVN,SI,東ヨーロッパ,Preddvor,Preddvor,SI-095
Slovenia,SVN,SI,東ヨーロッパ,Ptuj,Ptuj,SI-096
Slovenia,SVN,SI,東ヨーロッパ,Puconci,Puconci,SI-097
Slovenia,SVN,SI,東ヨーロッパ,Rače-Fram,Rače-Fram,SI-098
Slovenia,SVN,SI,東ヨーロッパ,Radeče,Radeče,SI-099
Slovenia,SVN,SI,東ヨーロッパ,Radenci,Radenci,SI-100
Slovenia,SVN,SI,東ヨーロッパ,Radlje ob Dravi,Radlje ob Dravi,SI-101
Slovenia,SVN,SI,東ヨーロッパ,Radovljica,Radovljica,SI-102
Slovenia,SVN,SI,東ヨーロッパ,Ravne na Koroškem,Ravne na Koroškem,SI-103
Slovenia,SVN,SI,東ヨーロッパ,Ribnica,Ribnica,SI-104
Slovenia,SVN,SI,東ヨーロッパ,Rogašovci,Rogašovci,SI-105
Slovenia,SVN,SI,東ヨーロッパ,Rogaška Slatina,Rogaška Slatina,SI-106
Slovenia,SVN,SI,東ヨーロッパ,Rogatec,Rogatec,SI-107
Slovenia,SVN,SI,東ヨーロッパ,Ruše,Ruše,SI-108
Slovenia,SVN,SI,東ヨーロッパ,Semič,Semič,SI-109
Slovenia,SVN,SI,東ヨーロッパ,Sevnica,Sevnica,SI-110
Slovenia,SVN,SI,東ヨーロッパ,Sežana,Sežana,SI-111
Slovenia,SVN,SI,東ヨーロッパ,Slovenj Gradec,Slovenj Gradec,SI-112
Slovenia,SVN,SI,東ヨーロッパ,Slovenska Bistrica,Slovenska Bistrica,SI-113
Slovenia,SVN,SI,東ヨーロッパ,Slovenske Konjice,Slovenske Konjice,SI-114
Slovenia,SVN,SI,東ヨーロッパ,Starše,Starše,SI-115
Slovenia,SVN,SI,東ヨーロッパ,Sveti Jurij ob Ščavnici,Sveti Jurij ob Ščavnici,SI-116
Slovenia,SVN,SI,東ヨーロッパ,Šenčur,Šenčur,SI-117
Slovenia,SVN,SI,東ヨーロッパ,Šentilj,Šentilj,SI-118
Slovenia,SVN,SI,東ヨーロッパ,Šentjernej,Šentjernej,SI-119
Slovenia,SVN,SI,東ヨーロッパ,Šentjur,Šentjur,SI-120
Slovenia,SVN,SI,東ヨーロッパ,Škocjan,Škocjan,SI-121
Slovenia,SVN,SI,東ヨーロッパ,Škofja Loka,Škofja Loka,SI-122
Slovenia,SVN,SI,東ヨーロッパ,Škofljica,Škofljica,SI-123
Slovenia,SVN,SI,東ヨーロッパ,Šmarje pri Jelšah,Šmarje pri Jelšah,SI-124
Slovenia,SVN,SI,東ヨーロッパ,Šmartno ob Paki,Šmartno ob Paki,SI-125
Slovenia,SVN,SI,東ヨーロッパ,Šoštanj,Šoštanj,SI-126
Slovenia,SVN,SI,東ヨーロッパ,Štore,Štore,SI-127
Slovenia,SVN,SI,東ヨーロッパ,Tolmin,Tolmin,SI-128
Slovenia,SVN,SI,東ヨーロッパ,Trbovlje,Trbovlje,SI-129
Slovenia,SVN,SI,東ヨーロッパ,Trebnje,Trebnje,SI-130
Slovenia,SVN,SI,東ヨーロッパ,Tržič,Tržič,SI-131
Slovenia,SVN,SI,東ヨーロッパ,Turnišče,Turnišče,SI-132
Slovenia,SVN,SI,東ヨーロッパ,Velenje,Velenje,SI-133
Slovenia,SVN,SI,東ヨーロッパ,Velike Lašče,Velike Lašče,SI-134
Slovenia,SVN,SI,東ヨーロッパ,Videm,Videm,SI-135
Slovenia,SVN,SI,東ヨーロッパ,Vipava,Vipava,SI-136
Slovenia,SVN,SI,東ヨーロッパ,Vitanje,Vitanje,SI-137
Slovenia,SVN,SI,東ヨーロッパ,Vodice,Vodice,SI-138
Slovenia,SVN,SI,東ヨーロッパ,Vojnik,Vojnik,SI-139
Slovenia,SVN,SI,東ヨーロッパ,Vrhnika,Vrhnika,SI-140
Slovenia,SVN,SI,東ヨーロッパ,Vuzenica,Vuzenica,SI-141
Slovenia,SVN,SI,東ヨーロッパ,Zagorje ob Savi,Zagorje ob Savi,SI-142
Slovenia,SVN,SI,東ヨーロッパ,Zavrč,Zavrč,SI-143
Slovenia,SVN,SI,東ヨーロッパ,Zreče,Zreče,SI-144
Slovenia,SVN,SI,東ヨーロッパ,Železniki,Železniki,SI-146
Slovenia,SVN,SI,東ヨーロッパ,Žiri,Žiri,SI-147
Slovenia,SVN,SI,東ヨーロッパ,Benedikt,Benedikt,SI-148
Slovenia,SVN,SI,東ヨーロッパ,Bistrica ob Sotli,Bistrica ob Sotli,SI-149
Slovenia,SVN,SI,東ヨーロッパ,Bloke,Bloke,SI-150
Slovenia,SVN,SI,東ヨーロッパ,Braslovče,Braslovče,SI-151
Slovenia,SVN,SI,東ヨーロッパ,Cankova,Cankova,SI-152
Slovenia,SVN,SI,東ヨーロッパ,Cerkvenjak,Cerkvenjak,SI-153
Slovenia,SVN,SI,東ヨーロッパ,Dobje,Dobje,SI-154
Slovenia,SVN,SI,東ヨーロッパ,Dobrna,Dobrna,SI-155
Slovenia,SVN,SI,東ヨーロッパ,Dobrovnik,Dobrovnik,SI-156
Slovenia,SVN,SI,東ヨーロッパ,Dolenjske Toplice,Dolenjske Toplice,SI-157
Slovenia,SVN,SI,東ヨーロッパ,Grad,Grad,SI-158
Slovenia,SVN,SI,東ヨーロッパ,Hajdina,Hajdina,SI-159
Slovenia,SVN,SI,東ヨーロッパ,Hoče-Slivnica,Hoče-Slivnica,SI-160
Slovenia,SVN,SI,東ヨーロッパ,Hodoš,Hodoš,SI-161
Slovenia,SVN,SI,東ヨーロッパ,Horjul,Horjul,SI-162
Slovenia,SVN,SI,東ヨーロッパ,Jezersko,Jezersko,SI-163
Slovenia,SVN,SI,東ヨーロッパ,Komenda,Komenda,SI-164
Slovenia,SVN,SI,東ヨーロッパ,Kostel,Kostel,SI-165
Slovenia,SVN,SI,東ヨーロッパ,Križevci,Križevci,SI-166
Slovenia,SVN,SI,東ヨーロッパ,Lovrenc na Pohorju,Lovrenc na Pohorju,SI-167
Slovenia,SVN,SI,東ヨーロッパ,Markovci,Markovci,SI-168
Slovenia,SVN,SI,東ヨーロッパ,Miklavž na Dravskem polju,Miklavž na Dravskem polju,SI-169
Slovenia,SVN,SI,東ヨーロッパ,Mirna Peč,Mirna Peč,SI-170
Slovenia,SVN,SI,東ヨーロッパ,Oplotnica,Oplotnica,SI-171
Slovenia,SVN,SI,東ヨーロッパ,Podlehnik,Podlehnik,SI-172
Slovenia,SVN,SI,東ヨーロッパ,Polzela,Polzela,SI-173
Slovenia,SVN,SI,東ヨーロッパ,Prebold,Prebold,SI-174
Slovenia,SVN,SI,東ヨーロッパ,Prevalje,Prevalje,SI-175
Slovenia,SVN,SI,東ヨーロッパ,Razkrižje,Razkrižje,SI-176
Slovenia,SVN,SI,東ヨーロッパ,Ribnica na Pohorju,Ribnica na Pohorju,SI-177
Slovenia,SVN,SI,東ヨーロッパ,Selnica ob Dravi,Selnica ob Dravi,SI-178
Slovenia,SVN,SI,東ヨーロッパ,Sodražica,Sodražica,SI-179
Slovenia,SVN,SI,東ヨーロッパ,Solčava,Solčava,SI-180
Slovenia,SVN,SI,東ヨーロッパ,Sveta Ana,Sveta Ana,SI-181
Slovenia,SVN,SI,東ヨーロッパ,Sveti Andraž v Slovenskih goricah,Sveti Andraž v Slovenskih goricah,SI-182
Slovenia,SVN,SI,東ヨーロッパ,Šempeter-Vrtojba,Šempeter-Vrtojba,SI-183
Slovenia,SVN,SI,東ヨーロッパ,Tabor,Tabor,SI-184
Slovenia,SVN,SI,東ヨーロッパ,Trnovska Vas,Trnovska Vas,SI-185
Slovenia,SVN,SI,東ヨーロッパ,Trzin,Trzin,SI-186
Slovenia,SVN,SI,東ヨーロッパ,Velika Polana,Velika Polana,SI-187
Slovenia,SVN,SI,東ヨーロッパ,Veržej,Veržej,SI-188
Slovenia,SVN,SI,東ヨーロッパ,Vransko,Vransko,SI-189
Slovenia,SVN,SI,東ヨーロッパ,Žalec,Žalec,SI-190
Slovenia,SVN,SI,東ヨーロッパ,Žetale,Žetale,SI-191
Slovenia,SVN,SI,東ヨーロッパ,Žirovnica,Žirovnica,SI-192
Slovenia,SVN,SI,東ヨーロッパ,Žužemberk,Žužemberk,SI-193
Slovenia,SVN,SI,東ヨーロッパ,Šmartno pri Litiji,Šmartno pri Litiji,SI-194
Slovenia,SVN,SI,東ヨーロッパ,Apače,Apače,SI-195
Slovenia,SVN,SI,東ヨーロッパ,Cirkulane,Cirkulane,SI-196
Slovenia,SVN,SI,東ヨーロッパ,Kostanjevica na Krki,Kostanjevica na Krki,SI-197
Slovenia,SVN,SI,東ヨーロッパ,Makole,Makole,SI-198
Slovenia,SVN,SI,東ヨーロッパ,Mokronog-Trebelno,Mokronog-Trebelno,SI-199
Slovenia,SVN,SI,東ヨーロッパ,Poljčane,Poljčane,SI-200
Slovenia,SVN,SI,東ヨーロッパ,Renče-Vogrsko,Renče-Vogrsko,SI-201
Slovenia,SVN,SI,東ヨーロッパ,Središče ob Dravi,Središče ob Dravi,SI-202
Slovenia,SVN,SI,東ヨーロッパ,Straža,Straža,SI-203
Slovenia,SVN,SI,東ヨーロッパ,Sveta Trojica v Slovenskih goricah,Sveta Trojica v Slovenskih goricah,SI-204
Slovenia,SVN,SI,東ヨーロッパ,Sveti Tomaž,Sveti Tomaž,SI-205
Slovenia,SVN,SI,東ヨーロッパ,Šmarješke Toplice,Šmarješke Toplice,SI-206
Slovenia,SVN,SI,東ヨーロッパ,Gorje,Gorje,SI-207
Slovenia,SVN,SI,東ヨーロッパ,Log-Dragomer,Log-Dragomer,SI-208
Slovenia,SVN,SI,東ヨーロッパ,Rečica ob Savinji,Rečica ob Savinji,SI-209
Slovenia,SVN,SI,東ヨーロッパ,Sveti Jurij v Slovenskih goricah,Sveti Jurij v Slovenskih goricah,SI-210
Slovenia,SVN,SI,東ヨーロッパ,Šentrupert,Šentrupert,SI-211
Slovenia,SVN,SI,東ヨーロッパ,Mirna,Mirna,SI-212
Slovenia,SVN,SI,東ヨーロッパ,Ankaran,Ankaran,SI-213
Slovakia,SVK,SK,東ヨーロッパ,Banská Bystrica,Banskobystrický kraj,SK-BC
Slovakia,SVK,SK,東ヨーロッパ,Bratislava,Bratislavský kraj,SK-BL
Slovakia,SVK,SK,東ヨーロッパ,Košice,Košický kraj,SK-KI
Slovakia,SVK,SK,東ヨーロッパ,Nitra,Nitriansky kraj,SK-NI
Slovakia,SVK,SK,東ヨーロッパ,Prešov,Prešovský kraj,SK-PV
Slovakia,SVK,SK,東ヨーロッパ,Trnava,Trnavský kraj,SK-TA
Slovakia,SVK,SK,東ヨーロッパ,Trenčín,Trenčiansky kraj,SK-TC
Slovakia,SVK,SK,東ヨーロッパ,Žilina,Žilinský kraj,SK-ZI
Sierra Leone,SLE,SL,西アフリカ,Eastern,Eastern,SL-E
Sierra Leone,SLE,SL,西アフリカ,Northern,Northern,SL-N
Sierra Leone,SLE,SL,西アフリカ,North Western,North Western,SL-NW
Sierra Leone,SLE,SL,西アフリカ,Southern,Southern,SL-S
Sierra Leone,SLE,SL,西アフリカ,Western Area (Freetown),Western Area (Freetown),SL-W
Senegal,SEN,SN,西アフリカ,Diourbel,Diourbel,SN-DB
Senegal,SEN,SN,西アフリカ,Dakar,Dakar,SN-DK
Senegal,SEN,SN,西アフリカ,Fatick,Fatick,SN-FK
Senegal,SEN,SN,西アフリカ,Kaffrine,Kaffrine,SN-KA
Senegal,SEN,SN,西アフリカ,Kolda,Kolda,SN-KD
Senegal,SEN,SN,西アフリカ,Kédougou,Kédougou,SN-KE
Senegal,SEN,SN,西アフリカ,Kaolack,Kaolack,SN-KL
Senegal,SEN,SN,西アフリカ,Louga,Louga,SN-LG
Senegal,SEN,SN,西アフリカ,Matam,Matam,SN-MT
Senegal,SEN,SN,西アフリカ,Sédhiou,Sédhiou,SN-SE
Senegal,SEN,SN,西アフリカ,Saint-Louis,Saint-Louis,SN-SL
Senegal,SEN,SN,西アフリカ,Tambacounda,Tambacounda,SN-TC
Senegal,SEN,SN,西アフリカ,Thiès,Thiès,SN-TH
Senegal,SEN,SN,西アフリカ,Ziguinchor,Ziguinchor,SN-ZG
Somalia,SOM,SO,東アフリカ,Awdal,Awdal,SO-AW
Somalia,SOM,SO,東アフリカ,Bakool,Bakool,SO-BK
Somalia,SOM,SO,東アフリカ,Banaadir,Banaadir,SO-BN
Somalia,SOM,SO,東アフリカ,Bari,Bari,SO-BR
Somalia,SOM,SO,東アフリカ,Bay,Bay,SO-BY
Somalia,SOM,SO,東アフリカ,Galguduud,Galguduud,SO-GA
Somalia,SOM,SO,東アフリカ,Gedo,Gedo,SO-GE
Somalia,SOM,SO,東アフリカ,Hiiraan,Hiiraan,SO-HI
Somalia,SOM,SO,東アフリカ,Middle Juba,Jubbada Dhexe,SO-JD
Somalia,SOM,SO,東アフリカ,Lower Juba,Jubbada Hoose,SO-JH
Somalia,SOM,SO,東アフリカ,Mudug,Mudug,SO-MU
Somalia,SOM,SO,東アフリカ,Nugaal,Nugaal,SO-NU
Somalia,SOM,SO,東アフリカ,Sanaag,Sanaag,SO-SA
Somalia,SOM,SO,東アフリカ,Middle Shabelle,Shabeellaha Dhexe,SO-SD
Somalia,SOM,SO,東アフリカ,Lower Shabelle,Shabeellaha Hoose,SO-SH
Somalia,SOM,SO,東アフリカ,Sool,Sool,SO-SO
Somalia,SOM,SO,東アフリカ,Togdheer,Togdheer,SO-TO
Somalia,SOM,SO,東アフリカ,Northwest,Woqooyi Galbeed,SO-WO
Suriname,SUR,SR,南アメリカ,Brokopondo,Brokopondo,SR-BR
Suriname,SUR,SR,南アメリカ,Commewijne,Commewijne,SR-CM
Suriname,SUR,SR,南アメリカ,Coronie,Coronie,SR-CR
Suriname,SUR,SR,南アメリカ,Marowijne,Marowijne,SR-MA
Suriname,SUR,SR,南アメリカ,Nickerie,Nickerie,SR-NI
Suriname,SUR,SR,南アメリカ,Paramaribo,Paramaribo,SR-PM
Suriname,SUR,SR,南アメリカ,Para,Para,SR-PR
Suriname,SUR,SR,南アメリカ,Saramacca,Saramacca,SR-SA
Suriname,SUR,SR,南アメリカ,Sipaliwini,Sipaliwini,SR-SI
Suriname,SUR,SR,南アメリカ,Wanica,Wanica,SR-WA
South Sudan,SSD,SS,東アフリカ,Northern Bahr el Ghazal,Northern Bahr el Ghazal,SS-BN
South Sudan,SSD,SS,東アフリカ,Western Bahr el Ghazal,Western Bahr el Ghazal,SS-BW
South Sudan,SSD,SS,東アフリカ,Central Equatoria,Central Equatoria,SS-EC
South Sudan,SSD,SS,東アフリカ,Eastern Equatoria,Eastern Equatoria,SS-EE
South Sudan,SSD,SS,東アフリカ,Western Equatoria,Western Equatoria,SS-EW
South Sudan,SSD,SS,東アフリカ,Jonglei,Jonglei,SS-JG
South Sudan,SSD,SS,東アフリカ,Lakes,Lakes,SS-LK
South Sudan,SSD,SS,東アフリカ,Upper Nile,Upper Nile,SS-NU
South Sudan,SSD,SS,東アフリカ,Unity,Unity,SS-UY
South Sudan,SSD,SS,東アフリカ,Warrap,Warrap,SS-WR
Sao Tome and Principe,STP,ST,中央アフリカ,Água Grande,Água Grande,ST-01
Sao Tome and Principe,STP,ST,中央アフリカ,Cantagalo,Cantagalo,ST-02
Sao Tome and Principe,STP,ST,中央アフリカ,Caué,Caué,ST-03
Sao Tome and Principe,STP,ST,中央アフリカ,Lembá,Lembá,ST-04
Sao Tome and Principe,STP,ST,中央アフリカ,Lobata,Lobata,ST-05
Sao Tome and Principe,STP,ST,中央アフリカ,Mé-Zóchi,Mé-Zóchi,ST-06
Sao Tome and Principe,STP,ST,中央アフリカ,Príncipe,Príncipe,ST-P
El Salvador,SLV,SV,中央アメリカ,Ahuachapán,Ahuachapán,SV-AH
El Salvador,SLV,SV,中央アメリカ,Cabañas,Cabañas,SV-CA
El Salvador,SLV,SV,中央アメリカ,Chalatenango,Chalatenango,SV-CH
El Salvador,SLV,SV,中央アメリカ,Cuscatlán,Cuscatlán,SV-CU
El Salvador,SLV,SV,中央アメリカ,La Libertad,La Libertad,SV-LI
El Salvador,SLV,SV,中央アメリカ,Morazán,Morazán,SV-MO
El Salvador,SLV,SV,中央アメリカ,La Paz,La Paz,SV-PA
El Salvador,SLV,SV,中央アメリカ,Santa Ana,Santa Ana,SV-SA
El Salvador,SLV,SV,中央アメリカ,San Miguel,San Miguel,SV-SM
El Salvador,SLV,SV,中央アメリカ,Sonsonate,Sonsonate,SV-SO
El Salvador,SLV,SV,中央アメリカ,San Salvador,San Salvador,SV-SS
El Salvador,SLV,SV,中央アメリカ,San Vicente,San Vicente,SV-SV
El Salvador,SLV,SV,中央アメリカ,La Unión,La Unión,SV-UN
El Salvador,SLV,SV,中央アメリカ,Usulután,Usulután,SV-US
Syrian Arab Republic,SYR,SY,中東,Damascus,Dimashq,SY-DI
Syrian Arab Republic,SYR,SY,中東,Daraa,Dar'ā,SY-DR
Syrian Arab Republic,SYR,SY,中東,Deir Ezzor,Dayr az Zawr,SY-DY
Syrian Arab Republic,SYR,SY,中東,Hasaka,Al Ḩasakah,SY-HA
Syrian Arab Republic,SYR,SY,中東,Homs,Ḩimş,SY-HI
Syrian Arab Republic,SYR,SY,中東,Aleppo,Ḩalab,SY-HL
Syrian Arab Republic,SYR,SY,中東,Hama,Ḩamāh,SY-HM
Syrian Arab Republic,SYR,SY,中東,Idlib,Idlib,SY-ID
Syrian Arab Republic,SYR,SY,中東,Latakia,Al Lādhiqīyah,SY-LA
Syrian Arab Republic,SYR,SY,中東,Quneitra,Al Qunayţirah,SY-QU
Syrian Arab Republic,SYR,SY,中東,Raqqa,Ar Raqqah,SY-RA
Syrian Arab Republic,SYR,SY,中東,Damascus Countryside,Rīf Dimashq,SY-RD
Syrian Arab Republic,SYR,SY,中東,Suwayda,As Suwaydā',SY-SU
Syrian Arab Republic,SYR,SY,中東,Tartus,Ţarţūs,SY-TA
Eswatini,SWZ,SZ,南アフリカ,Hhohho,Hhohho,SZ-HH
Eswatini,SWZ,SZ,南アフリカ,Lubombo,Lubombo,SZ-LU
Eswatini,SWZ,SZ,南アフリカ,Manzini,Manzini,SZ-MA
Eswatini,SWZ,SZ,南アフリカ,Shiselweni,Shiselweni,SZ-SH
Chad,TCD,TD,中央アフリカ,Batha,Al Baţḩā’,TD-BA
Chad,TCD,TD,中央アフリカ,Bahr El Gazal,Baḩr al Ghazāl,TD-BG
Chad,TCD,TD,中央アフリカ,Borkou,Būrkū,TD-BO
Chad,TCD,TD,中央アフリカ,Chari-Baguirmi,Shārī Bāqirmī,TD-CB
Chad,TCD,TD,中央アフリカ,East Ennedi,Inīdī ash Sharqī,TD-EE
Chad,TCD,TD,中央アフリカ,West Ennedi,Inīdī al Gharbī,TD-EO
Chad,TCD,TD,中央アフリカ,Guera,Qīrā,TD-GR
Chad,TCD,TD,中央アフリカ,Hadjer Lamis,Ḩajjar Lamīs,TD-HL
Chad,TCD,TD,中央アフリカ,Kanem,Kānim,TD-KA
Chad,TCD,TD,中央アフリカ,Lake,Al Buḩayrah,TD-LC
Chad,TCD,TD,中央アフリカ,Western Logone,Lūghūn al Gharbī,TD-LO
Chad,TCD,TD,中央アフリカ,Eastern Logone,Lūghūn ash Sharqī,TD-LR
Chad,TCD,TD,中央アフリカ,Mandoul,Māndūl,TD-MA
Chad,TCD,TD,中央アフリカ,Middle Chari,Shārī al Awsaţ,TD-MC
Chad,TCD,TD,中央アフリカ,East Mayo-Kebbi,Māyū Kībbī ash Sharqī,TD-ME
Chad,TCD,TD,中央アフリカ,West Mayo-Kebbi,Māyū Kībbī al Gharbī,TD-MO
Chad,TCD,TD,中央アフリカ,N'Djamena City,Madīnat Injamīnā,TD-ND
Chad,TCD,TD,中央アフリカ,Wadai,Waddāy,TD-OD
Chad,TCD,TD,中央アフリカ,Salamat,Salāmāt,TD-SA
Chad,TCD,TD,中央アフリカ,Sila,Sīlā,TD-SI
Chad,TCD,TD,中央アフリカ,Tandjile,Tānjīlī,TD-TA
Chad,TCD,TD,中央アフリカ,Tibesti,Tibastī,TD-TI
Chad,TCD,TD,中央アフリカ,Wadi Fira,Wādī Fīrā’,TD-WF
Togo,TGO,TG,西アフリカ,Central,Centrale,TG-C
Togo,TGO,TG,西アフリカ,Kara,Kara,TG-K
Togo,TGO,TG,西アフリカ,Maritime,Maritime (Région),TG-M
Togo,TGO,TG,西アフリカ,Plateaus,Plateaux,TG-P
Togo,TGO,TG,西アフリカ,Savannahs,Savanes,TG-S
Thailand,THA,TH,東南アジア,Krung Thep Maha Nakhon(local variant: Bangkok),Krung Thep Maha Nakhon(local variant: Bangkok),TH-10
Thailand,THA,TH,東南アジア,Samut Prakan,Samut Prakan,TH-11
Thailand,THA,TH,東南アジア,Nonthaburi,Nonthaburi,TH-12
Thailand,THA,TH,東南アジア,Pathum Thani,Pathum Thani,TH-13
Thailand,THA,TH,東南アジア,Phra Nakhon Si Ayutthaya,Phra Nakhon Si Ayutthaya,TH-14
Thailand,THA,TH,東南アジア,Ang Thong,Ang Thong,TH-15
Thailand,THA,TH,東南アジア,Lop Buri,Lop Buri,TH-16
Thailand,THA,TH,東南アジア,Sing Buri,Sing Buri,TH-17
Thailand,THA,TH,東南アジア,Chai Nat,Chai Nat,TH-18
Thailand,THA,TH,東南アジア,Saraburi,Saraburi,TH-19
Thailand,THA,TH,東南アジア,Chon Buri,Chon Buri,TH-20
Thailand,THA,TH,東南アジア,Rayong,Rayong,TH-21
Thailand,THA,TH,東南アジア,Chanthaburi,Chanthaburi,TH-22
Thailand,THA,TH,東南アジア,Trat,Trat,TH-23
Thailand,THA,TH,東南アジア,Chachoengsao,Chachoengsao,TH-24
Thailand,THA,TH,東南アジア,Prachin Buri,Prachin Buri,TH-25
Thailand,THA,TH,東南アジア,Nakhon Nayok,Nakhon Nayok,TH-26
Thailand,THA,TH,東南アジア,Sa Kaeo,Sa Kaeo,TH-27
Thailand,THA,TH,東南アジア,Nakhon Ratchasima,Nakhon Ratchasima,TH-30
Thailand,THA,TH,東南アジア,Buri Ram,Buri Ram,TH-31
Thailand,THA,TH,東南アジア,Surin,Surin,TH-32
Thailand,THA,TH,東南アジア,Si Sa Ket,Si Sa Ket,TH-33
Thailand,THA,TH,東南アジア,Ubon Ratchathani,Ubon Ratchathani,TH-34
Thailand,THA,TH,東南アジア,Yasothon,Yasothon,TH-35
Thailand,THA,TH,東南アジア,Chaiyaphum,Chaiyaphum,TH-36
Thailand,THA,TH,東南アジア,Amnat Charoen,Amnat Charoen,TH-37
Thailand,THA,TH,東南アジア,Bueng Kan,Bueng Kan,TH-38
Thailand,THA,TH,東南アジア,Nong Bua Lam Phu,Nong Bua Lam Phu,TH-39
Thailand,THA,TH,東南アジア,Khon Kaen,Khon Kaen,TH-40
Thailand,THA,TH,東南アジア,Udon Thani,Udon Thani,TH-41
Thailand,THA,TH,東南アジア,Loei,Loei,TH-42
Thailand,THA,TH,東南アジア,Nong Khai,Nong Khai,TH-43
Thailand,THA,TH,東南アジア,Maha Sarakham,Maha Sarakham,TH-44
Thailand,THA,TH,東南アジア,Roi Et,Roi Et,TH-45
Thailand,THA,TH,東南アジア,Kalasin,Kalasin,TH-46
Thailand,THA,TH,東南アジア,Sakon Nakhon,Sakon Nakhon,TH-47
Thailand,THA,TH,東南アジア,Nakhon Phanom,Nakhon Phanom,TH-48
Thailand,THA,TH,東南アジア,Mukdahan,Mukdahan,TH-49
Thailand,THA,TH,東南アジア,Chiang Mai,Chiang Mai,TH-50
Thailand,THA,TH,東南アジア,Lamphun,Lamphun,TH-51
Thailand,THA,TH,東南アジア,Lampang,Lampang,TH-52
Thailand,THA,TH,東南アジア,Uttaradit,Uttaradit,TH-53
Thailand,THA,TH,東南アジア,Phrae,Phrae,TH-54
Thailand,THA,TH,東南アジア,Nan,Nan,TH-55
Thailand,THA,TH,東南アジア,Phayao,Phayao,TH-56
Thailand,THA,TH,東南アジア,Chiang Rai,Chiang Rai,TH-57
Thailand,THA,TH,東南アジア,Mae Hong Son,Mae Hong Son,TH-58
Thailand,THA,TH,東南アジア,Nakhon Sawan,Nakhon Sawan,TH-60
Thailand,THA,TH,東南アジア,Uthai Thani,Uthai Thani,TH-61
Thailand,THA,TH,東南アジア,Kamphaeng Phet,Kamphaeng Phet,TH-62
Thailand,THA,TH,東南アジア,Tak,Tak,TH-63
Thailand,THA,TH,東南アジア,Sukhothai,Sukhothai,TH-64
Thailand,THA,TH,東南アジア,Phitsanulok,Phitsanulok,TH-65
Thailand,THA,TH,東南アジア,Phichit,Phichit,TH-66
Thailand,THA,TH,東南アジア,Phetchabun,Phetchabun,TH-67
Thailand,THA,TH,東南アジア,Ratchaburi,Ratchaburi,TH-70
Thailand,THA,TH,東南アジア,Kanchanaburi,Kanchanaburi,TH-71
Thailand,THA,TH,東南アジア,Suphan Buri,Suphan Buri,TH-72
Thailand,THA,TH,東南アジア,Nakhon Pathom,Nakhon Pathom,TH-73
Thailand,THA,TH,東南アジア,Samut Sakhon,Samut Sakhon,TH-74
Thailand,THA,TH,東南アジア,Samut Songkhram,Samut Songkhram,TH-75
Thailand,THA,TH,東南アジア,Phetchaburi,Phetchaburi,TH-76
Thailand,THA,TH,東南アジア,Prachuap Khiri Khan,Prachuap Khiri Khan,TH-77
Thailand,THA,TH,東南アジア,Nakhon Si Thammarat,Nakhon Si Thammarat,TH-80
Thailand,THA,TH,東南アジア,Krabi,Krabi,TH-81
Thailand,THA,TH,東南アジア,Phangnga,Phangnga,TH-82
Thailand,THA,TH,東南アジア,Phuket,Phuket,TH-83
Thailand,THA,TH,東南アジア,Surat Thani,Surat Thani,TH-84
Thailand,THA,TH,東南アジア,Ranong,Ranong,TH-85
Thailand,THA,TH,東南アジア,Chumphon,Chumphon,TH-86
Thailand,THA,TH,東南アジア,Songkhla,Songkhla,TH-90
Thailand,THA,TH,東南アジア,Satun,Satun,TH-91
Thailand,THA,TH,東南アジア,Trang,Trang,TH-92
Thailand,THA,TH,東南アジア,Phatthalung,Phatthalung,TH-93
Thailand,THA,TH,東南アジア,Pattani,Pattani,TH-94
Thailand,THA,TH,東南アジア,Yala,Yala,TH-95
Thailand,THA,TH,東南アジア,Narathiwat,Narathiwat,TH-96
Thailand,THA,TH,東南アジア,Phatthaya,Phatthaya,TH-S
Tajikistan,TJK,TJ,中央アジア,Dushanbe,Dushanbe,TJ-DU
Tajikistan,TJK,TJ,中央アジア,Gorno-Badakhshan,Kŭhistoni Badakhshon,TJ-GB
Tajikistan,TJK,TJ,中央アジア,Khatlon,Khatlon,TJ-KT
Tajikistan,TJK,TJ,中央アジア,districts under government jurisdiction,nohiyahoi tobei jumhurí,TJ-RA
Tajikistan,TJK,TJ,中央アジア,Sughd,Sughd,TJ-SU
Timor-Leste,TLS,TL,東南アジア,Aileu,Aileu,TL-AL
Timor-Leste,TLS,TL,東南アジア,Ainaro,Ainaro,TL-AN
Timor-Leste,TLS,TL,東南アジア,Baucau,Baucau,TL-BA
Timor-Leste,TLS,TL,東南アジア,Bobonaro,Bobonaro,TL-BO
Timor-Leste,TLS,TL,東南アジア,Cova Lima,Cova Lima,TL-CO
Timor-Leste,TLS,TL,東南アジア,Díli,Díli,TL-DI
Timor-Leste,TLS,TL,東南アジア,Ermera,Ermera,TL-ER
Timor-Leste,TLS,TL,東南アジア,Lautém,Lautém,TL-LA
Timor-Leste,TLS,TL,東南アジア,Liquiça,Liquiça,TL-LI
Timor-Leste,TLS,TL,東南アジア,Manufahi,Manufahi,TL-MF
Timor-Leste,TLS,TL,東南アジア,Manatuto,Manatuto,TL-MT
Timor-Leste,TLS,TL,東南アジア,Oé-Cusse Ambeno(local variant is Oecussi),Oé-Cusse Ambeno(local variant is Oecussi),TL-OE
Timor-Leste,TLS,TL,東南アジア,Viqueque,Viqueque,TL-VI
Turkmenistan,TKM,TM,中央アジア,Ahal,Ahal,TM-A
Turkmenistan,TKM,TM,中央アジア,Balkan,Balkan,TM-B
Turkmenistan,TKM,TM,中央アジア,Dashoguz,Daşoguz,TM-D
Turkmenistan,TKM,TM,中央アジア,Lebap,Lebap,TM-L
Turkmenistan,TKM,TM,中央アジア,Mary,Mary,TM-M
Turkmenistan,TKM,TM,中央アジア,Ashgabat,Aşgabat,TM-S
Tunisia,TUN,TN,北アフリカ,Tunis,Tunis,TN-11
Tunisia,TUN,TN,北アフリカ,L'Ariana,L'Ariana,TN-12
Tunisia,TUN,TN,北アフリカ,Ben Arous,Ben Arous,TN-13
Tunisia,TUN,TN,北アフリカ,La Manouba,La Manouba,TN-14
Tunisia,TUN,TN,北アフリカ,Nabeul,Nabeul,TN-21
Tunisia,TUN,TN,北アフリカ,Zaghouan,Zaghouan,TN-22
Tunisia,TUN,TN,北アフリカ,Bizerte,Bizerte,TN-23
Tunisia,TUN,TN,北アフリカ,Béja,Béja,TN-31
Tunisia,TUN,TN,北アフリカ,Jendouba,Jendouba,TN-32
Tunisia,TUN,TN,北アフリカ,Le Kef,Le Kef,TN-33
Tunisia,TUN,TN,北アフリカ,Siliana,Siliana,TN-34
Tunisia,TUN,TN,北アフリカ,Kairouan,Kairouan,TN-41
Tunisia,TUN,TN,北アフリカ,Kasserine,Kasserine,TN-42
Tunisia,TUN,TN,北アフリカ,Sidi Bouzid,Sidi Bouzid,TN-43
Tunisia,TUN,TN,北アフリカ,Sousse,Sousse,TN-51
Tunisia,TUN,TN,北アフリカ,Monastir,Monastir,TN-52
Tunisia,TUN,TN,北アフリカ,Mahdia,Mahdia,TN-53
Tunisia,TUN,TN,北アフリカ,Sfax,Sfax,TN-61
Tunisia,TUN,TN,北アフリカ,Gafsa,Gafsa,TN-71
Tunisia,TUN,TN,北アフリカ,Tozeur,Tozeur,TN-72
Tunisia,TUN,TN,北アフリカ,Kébili,Kébili,TN-73
Tunisia,TUN,TN,北アフリカ,Gabès,Gabès,TN-81
Tunisia,TUN,TN,北アフリカ,Médenine,Médenine,TN-82
Tunisia,TUN,TN,北アフリカ,Tataouine,Tataouine,TN-83
Tonga,TON,TO,オセアニア,'Eua,'Eua,TO-01
Tonga,TON,TO,オセアニア,Ha'apai,Ha'apai,TO-02
Tonga,TON,TO,オセアニア,Niuas,Niuas,TO-03
Tonga,TON,TO,オセアニア,Tongatapu,Tongatapu,TO-04
Tonga,TON,TO,オセアニア,Vava'u,Vava'u,TO-05
Turkey,TUR,TR,中東,Adana,Adana,TR-01
Turkey,TUR,TR,中東,Adıyaman,Adıyaman,TR-02
Turkey,TUR,TR,中東,Afyonkarahisar,Afyonkarahisar,TR-03
Turkey,TUR,TR,中東,Ağrı,Ağrı,TR-04
Turkey,TUR,TR,中東,Amasya,Amasya,TR-05
Turkey,TUR,TR,中東,Ankara,Ankara,TR-06
Turkey,TUR,TR,中東,Antalya,Antalya,TR-07
Turkey,TUR,TR,中東,Artvin,Artvin,TR-08
Turkey,TUR,TR,中東,Aydın,Aydın,TR-09
Turkey,TUR,TR,中東,Balıkesir,Balıkesir,TR-10
Turkey,TUR,TR,中東,Bilecik,Bilecik,TR-11
Turkey,TUR,TR,中東,Bingöl,Bingöl,TR-12
Turkey,TUR,TR,中東,Bitlis,Bitlis,TR-13
Turkey,TUR,TR,中東,Bolu,Bolu,TR-14
Turkey,TUR,TR,中東,Burdur,Burdur,TR-15
Turkey,TUR,TR,中東,Bursa,Bursa,TR-16
Turkey,TUR,TR,中東,Çanakkale,Çanakkale,TR-17
Turkey,TUR,TR,中東,Çankırı,Çankırı,TR-18
Turkey,TUR,TR,中東,Çorum,Çorum,TR-19
Turkey,TUR,TR,中東,Denizli,Denizli,TR-20
Turkey,TUR,TR,中東,Diyarbakır,Diyarbakır,TR-21
Turkey,TUR,TR,中東,Edirne,Edirne,TR-22
Turkey,TUR,TR,中東,Elazığ,Elazığ,TR-23
Turkey,TUR,TR,中東,Erzincan,Erzincan,TR-24
Turkey,TUR,TR,中東,Erzurum,Erzurum,TR-25
Turkey,TUR,TR,中東,Eskişehir,Eskişehir,TR-26
Turkey,TUR,TR,中東,Gaziantep,Gaziantep,TR-27
Turkey,TUR,TR,中東,Giresun,Giresun,TR-28
Turkey,TUR,TR,中東,Gümüşhane,Gümüşhane,TR-29
Turkey,TUR,TR,中東,Hakkâri,Hakkâri,TR-30
Turkey,TUR,TR,中東,Hatay,Hatay,TR-31
Turkey,TUR,TR,中東,Isparta,Isparta,TR-32
Turkey,TUR,TR,中東,Mersin,Mersin,TR-33
Turkey,TUR,TR,中東,İstanbul,İstanbul,TR-34
Turkey,TUR,TR,中東,İzmir,İzmir,TR-35
Turkey,TUR,TR,中東,Kars,Kars,TR-36
Turkey,TUR,TR,中東,Kastamonu,Kastamonu,TR-37
Turkey,TUR,TR,中東,Kayseri,Kayseri,TR-38
Turkey,TUR,TR,中東,Kırklareli,Kırklareli,TR-39
Turkey,TUR,TR,中東,Kırşehir,Kırşehir,TR-40
Turkey,TUR,TR,中東,Kocaeli,Kocaeli,TR-41
Turkey,TUR,TR,中東,Konya,Konya,TR-42
Turkey,TUR,TR,中東,Kütahya,Kütahya,TR-43
Turkey,TUR,TR,中東,Malatya,Malatya,TR-44
Turkey,TUR,TR,中東,Manisa,Manisa,TR-45
Turkey,TUR,TR,中東,Kahramanmaraş,Kahramanmaraş,TR-46
Turkey,TUR,TR,中東,Mardin,Mardin,TR-47
Turkey,TUR,TR,中東,Muğla,Muğla,TR-48
Turkey,TUR,TR,中東,Muş,Muş,TR-49
Turkey,TUR,TR,中東,Nevşehir,Nevşehir,TR-50
Turkey,TUR,TR,中東,Niğde,Niğde,TR-51
Turkey,TUR,TR,中東,Ordu,Ordu,TR-52
Turkey,TUR,TR,中東,Rize,Rize,TR-53
Turkey,TUR,TR,中東,Sakarya,Sakarya,TR-54
Turkey,TUR,TR,中東,Samsun,Samsun,TR-55
Turkey,TUR,TR,中東,Siirt,Siirt,TR-56
Turkey,TUR,TR,中東,Sinop,Sinop,TR-57
Turkey,TUR,TR,中東,Sivas,Sivas,TR-58
Turkey,TUR,TR,中東,Tekirdağ,Tekirdağ,TR-59
Turkey,TUR,TR,中東,Tokat,Tokat,TR-60
Turkey,TUR,TR,中東,Trabzon,Trabzon,TR-61
Turkey,TUR,TR,中東,Tunceli,Tunceli,TR-62
Turkey,TUR,TR,中東,Şanlıurfa,Şanlıurfa,TR-63
Turkey,TUR,TR,中東,Uşak,Uşak,TR-64
Turkey,TUR,TR,中東,Van,Van,TR-65
Turkey,TUR,TR,中東,Yozgat,Yozgat,TR-66
Turkey,TUR,TR,中東,Zonguldak,Zonguldak,TR-67
Turkey,TUR,TR,中東,Aksaray,Aksaray,TR-68
Turkey,TUR,TR,中東,Bayburt,Bayburt,TR-69
Turkey,TUR,TR,中東,Karaman,Karaman,TR-70
Turkey,TUR,TR,中東,Kırıkkale,Kırıkkale,TR-71
Turkey,TUR,TR,中東,Batman,Batman,TR-72
Turkey,TUR,TR,中東,Şırnak,Şırnak,TR-73
Turkey,TUR,TR,中東,Bartın,Bartın,TR-74
Turkey,TUR,TR,中東,Ardahan,Ardahan,TR-75
Turkey,TUR,TR,中東,Iğdır,Iğdır,TR-76
Turkey,TUR,TR,中東,Yalova,Yalova,TR-77
Turkey,TUR,TR,中東,Karabük,Karabük,TR-78
Turkey,TUR,TR,中東,Kilis,Kilis,TR-79
Turkey,TUR,TR,中東,Osmaniye,Osmaniye,TR-80
Turkey,TUR,TR,中東,Düzce,Düzce,TR-81
Trinidad and Tobago,TTO,TT,中央アメリカ,Arima,Arima,TT-ARI
Trinidad and Tobago,TTO,TT,中央アメリカ,Chaguanas,Chaguanas,TT-CHA
Trinidad and Tobago,TTO,TT,中央アメリカ,Couva-Tabaquite-Talparo,Couva-Tabaquite-Talparo,TT-CTT
Trinidad and Tobago,TTO,TT,中央アメリカ,Diego Martin,Diego Martin,TT-DMN
Trinidad and Tobago,TTO,TT,中央アメリカ,Mayaro-Rio Claro,Mayaro-Rio Claro,TT-MRC
Trinidad and Tobago,TTO,TT,中央アメリカ,Penal-Debe,Penal-Debe,TT-PED
Trinidad and Tobago,TTO,TT,中央アメリカ,Port of Spain,Port of Spain,TT-POS
Trinidad and Tobago,TTO,TT,中央アメリカ,Princes Town,Princes Town,TT-PRT
Trinidad and Tobago,TTO,TT,中央アメリカ,Point Fortin,Point Fortin,TT-PTF
Trinidad and Tobago,TTO,TT,中央アメリカ,San Fernando,San Fernando,TT-SFO
Trinidad and Tobago,TTO,TT,中央アメリカ,Sangre Grande,Sangre Grande,TT-SGE
Trinidad and Tobago,TTO,TT,中央アメリカ,Siparia,Siparia,TT-SIP
Trinidad and Tobago,TTO,TT,中央アメリカ,San Juan-Laventille,San Juan-Laventille,TT-SJL
Trinidad and Tobago,TTO,TT,中央アメリカ,Tobago,Tobago,TT-TOB
Trinidad and Tobago,TTO,TT,中央アメリカ,Tunapuna-Piarco,Tunapuna-Piarco,TT-TUP
Tuvalu,TUV,TV,オセアニア,Funafuti,Funafuti,TV-FUN
Tuvalu,TUV,TV,オセアニア,Niutao,Niutao,TV-NIT
Tuvalu,TUV,TV,オセアニア,Nukufetau,Nukufetau,TV-NKF
Tuvalu,TUV,TV,オセアニア,Nukulaelae,Nukulaelae,TV-NKL
Tuvalu,TUV,TV,オセアニア,Nanumea,Nanumea,TV-NMA
Tuvalu,TUV,TV,オセアニア,Nanumaga,Nanumaga,TV-NMG
Tuvalu,TUV,TV,オセアニア,Nui,Nui,TV-NUI
Tuvalu,TUV,TV,オセアニア,Vaitupu,Vaitupu,TV-VAI
"Taiwan, Province of China",TWN,TW,東アジア,Changhua,Changhua,TW-CHA
"Taiwan, Province of China",TWN,TW,東アジア,Chiayi,Chiayi,TW-CYI
"Taiwan, Province of China",TWN,TW,東アジア,Chiayi,Chiayi,TW-CYQ
"Taiwan, Province of China",TWN,TW,東アジア,Hsinchu,Hsinchu,TW-HSQ
"Taiwan, Province of China",TWN,TW,東アジア,Hsinchu,Hsinchu,TW-HSZ
"Taiwan, Province of China",TWN,TW,東アジア,Hualien,Hualien,TW-HUA
"Taiwan, Province of China",TWN,TW,東アジア,Yilan,Yilan,TW-ILA
"Taiwan, Province of China",TWN,TW,東アジア,Keelung,Keelung,TW-KEE
"Taiwan, Province of China",TWN,TW,東アジア,Kaohsiung,Kaohsiung,TW-KHH
"Taiwan, Province of China",TWN,TW,東アジア,Kinmen,Kinmen,TW-KIN
"Taiwan, Province of China",TWN,TW,東アジア,Lienchiang,Lienchiang,TW-LIE
"Taiwan, Province of China",TWN,TW,東アジア,Miaoli,Miaoli,TW-MIA
"Taiwan, Province of China",TWN,TW,東アジア,Nantou,Nantou,TW-NAN
"Taiwan, Province of China",TWN,TW,東アジア,New Taipei,New Taipei,TW-NWT
"Taiwan, Province of China",TWN,TW,東アジア,Penghu,Penghu,TW-PEN
"Taiwan, Province of China",TWN,TW,東アジア,Pingtung,Pingtung,TW-PIF
"Taiwan, Province of China",TWN,TW,東アジア,Taoyuan,Taoyuan,TW-TAO
"Taiwan, Province of China",TWN,TW,東アジア,Tainan,Tainan,TW-TNN
"Taiwan, Province of China",TWN,TW,東アジア,Taipei,Taipei,TW-TPE
"Taiwan, Province of China",TWN,TW,東アジア,Taitung,Taitung,TW-TTT
"Taiwan, Province of China",TWN,TW,東アジア,Taichung,Taichung,TW-TXG
"Taiwan, Province of China",TWN,TW,東アジア,Yunlin,Yunlin,TW-YUN
"Tanzania, United Republic of",TZA,TZ,東アフリカ,Arusha,Arusha,TZ-01
"Tanzania, United Republic of",TZA,TZ,東アフリカ,Dar es Salaam,Dar es Salaam,TZ-02
"Tanzania, United Republic of",TZA,TZ,東アフリカ,Dodoma,Dodoma,TZ-03
"Tanzania, United Republic of",TZA,TZ,東アフリカ,Iringa,Iringa,TZ-04
"Tanzania, United Republic of",TZA,TZ,東アフリカ,Kagera,Kagera,TZ-05
"Tanzania, United Republic of",TZA,TZ,東アフリカ,Pemba North,Kaskazini Pemba,TZ-06
"Tanzania, United Republic of",TZA,TZ,東アフリカ,Zanzibar North,Kaskazini Unguja,TZ-07
"Tanzania, United Republic of",TZA,TZ,東アフリカ,Kigoma,Kigoma,TZ-08
"Tanzania, United Republic of",TZA,TZ,東アフリカ,Kilimanjaro,Kilimanjaro,TZ-09
"Tanzania, United Republic of",TZA,TZ,東アフリカ,Pemba South,Kusini Pemba,TZ-10
"Tanzania, United Republic of",TZA,TZ,東アフリカ,Zanzibar South,Kusini Unguja,TZ-11
"Tanzania, United Republic of",TZA,TZ,東アフリカ,Lindi,Lindi,TZ-12
"Tanzania, United Republic of",TZA,TZ,東アフリカ,Mara,Mara,TZ-13
"Tanzania, United Republic of",TZA,TZ,東アフリカ,Mbeya,Mbeya,TZ-14
"Tanzania, United Republic of",TZA,TZ,東アフリカ,Zanzibar West,Mjini Magharibi,TZ-15
"Tanzania, United Republic of",TZA,TZ,東アフリカ,Morogoro,Morogoro,TZ-16
"Tanzania, United Republic of",TZA,TZ,東アフリカ,Mtwara,Mtwara,TZ-17
"Tanzania, United Republic of",TZA,TZ,東アフリカ,Mwanza,Mwanza,TZ-18
"Tanzania, United Republic of",TZA,TZ,東アフリカ,Coast,Pwani,TZ-19
"Tanzania, United Republic of",TZA,TZ,東アフリカ,Rukwa,Rukwa,TZ-20
"Tanzania, United Republic of",TZA,TZ,東アフリカ,Ruvuma,Ruvuma,TZ-21
"Tanzania, United Republic of",TZA,TZ,東アフリカ,Shinyanga,Shinyanga,TZ-22
"Tanzania, United Republic of",TZA,TZ,東アフリカ,Singida,Singida,TZ-23
"Tanzania, United Republic of",TZA,TZ,東アフリカ,Tabora,Tabora,TZ-24
"Tanzania, United Republic of",TZA,TZ,東アフリカ,Tanga,Tanga,TZ-25
"Tanzania, United Republic of",TZA,TZ,東アフリカ,Manyara,Manyara,TZ-26
"Tanzania, United Republic of",TZA,TZ,東アフリカ,Geita,Geita,TZ-27
"Tanzania, United Republic of",TZA,TZ,東アフリカ,Katavi,Katavi,TZ-28
"Tanzania, United Republic of",TZA,TZ,東アフリカ,Njombe,Njombe,TZ-29
"Tanzania, United Republic of",TZA,TZ,東アフリカ,Simiyu,Simiyu,TZ-30
"Tanzania, United Republic of",TZA,TZ,東アフリカ,Songwe,Songwe,TZ-31
Ukraine,UKR,UA,東ヨーロッパ,Vinnytsia,Vinnytska oblast,UA-05
Ukraine,UKR,UA,東ヨーロッパ,Volyn,Volynska oblast,UA-07
Ukraine,UKR,UA,東ヨーロッパ,Luhansk,Luhanska oblast,UA-09
Ukraine,UKR,UA,東ヨーロッパ,Dnipropetrovsk,Dnipropetrovska oblast,UA-12
Ukraine,UKR,UA,東ヨーロッパ,Donetsk,Donetska oblast,UA-14
Ukraine,UKR,UA,東ヨーロッパ,Zhytomyr,Zhytomyrska oblast,UA-18
Ukraine,UKR,UA,東ヨーロッパ,Transcarpathia,Zakarpatska oblast,UA-21
Ukraine,UKR,UA,東ヨーロッパ,Zaporizhzhia,Zaporizka oblast,UA-23
Ukraine,UKR,UA,東ヨーロッパ,Ivano-Frankivsk,Ivano-Frankivska oblast,UA-26
Ukraine,UKR,UA,東ヨーロッパ,Kyiv City,Kyiv,UA-30
Ukraine,UKR,UA,東ヨーロッパ,Kyiv,Kyivska oblast,UA-32
Ukraine,UKR,UA,東ヨーロッパ,Kirovohrad,Kirovohradska oblast,UA-35
Ukraine,UKR,UA,東ヨーロッパ,Sevastopol,Sevastopol,UA-40
Ukraine,UKR,UA,東ヨーロッパ,Crimea,Avtonomna Respublika Krym,UA-43
Ukraine,UKR,UA,東ヨーロッパ,Lviv,Lvivska oblast,UA-46
Ukraine,UKR,UA,東ヨーロッパ,Mykolaiv,Mykolaivska oblast,UA-48
Ukraine,UKR,UA,東ヨーロッパ,Odesa,Odeska oblast,UA-51
Ukraine,UKR,UA,東ヨーロッパ,Poltava,Poltavska oblast,UA-53
Ukraine,UKR,UA,東ヨーロッパ,Rivne,Rivnenska oblast,UA-56
Ukraine,UKR,UA,東ヨーロッパ,Sumy,Sumska oblast,UA-59
Ukraine,UKR,UA,東ヨーロッパ,Ternopil,Ternopilska oblast,UA-61
Ukraine,UKR,UA,東ヨーロッパ,Kharkiv,Kharkivska oblast,UA-63
Ukraine,UKR,UA,東ヨーロッパ,Kherson,Khersonska oblast,UA-65
Ukraine,UKR,UA,東ヨーロッパ,Khmelnytskyi,Khmelnytska oblast,UA-68
Ukraine,UKR,UA,東ヨーロッパ,Cherkasy,Cherkaska oblast,UA-71
Ukraine,UKR,UA,東ヨーロッパ,Chernihiv,Chernihivska oblast,UA-74
Ukraine,UKR,UA,東ヨーロッパ,Chernivtsi,Chernivetska oblast,UA-77
Uganda,UGA,UG,中央アフリカ,Kalangala,Kalangala,UG-101
Uganda,UGA,UG,中央アフリカ,Kampala,Kampala,UG-102
Uganda,UGA,UG,中央アフリカ,Kiboga,Kiboga,UG-103
Uganda,UGA,UG,中央アフリカ,Luwero,Luwero,UG-104
Uganda,UGA,UG,中央アフリカ,Masaka,Masaka,UG-105
Uganda,UGA,UG,中央アフリカ,Mpigi,Mpigi,UG-106
Uganda,UGA,UG,中央アフリカ,Mubende,Mubende,UG-107
Uganda,UGA,UG,中央アフリカ,Mukono,Mukono,UG-108
Uganda,UGA,UG,中央アフリカ,Nakasongola,Nakasongola,UG-109
Uganda,UGA,UG,中央アフリカ,Rakai,Rakai,UG-110
Uganda,UGA,UG,中央アフリカ,Sembabule,Sembabule,UG-111
Uganda,UGA,UG,中央アフリカ,Kayunga,Kayunga,UG-112
Uganda,UGA,UG,中央アフリカ,Wakiso,Wakiso,UG-113
Uganda,UGA,UG,中央アフリカ,Lyantonde,Lyantonde,UG-114
Uganda,UGA,UG,中央アフリカ,Mityana,Mityana,UG-115
Uganda,UGA,UG,中央アフリカ,Nakaseke,Nakaseke,UG-116
Uganda,UGA,UG,中央アフリカ,Buikwe,Buikwe,UG-117
Uganda,UGA,UG,中央アフリカ,Bukomansibi,Bukomansibi,UG-118
Uganda,UGA,UG,中央アフリカ,Butambala,Butambala,UG-119
Uganda,UGA,UG,中央アフリカ,Buvuma,Buvuma,UG-120
Uganda,UGA,UG,中央アフリカ,Gomba,Gomba,UG-121
Uganda,UGA,UG,中央アフリカ,Kalungu,Kalungu,UG-122
Uganda,UGA,UG,中央アフリカ,Kyankwanzi,Kyankwanzi,UG-123
Uganda,UGA,UG,中央アフリカ,Lwengo,Lwengo,UG-124
Uganda,UGA,UG,中央アフリカ,Kyotera,Kyotera,UG-125
Uganda,UGA,UG,中央アフリカ,Kasanda,Kasanda,UG-126
Uganda,UGA,UG,中央アフリカ,Bugiri,Bugiri,UG-201
Uganda,UGA,UG,中央アフリカ,Busia,Busia,UG-202
Uganda,UGA,UG,中央アフリカ,Iganga,Iganga,UG-203
Uganda,UGA,UG,中央アフリカ,Jinja,Jinja,UG-204
Uganda,UGA,UG,中央アフリカ,Kamuli,Kamuli,UG-205
Uganda,UGA,UG,中央アフリカ,Kapchorwa,Kapchorwa,UG-206
Uganda,UGA,UG,中央アフリカ,Katakwi,Katakwi,UG-207
Uganda,UGA,UG,中央アフリカ,Kumi,Kumi,UG-208
Uganda,UGA,UG,中央アフリカ,Mbale,Mbale,UG-209
Uganda,UGA,UG,中央アフリカ,Pallisa,Pallisa,UG-210
Uganda,UGA,UG,中央アフリカ,Soroti,Soroti,UG-211
Uganda,UGA,UG,中央アフリカ,Tororo,Tororo,UG-212
Uganda,UGA,UG,中央アフリカ,Kaberamaido,Kaberamaido,UG-213
Uganda,UGA,UG,中央アフリカ,Mayuge,Mayuge,UG-214
Uganda,UGA,UG,中央アフリカ,Sironko,Sironko,UG-215
Uganda,UGA,UG,中央アフリカ,Amuria,Amuria,UG-216
Uganda,UGA,UG,中央アフリカ,Budaka,Budaka,UG-217
Uganda,UGA,UG,中央アフリカ,Bududa,Bududa,UG-218
Uganda,UGA,UG,中央アフリカ,Bukedea,Bukedea,UG-219
Uganda,UGA,UG,中央アフリカ,Bukwo,Bukwo,UG-220
Uganda,UGA,UG,中央アフリカ,Butaleja,Butaleja,UG-221
Uganda,UGA,UG,中央アフリカ,Kaliro,Kaliro,UG-222
Uganda,UGA,UG,中央アフリカ,Manafwa,Manafwa,UG-223
Uganda,UGA,UG,中央アフリカ,Namutumba,Namutumba,UG-224
Uganda,UGA,UG,中央アフリカ,Bulambuli,Bulambuli,UG-225
Uganda,UGA,UG,中央アフリカ,Buyende,Buyende,UG-226
Uganda,UGA,UG,中央アフリカ,Kibuku,Kibuku,UG-227
Uganda,UGA,UG,中央アフリカ,Kween,Kween,UG-228
Uganda,UGA,UG,中央アフリカ,Luuka,Luuka,UG-229
Uganda,UGA,UG,中央アフリカ,Namayingo,Namayingo,UG-230
Uganda,UGA,UG,中央アフリカ,Ngora,Ngora,UG-231
Uganda,UGA,UG,中央アフリカ,Serere,Serere,UG-232
Uganda,UGA,UG,中央アフリカ,Butebo,Butebo,UG-233
Uganda,UGA,UG,中央アフリカ,Namisindwa,Namisindwa,UG-234
Uganda,UGA,UG,中央アフリカ,Bugweri,Bugweri,UG-235
Uganda,UGA,UG,中央アフリカ,Kapelebyong,Kapelebyong,UG-236
Uganda,UGA,UG,中央アフリカ,Kalaki,Kalaki,UG-237
Uganda,UGA,UG,中央アフリカ,Adjumani,Adjumani,UG-301
Uganda,UGA,UG,中央アフリカ,Apac,Apac,UG-302
Uganda,UGA,UG,中央アフリカ,Arua,Arua,UG-303
Uganda,UGA,UG,中央アフリカ,Gulu,Gulu,UG-304
Uganda,UGA,UG,中央アフリカ,Kitgum,Kitgum,UG-305
Uganda,UGA,UG,中央アフリカ,Kotido,Kotido,UG-306
Uganda,UGA,UG,中央アフリカ,Lira,Lira,UG-307
Uganda,UGA,UG,中央アフリカ,Moroto,Moroto,UG-308
Uganda,UGA,UG,中央アフリカ,Moyo,Moyo,UG-309
Uganda,UGA,UG,中央アフリカ,Nebbi,Nebbi,UG-310
Uganda,UGA,UG,中央アフリカ,Nakapiripirit,Nakapiripirit,UG-311
Uganda,UGA,UG,中央アフリカ,Pader,Pader,UG-312
Uganda,UGA,UG,中央アフリカ,Yumbe,Yumbe,UG-313
Uganda,UGA,UG,中央アフリカ,Abim,Abim,UG-314
Uganda,UGA,UG,中央アフリカ,Amolatar,Amolatar,UG-315
Uganda,UGA,UG,中央アフリカ,Amuru,Amuru,UG-316
Uganda,UGA,UG,中央アフリカ,Dokolo,Dokolo,UG-317
Uganda,UGA,UG,中央アフリカ,Kaabong,Kaabong,UG-318
Uganda,UGA,UG,中央アフリカ,Koboko,Koboko,UG-319
Uganda,UGA,UG,中央アフリカ,Maracha,Maracha,UG-320
Uganda,UGA,UG,中央アフリカ,Oyam,Oyam,UG-321
Uganda,UGA,UG,中央アフリカ,Agago,Agago,UG-322
Uganda,UGA,UG,中央アフリカ,Alebtong,Alebtong,UG-323
Uganda,UGA,UG,中央アフリカ,Amudat,Amudat,UG-324
Uganda,UGA,UG,中央アフリカ,Kole,Kole,UG-325
Uganda,UGA,UG,中央アフリカ,Lamwo,Lamwo,UG-326
Uganda,UGA,UG,中央アフリカ,Napak,Napak,UG-327
Uganda,UGA,UG,中央アフリカ,Nwoya,Nwoya,UG-328
Uganda,UGA,UG,中央アフリカ,Otuke,Otuke,UG-329
Uganda,UGA,UG,中央アフリカ,Zombo,Zombo,UG-330
Uganda,UGA,UG,中央アフリカ,Omoro,Omoro,UG-331
Uganda,UGA,UG,中央アフリカ,Pakwach,Pakwach,UG-332
Uganda,UGA,UG,中央アフリカ,Kwania,Kwania,UG-333
Uganda,UGA,UG,中央アフリカ,Nabilatuk,Nabilatuk,UG-334
Uganda,UGA,UG,中央アフリカ,Karenga,Karenga,UG-335
Uganda,UGA,UG,中央アフリカ,Madi-Okollo,Madi-Okollo,UG-336
Uganda,UGA,UG,中央アフリカ,Obongi,Obongi,UG-337
Uganda,UGA,UG,中央アフリカ,Bundibugyo,Bundibugyo,UG-401
Uganda,UGA,UG,中央アフリカ,Bushenyi,Bushenyi,UG-402
Uganda,UGA,UG,中央アフリカ,Hoima,Hoima,UG-403
Uganda,UGA,UG,中央アフリカ,Kabale,Kabale,UG-404
Uganda,UGA,UG,中央アフリカ,Kabarole,Kabarole,UG-405
Uganda,UGA,UG,中央アフリカ,Kasese,Kasese,UG-406
Uganda,UGA,UG,中央アフリカ,Kibaale,Kibaale,UG-407
Uganda,UGA,UG,中央アフリカ,Kisoro,Kisoro,UG-408
Uganda,UGA,UG,中央アフリカ,Masindi,Masindi,UG-409
Uganda,UGA,UG,中央アフリカ,Mbarara,Mbarara,UG-410
Uganda,UGA,UG,中央アフリカ,Ntungamo,Ntungamo,UG-411
Uganda,UGA,UG,中央アフリカ,Rukungiri,Rukungiri,UG-412
Uganda,UGA,UG,中央アフリカ,Kamwenge,Kamwenge,UG-413
Uganda,UGA,UG,中央アフリカ,Kanungu,Kanungu,UG-414
Uganda,UGA,UG,中央アフリカ,Kyenjojo,Kyenjojo,UG-415
Uganda,UGA,UG,中央アフリカ,Buliisa,Buliisa,UG-416
Uganda,UGA,UG,中央アフリカ,Ibanda,Ibanda,UG-417
Uganda,UGA,UG,中央アフリカ,Isingiro,Isingiro,UG-418
Uganda,UGA,UG,中央アフリカ,Kiruhura,Kiruhura,UG-419
Uganda,UGA,UG,中央アフリカ,Buhweju,Buhweju,UG-420
Uganda,UGA,UG,中央アフリカ,Kiryandongo,Kiryandongo,UG-421
Uganda,UGA,UG,中央アフリカ,Kyegegwa,Kyegegwa,UG-422
Uganda,UGA,UG,中央アフリカ,Mitooma,Mitooma,UG-423
Uganda,UGA,UG,中央アフリカ,Ntoroko,Ntoroko,UG-424
Uganda,UGA,UG,中央アフリカ,Rubirizi,Rubirizi,UG-425
Uganda,UGA,UG,中央アフリカ,Sheema,Sheema,UG-426
Uganda,UGA,UG,中央アフリカ,Kagadi,Kagadi,UG-427
Uganda,UGA,UG,中央アフリカ,Kakumiro,Kakumiro,UG-428
Uganda,UGA,UG,中央アフリカ,Rubanda,Rubanda,UG-429
Uganda,UGA,UG,中央アフリカ,Bunyangabu,Bunyangabu,UG-430
Uganda,UGA,UG,中央アフリカ,Rukiga,Rukiga,UG-431
Uganda,UGA,UG,中央アフリカ,Kikuube,Kikuube,UG-432
Uganda,UGA,UG,中央アフリカ,Kazo,Kazo,UG-433
Uganda,UGA,UG,中央アフリカ,Kitagwenda,Kitagwenda,UG-434
Uganda,UGA,UG,中央アフリカ,Rwampara,Rwampara,UG-435
United States Minor Outlying Islands,UMI,UM,オセアニア,Johnston Atoll,Johnston Atoll,UM-67
United States Minor Outlying Islands,UMI,UM,オセアニア,Midway Islands,Midway Islands,UM-71
United States Minor Outlying Islands,UMI,UM,オセアニア,Navassa Island,Navassa Island,UM-76
United States Minor Outlying Islands,UMI,UM,オセアニア,Wake Island,Wake Island,UM-79
United States Minor Outlying Islands,UMI,UM,オセアニア,Baker Island,Baker Island,UM-81
United States Minor Outlying Islands,UMI,UM,オセアニア,Howland Island,Howland Island,UM-84
United States Minor Outlying Islands,UMI,UM,オセアニア,Jarvis Island,Jarvis Island,UM-86
United States Minor Outlying Islands,UMI,UM,オセアニア,Kingman Reef,Kingman Reef,UM-89
United States Minor Outlying Islands,UMI,UM,オセアニア,Palmyra Atoll,Palmyra Atoll,UM-95
United States of America,USA,US,北アメリカ,Alaska,Alaska,US-AK
United States of America,USA,US,北アメリカ,Alabama,Alabama,US-AL
United States of America,USA,US,北アメリカ,Arkansas,Arkansas,US-AR
United States of America,USA,US,北アメリカ,American Samoa,American Samoa,US-AS
United States of America,USA,US,北アメリカ,Arizona,Arizona,US-AZ
United States of America,USA,US,北アメリカ,California,California,US-CA
United States of America,USA,US,北アメリカ,Colorado,Colorado,US-CO
United States of America,USA,US,北アメリカ,Connecticut,Connecticut,US-CT
United States of America,USA,US,北アメリカ,District of Columbia,District of Columbia,US-DC
United States of America,USA,US,北アメリカ,Delaware,Delaware,US-DE
United States of America,USA,US,北アメリカ,Florida,Florida,US-FL
United States of America,USA,US,北アメリカ,Georgia,Georgia,US-GA
United States of America,USA,US,北アメリカ,Guam,Guam,US-GU
United States of America,USA,US,北アメリカ,Hawaii,Hawaii,US-HI
United States of America,USA,US,北アメリカ,Iowa,Iowa,US-IA
United States of America,USA,US,北アメリカ,Idaho,Idaho,US-ID
United States of America,USA,US,北アメリカ,Illinois,Illinois,US-IL
United States of America,USA,US,北アメリカ,Indiana,Indiana,US-IN
United States of America,USA,US,北アメリカ,Kansas,Kansas,US-KS
United States of America,USA,US,北アメリカ,Kentucky,Kentucky,US-KY
United States of America,USA,US,北アメリカ,Louisiana,Louisiana,US-LA
United States of America,USA,US,北アメリカ,Massachusetts,Massachusetts,US-MA
United States of America,USA,US,北アメリカ,Maryland,Maryland,US-MD
United States of America,USA,US,北アメリカ,Maine,Maine,US-ME
United States of America,USA,US,北アメリカ,Michigan,Michigan,US-MI
United States of America,USA,US,北アメリカ,Minnesota,Minnesota,US-MN
United States of America,USA,US,北アメリカ,Missouri,Missouri,US-MO
United States of America,USA,US,北アメリカ,Northern Mariana Islands,Northern Mariana Islands,US-MP
United States of America,USA,US,北アメリカ,Mississippi,Mississippi,US-MS
United States of America,USA,US,北アメリカ,Montana,Montana,US-MT
United States of America,USA,US,北アメリカ,North Carolina,North Carolina,US-NC
United States of America,USA,US,北アメリカ,North Dakota,North Dakota,US-ND
United States of America,USA,US,北アメリカ,Nebraska,Nebraska,US-NE
United States of America,USA,US,北アメリカ,New Hampshire,New Hampshire,US-NH
United States of America,USA,US,北アメリカ,New Jersey,New Jersey,US-NJ
United States of America,USA,US,北アメリカ,New Mexico,New Mexico,US-NM
United States of America,USA,US,北アメリカ,Nevada,Nevada,US-NV
United States of America,USA,US,北アメリカ,New York,New York,US-NY
United States of America,USA,US,北アメリカ,Ohio,Ohio,US-OH
United States of America,USA,US,北アメリカ,Oklahoma,Oklahoma,US-OK
United States of America,USA,US,北アメリカ,Oregon,Oregon,US-OR
United States of America,USA,US,北アメリカ,Pennsylvania,Pennsylvania,US-PA
United States of America,USA,US,北アメリカ,Puerto Rico,Puerto Rico,US-PR
United States of America,USA,US,北アメリカ,Rhode Island,Rhode Island,US-RI
United States of America,USA,US,北アメリカ,South Carolina,South Carolina,US-SC
United States of America,USA,US,北アメリカ,South Dakota,South Dakota,US-SD
United States of America,USA,US,北アメリカ,Tennessee,Tennessee,US-TN
United States of America,USA,US,北アメリカ,Texas,Texas,US-TX
United States of America,USA,US,北アメリカ,United States Minor Outlying Islands,United States Minor Outlying Islands,US-UM
United States of America,USA,US,北アメリカ,Utah,Utah,US-UT
United States of America,USA,US,北アメリカ,Virginia,Virginia,US-VA
United States of America,USA,US,北アメリカ,"Virgin Islands, U.S.","Virgin Islands, U.S.",US-VI
United States of America,USA,US,北アメリカ,Vermont,Vermont,US-VT
United States of America,USA,US,北アメリカ,Washington,Washington,US-WA
United States of America,USA,US,北アメリカ,Wisconsin,Wisconsin,US-WI
United States of America,USA,US,北アメリカ,West Virginia,West Virginia,US-WV
United States of America,USA,US,北アメリカ,Wyoming,Wyoming,US-WY
Uruguay,URY,UY,南アメリカ,Artigas,Artigas,UY-AR
Uruguay,URY,UY,南アメリカ,Canelones,Canelones,UY-CA
Uruguay,URY,UY,南アメリカ,Cerro Largo,Cerro Largo,UY-CL
Uruguay,URY,UY,南アメリカ,Colonia,Colonia,UY-CO
Uruguay,URY,UY,南アメリカ,Durazno,Durazno,UY-DU
Uruguay,URY,UY,南アメリカ,Florida,Florida,UY-FD
Uruguay,URY,UY,南アメリカ,Flores,Flores,UY-FS
Uruguay,URY,UY,南アメリカ,Lavalleja,Lavalleja,UY-LA
Uruguay,URY,UY,南アメリカ,Maldonado,Maldonado,UY-MA
Uruguay,URY,UY,南アメリカ,Montevideo,Montevideo,UY-MO
Uruguay,URY,UY,南アメリカ,Paysandú,Paysandú,UY-PA
Uruguay,URY,UY,南アメリカ,Río Negro,Río Negro,UY-RN
Uruguay,URY,UY,南アメリカ,Rocha,Rocha,UY-RO
Uruguay,URY,UY,南アメリカ,Rivera,Rivera,UY-RV
Uruguay,URY,UY,南アメリカ,Salto,Salto,UY-SA
Uruguay,URY,UY,南アメリカ,San José,San José,UY-SJ
Uruguay,URY,UY,南アメリカ,Soriano,Soriano,UY-SO
Uruguay,URY,UY,南アメリカ,Tacuarembó,Tacuarembó,UY-TA
Uruguay,URY,UY,南アメリカ,Treinta y Tres,Treinta y Tres,UY-TT
Uzbekistan,UZB,UZ,中央アジア,Andijan,Andijon,UZ-AN
Uzbekistan,UZB,UZ,中央アジア,Bukhara,Buxoro,UZ-BU
Uzbekistan,UZB,UZ,中央アジア,Fergana,Farg‘ona,UZ-FA
Uzbekistan,UZB,UZ,中央アジア,Jizzakh,Jizzax,UZ-JI
Uzbekistan,UZB,UZ,中央アジア,Namangan,Namangan,UZ-NG
Uzbekistan,UZB,UZ,中央アジア,Navoiy,Navoiy,UZ-NW
Uzbekistan,UZB,UZ,中央アジア,Qashqadaryo,Qashqadaryo,UZ-QA
Uzbekistan,UZB,UZ,中央アジア,Karakalpakstan,Qoraqalpog‘iston Respublikasi,UZ-QR
Uzbekistan,UZB,UZ,中央アジア,Samarqand,Samarqand,UZ-SA
Uzbekistan,UZB,UZ,中央アジア,Sirdaryo,Sirdaryo,UZ-SI
Uzbekistan,UZB,UZ,中央アジア,Surkhondaryo,Surxondaryo,UZ-SU
Uzbekistan,UZB,UZ,中央アジア,Tashkent City,Toshkent,UZ-TK
Uzbekistan,UZB,UZ,中央アジア,Tashkent,Toshkent,UZ-TO
Uzbekistan,UZB,UZ,中央アジア,Khorezm,Xorazm,UZ-XO
Saint Vincent and the Grenadines,VCT,VC,中央アメリカ,Charlotte,Charlotte,VC-01
Saint Vincent and the Grenadines,VCT,VC,中央アメリカ,Saint Andrew,Saint Andrew,VC-02
Saint Vincent and the Grenadines,VCT,VC,中央アメリカ,Saint David,Saint David,VC-03
Saint Vincent and the Grenadines,VCT,VC,中央アメリカ,Saint George,Saint George,VC-04
Saint Vincent and the Grenadines,VCT,VC,中央アメリカ,Saint Patrick,Saint Patrick,VC-05
Saint Vincent and the Grenadines,VCT,VC,中央アメリカ,Grenadines,Grenadines,VC-06
Venezuela (Bolivarian Republic of),VEN,VE,南アメリカ,Caracas,Distrito Capital,VE-A
Venezuela (Bolivarian Republic of),VEN,VE,南アメリカ,Anzoategui,Anzoátegui,VE-B
Venezuela (Bolivarian Republic of),VEN,VE,南アメリカ,Apure,Apure,VE-C
Venezuela (Bolivarian Republic of),VEN,VE,南アメリカ,Aragua,Aragua,VE-D
Venezuela (Bolivarian Republic of),VEN,VE,南アメリカ,Barinas,Barinas,VE-E
Venezuela (Bolivarian Republic of),VEN,VE,南アメリカ,Bolivar,Bolívar,VE-F
Venezuela (Bolivarian Republic of),VEN,VE,南アメリカ,Carabobo,Carabobo,VE-G
Venezuela (Bolivarian Republic of),VEN,VE,南アメリカ,Cojedes,Cojedes,VE-H
Venezuela (Bolivarian Republic of),VEN,VE,南アメリカ,Falcon,Falcón,VE-I
Venezuela (Bolivarian Republic of),VEN,VE,南アメリカ,Guarico,Guárico,VE-J
Venezuela (Bolivarian Republic of),VEN,VE,南アメリカ,Lara,Lara,VE-K
Venezuela (Bolivarian Republic of),VEN,VE,南アメリカ,Merida,Mérida,VE-L
Venezuela (Bolivarian Republic of),VEN,VE,南アメリカ,Miranda,Miranda,VE-M
Venezuela (Bolivarian Republic of),VEN,VE,南アメリカ,Monagas,Monagas,VE-N
Venezuela (Bolivarian Republic of),VEN,VE,南アメリカ,New Sparta,Nueva Esparta,VE-O
Venezuela (Bolivarian Republic of),VEN,VE,南アメリカ,Portuguesa,Portuguesa,VE-P
Venezuela (Bolivarian Republic of),VEN,VE,南アメリカ,Sucre,Sucre,VE-R
Venezuela (Bolivarian Republic of),VEN,VE,南アメリカ,Tachira,Táchira,VE-S
Venezuela (Bolivarian Republic of),VEN,VE,南アメリカ,Trujillo,Trujillo,VE-T
Venezuela (Bolivarian Republic of),VEN,VE,南アメリカ,Yaracuy,Yaracuy,VE-U
Venezuela (Bolivarian Republic of),VEN,VE,南アメリカ,Zulia,Zulia,VE-V
Venezuela (Bolivarian Republic of),VEN,VE,南アメリカ,Federal Dependencies,Dependencias Federales,VE-W
Venezuela (Bolivarian Republic of),VEN,VE,南アメリカ,La Guaira,La Guaira,VE-X
Venezuela (Bolivarian Republic of),VEN,VE,南アメリカ,Amacuro Delta,Delta Amacuro,VE-Y
Venezuela (Bolivarian Republic of),VEN,VE,南アメリカ,Amazonia,Amazonas,VE-Z
Viet Nam,VNM,VN,東南アジア,Lai Châu,Lai Châu,VN-01
Viet Nam,VNM,VN,東南アジア,Lào Cai,Lào Cai,VN-02
Viet Nam,VNM,VN,東南アジア,Hà Giang,Hà Giang,VN-03
Viet Nam,VNM,VN,東南アジア,Cao Bằng,Cao Bằng,VN-04
Viet Nam,VNM,VN,東南アジア,Sơn La,Sơn La,VN-05
Viet Nam,VNM,VN,東南アジア,Yên Bái,Yên Bái,VN-06
Viet Nam,VNM,VN,東南アジア,Tuyên Quang,Tuyên Quang,VN-07
Viet Nam,VNM,VN,東南アジア,Lạng Sơn,Lạng Sơn,VN-09
Viet Nam,VNM,VN,東南アジア,Quảng Ninh,Quảng Ninh,VN-13
Viet Nam,VNM,VN,東南アジア,Hòa Bình,Hòa Bình,VN-14
Viet Nam,VNM,VN,東南アジア,Ninh Bình,Ninh Bình,VN-18
Viet Nam,VNM,VN,東南アジア,Thái Bình,Thái Bình,VN-20
Viet Nam,VNM,VN,東南アジア,Thanh Hóa,Thanh Hóa,VN-21
Viet Nam,VNM,VN,東南アジア,Nghệ An,Nghệ An,VN-22
Viet Nam,VNM,VN,東南アジア,Hà Tĩnh,Hà Tĩnh,VN-23
Viet Nam,VNM,VN,東南アジア,Quảng Bình,Quảng Bình,VN-24
Viet Nam,VNM,VN,東南アジア,Quảng Trị,Quảng Trị,VN-25
Viet Nam,VNM,VN,東南アジア,Thừa Thiên-Huế,Thừa Thiên-Huế,VN-26
Viet Nam,VNM,VN,東南アジア,Quảng Nam,Quảng Nam,VN-27
Viet Nam,VNM,VN,東南アジア,Kon Tum,Kon Tum,VN-28
Viet Nam,VNM,VN,東南アジア,Quảng Ngãi,Quảng Ngãi,VN-29
Viet Nam,VNM,VN,東南アジア,Gia Lai,Gia Lai,VN-30
Viet Nam,VNM,VN,東南アジア,Bình Định,Bình Định,VN-31
Viet Nam,VNM,VN,東南アジア,Phú Yên,Phú Yên,VN-32
Viet Nam,VNM,VN,東南アジア,Đắk Lắk,Đắk Lắk,VN-33
Viet Nam,VNM,VN,東南アジア,Khánh Hòa,Khánh Hòa,VN-34
Viet Nam,VNM,VN,東南アジア,Lâm Đồng,Lâm Đồng,VN-35
Viet Nam,VNM,VN,東南アジア,Ninh Thuận,Ninh Thuận,VN-36
Viet Nam,VNM,VN,東南アジア,Tây Ninh,Tây Ninh,VN-37
Viet Nam,VNM,VN,東南アジア,Đồng Nai,Đồng Nai,VN-39
Viet Nam,VNM,VN,東南アジア,Bình Thuận,Bình Thuận,VN-40
Viet Nam,VNM,VN,東南アジア,Long An,Long An,VN-41
Viet Nam,VNM,VN,東南アジア,Bà Rịa - Vũng Tàu,Bà Rịa - Vũng Tàu,VN-43
Viet Nam,VNM,VN,東南アジア,An Giang,An Giang,VN-44
Viet Nam,VNM,VN,東南アジア,Đồng Tháp,Đồng Tháp,VN-45
Viet Nam,VNM,VN,東南アジア,Tiền Giang,Tiền Giang,VN-46
Viet Nam,VNM,VN,東南アジア,Kiến Giang,Kiến Giang,VN-47
Viet Nam,VNM,VN,東南アジア,Vĩnh Long,Vĩnh Long,VN-49
Viet Nam,VNM,VN,東南アジア,Bến Tre,Bến Tre,VN-50
Viet Nam,VNM,VN,東南アジア,Trà Vinh,Trà Vinh,VN-51
Viet Nam,VNM,VN,東南アジア,Sóc Trăng,Sóc Trăng,VN-52
Viet Nam,VNM,VN,東南アジア,Bắc Kạn,Bắc Kạn,VN-53
Viet Nam,VNM,VN,東南アジア,Bắc Giang,Bắc Giang,VN-54
Viet Nam,VNM,VN,東南アジア,Bạc Liêu,Bạc Liêu,VN-55
Viet Nam,VNM,VN,東南アジア,Bắc Ninh,Bắc Ninh,VN-56
Viet Nam,VNM,VN,東南アジア,Bình Dương,Bình Dương,VN-57
Viet Nam,VNM,VN,東南アジア,Bình Phước,Bình Phước,VN-58
Viet Nam,VNM,VN,東南アジア,Cà Mau,Cà Mau,VN-59
Viet Nam,VNM,VN,東南アジア,Hải Dương,Hải Dương,VN-61
Viet Nam,VNM,VN,東南アジア,Hà Nam,Hà Nam,VN-63
Viet Nam,VNM,VN,東南アジア,Hưng Yên,Hưng Yên,VN-66
Viet Nam,VNM,VN,東南アジア,Nam Định,Nam Định,VN-67
Viet Nam,VNM,VN,東南アジア,Phú Thọ,Phú Thọ,VN-68
Viet Nam,VNM,VN,東南アジア,Thái Nguyên,Thái Nguyên,VN-69
Viet Nam,VNM,VN,東南アジア,Vĩnh Phúc,Vĩnh Phúc,VN-70
Viet Nam,VNM,VN,東南アジア,Điện Biên,Điện Biên,VN-71
Viet Nam,VNM,VN,東南アジア,Đắk Nông,Đắk Nông,VN-72
Viet Nam,VNM,VN,東南アジア,Hậu Giang,Hậu Giang,VN-73
Viet Nam,VNM,VN,東南アジア,Cần Thơ,Cần Thơ,VN-CT
Viet Nam,VNM,VN,東南アジア,Đà Nẵng,Đà Nẵng,VN-DN
Viet Nam,VNM,VN,東南アジア,Hà Nội,Hà Nội,VN-HN
Viet Nam,VNM,VN,東南アジア,Hải Phòng,Hải Phòng,VN-HP
Viet Nam,VNM,VN,東南アジア,Hồ Chí Minh(local variant is Sai Gon),Hồ Chí Minh(local variant is Sai Gon),VN-SG
Vanuatu,VUT,VU,オセアニア,Malampa,Malampa,VU-MAP
Vanuatu,VUT,VU,オセアニア,Pénama,Pénama,VU-PAM
Vanuatu,VUT,VU,オセアニア,Sanma,Sanma,VU-SAM
Vanuatu,VUT,VU,オセアニア,Shéfa,Shéfa,VU-SEE
Vanuatu,VUT,VU,オセアニア,Taféa,Taféa,VU-TAE
Vanuatu,VUT,VU,オセアニア,Torba,Torba,VU-TOB
Wallis and Futuna,WLF,WF,オセアニア,Alo,Alo,WF-AL
Wallis and Futuna,WLF,WF,オセアニア,Sigave,Sigave,WF-SG
Wallis and Futuna,WLF,WF,オセアニア,Uvea,Uvea,WF-UV
Samoa,WSM,WS,オセアニア,A'ana,A'ana,WS-AA
Samoa,WSM,WS,オセアニア,Aiga-i-le-Tai,Aiga-i-le-Tai,WS-AL
Samoa,WSM,WS,オセアニア,Atua,Atua,WS-AT
Samoa,WSM,WS,オセアニア,Fa'asaleleaga,Fa'asaleleaga,WS-FA
Samoa,WSM,WS,オセアニア,Gaga'emauga,Gaga'emauga,WS-GE
Samoa,WSM,WS,オセアニア,Gagaifomauga,Gagaifomauga,WS-GI
Samoa,WSM,WS,オセアニア,Palauli,Palauli,WS-PA
Samoa,WSM,WS,オセアニア,Satupa'itea,Satupa'itea,WS-SA
Samoa,WSM,WS,オセアニア,Tuamasaga,Tuamasaga,WS-TU
Samoa,WSM,WS,オセアニア,Va'a-o-Fonoti,Va'a-o-Fonoti,WS-VF
Samoa,WSM,WS,オセアニア,Vaisigano,Vaisigano,WS-VS
Yemen,YEM,YE,中東,Abyan,Abyan,YE-AB
Yemen,YEM,YE,中東,Aden,‘Adan,YE-AD
Yemen,YEM,YE,中東,Amran,‘Amrān,YE-AM
Yemen,YEM,YE,中東,Beida,Al Bayḑā’,YE-BA
Yemen,YEM,YE,中東,Dhale,Aḑ Ḑāli‘,YE-DA
Yemen,YEM,YE,中東,Dhamar,Dhamār,YE-DH
Yemen,YEM,YE,中東,Hadhramaut,Ḩaḑramawt,YE-HD
Yemen,YEM,YE,中東,Hajjah,Ḩajjah,YE-HJ
Yemen,YEM,YE,中東,Western Coast,Al Ḩudaydah,YE-HU
Yemen,YEM,YE,中東,Ibb,Ibb,YE-IB
Yemen,YEM,YE,中東,Jouf,Al Jawf,YE-JA
Yemen,YEM,YE,中東,Lahij,Laḩij,YE-LA
Yemen,YEM,YE,中東,Marib,Ma’rib,YE-MA
Yemen,YEM,YE,中東,Mahra,Al Mahrah,YE-MR
Yemen,YEM,YE,中東,Mahwit,Al Maḩwīt,YE-MW
Yemen,YEM,YE,中東,Raymah,Raymah,YE-RA
Yemen,YEM,YE,中東,Sanaa City,Amānat al ‘Āşimah [city],YE-SA
Yemen,YEM,YE,中東,Saada,Şāʻdah,YE-SD
Yemen,YEM,YE,中東,Shabwah,Shabwah,YE-SH
Yemen,YEM,YE,中東,Sanaa,Şanʻā’,YE-SN
Yemen,YEM,YE,中東,Socotra,Arkhabīl Suquţrá,YE-SU
Yemen,YEM,YE,中東,Taiz,Tāʻizz,YE-TA
South Africa,ZAF,ZA,南アフリカ,Eastern Cape,Eastern Cape,ZA-EC
South Africa,ZAF,ZA,南アフリカ,Free State,Free State,ZA-FS
South Africa,ZAF,ZA,南アフリカ,Gauteng,Gauteng,ZA-GP
South Africa,ZAF,ZA,南アフリカ,Kwazulu-Natal,Kwazulu-Natal,ZA-KZN
South Africa,ZAF,ZA,南アフリカ,Limpopo,Limpopo,ZA-LP
South Africa,ZAF,ZA,南アフリカ,Mpumalanga,Mpumalanga,ZA-MP
South Africa,ZAF,ZA,南アフリカ,Northern Cape,Northern Cape,ZA-NC
South Africa,ZAF,ZA,南アフリカ,North-West,North-West,ZA-NW
South Africa,ZAF,ZA,南アフリカ,Western Cape,Western Cape,ZA-WC
Zambia,ZMB,ZM,南アフリカ,Western,Western,ZM-01
Zambia,ZMB,ZM,南アフリカ,Central,Central,ZM-02
Zambia,ZMB,ZM,南アフリカ,Eastern,Eastern,ZM-03
Zambia,ZMB,ZM,南アフリカ,Luapula,Luapula,ZM-04
Zambia,ZMB,ZM,南アフリカ,Northern,Northern,ZM-05
Zambia,ZMB,ZM,南アフリカ,North-Western,North-Western,ZM-06
Zambia,ZMB,ZM,南アフリカ,Southern,Southern,ZM-07
Zambia,ZMB,ZM,南アフリカ,Copperbelt,Copperbelt,ZM-08
Zambia,ZMB,ZM,南アフリカ,Lusaka,Lusaka,ZM-09
Zambia,ZMB,ZM,南アフリカ,Muchinga,Muchinga,ZM-10
Zimbabwe,ZWE,ZW,南アフリカ,Bulawayo,Bulawayo,ZW-BU
Zimbabwe,ZWE,ZW,南アフリカ,Harare,Harare,ZW-HA
Zimbabwe,ZWE,ZW,南アフリカ,Manicaland,Manicaland,ZW-MA
Zimbabwe,ZWE,ZW,南アフリカ,Mashonaland Central,Mashonaland Central,ZW-MC
Zimbabwe,ZWE,ZW,南アフリカ,Mashonaland East,Mashonaland East,ZW-ME
Zimbabwe,ZWE,ZW,南アフリカ,Midlands,Midlands,ZW-MI
Zimbabwe,ZWE,ZW,南アフリカ,Matabeleland North,Matabeleland North,ZW-MN
Zimbabwe,ZWE,ZW,南アフリカ,Matabeleland South,Matabeleland South,ZW-MS
Zimbabwe,ZWE,ZW,南アフリカ,Masvingo,Masvingo,ZW-MV
Zimbabwe,ZWE,ZW,南アフリカ,Mashonaland West,Mashonaland West,ZW-MW
